volume	scan	bytes	sha256
bsb11762465	1	501	7f5c63ad1ec0f8c8583808314e11f3eff7c6b261bd4ac19a5d12113eb9eecb36
bsb11762465	2	1376	0f0e75c2b2b8877326f0bb3d0fa9e142893b93d7fa9123041ef46ea4c6d9d236
bsb11762465	3	11608	61ee228b861cc278e695d7c9ac5b77b2920ebc2e6b6d2b06daa186d3c2534f8f
bsb11762465	4	1202	2c12306ca37577e01f38c23492816233b5d2c1a846f897b43262fcb0235f86a9
bsb11762465	5	13126	8f6994227db4369fcdcb98919f34593d09bec378b020a3421f9af6fe657c9391
bsb11762465	6	16289	00b93b0a2854e0eaad121ce705ec69eff9a7ca46c3a6c97420ba9a0cc89a2d45
bsb11762465	7	17049	9cc8c20c98691497914ff83e672f415810b7d73ac1b1cd6bc7e9ff02c40ea617
bsb11762465	8	18109	3f71a00b69f23b18a9934a221117f9e213bf7b3a9962d5c38cddcf54adc60c0f
bsb11762465	9	16731	d4524233645c5911c5511c9cff1a4d892790841f7c3b09513fc1780a6d5712de
bsb11762465	10	7459	7014347c952e5293ca052742b1764a4e4456488687a3ad407d90aed5fd67c8a6
bsb11762465	11	40882	a8b1ffa22dbda3e74192dc93af3cc5f3f6ca7b141d0f63858dd126ea49e2152d
bsb11762465	12	46295	cb7ac0622d26dd43eb2b17d95dc5f5db38aa191c264ca084593e3efe26657772
bsb11762465	13	43179	1c651a5e3bbedfc91de6fa1d5c540ba94eefddaf0704ea8b3741e07ec106f530
bsb11762465	14	47966	77456cea0378a329001110d9e4f2cb9d04a0602f3469d561209720b0a8ed7aea
bsb11762465	15	42261	e9cc7b460ba577cb183c89dc8dc8a80488dc6b3e79702b0ae47041e331b492c5
bsb11762465	16	46665	bc3ed388c617ba24c106bd88161322bb6ba8a4022a2c478631e011781b5c0d71
bsb11762465	17	46716	2f707ed398b07abc7d5b3e900b607307e1ba5fbe3176f9349a164ca6b4c78706
bsb11762465	18	45896	a0c31ba1f2d625987e7baf9002f791888b96bf3facf98bd30beb719c769d4608
bsb11762465	19	44126	49d566029574d075ef4fbd02dbb7eba99fd463c1c04ae37f4d08361f1927dc9c
bsb11762465	20	43166	5e95c9e78b9600235df63dc7ef5945d03a78585b49746102d11f40f87eacf1e9
bsb11762465	21	46032	5aa62bbbf2cd127b23894ddf083184c5dd13c84e04ad7f6bf20cae17f7c4d67a
bsb11762465	22	45037	fbbd5a44bfa474dca20bf7d70a39d3b74658ee87bec887cf277d08e49852931f
bsb11762465	23	47783	7201c4c7be99c1541a5e3af26d1596d69702123d107555cc7d539096841dfeab
bsb11762465	24	46538	13566762fc9e68947010fd3df5474d9b48d7dd2c05cb6127ea8613521b7533c3
bsb11762465	25	47905	8bbbf099a7c0e736e1c565660d2b6049cd367baf2b89c20ef1cbc1e666212517
bsb11762465	26	46242	e4566ae0093bb35cadd6fad83d78692b076be306c51d3658372bfb0737b51bf4
bsb11762465	27	45308	49bc7d04163e0d317c2ee55a7efa108bffb673f11a24efbd1ec28afeac772c0e
bsb11762465	28	44867	c294454bac0f97ffb6049a39cb00d86a4080126c74977820fa987f3f85f6d90c
bsb11762465	29	45095	1213a827eb09f654b0798857a1203fcdb9903f6931c147252ba63f40b0956677
bsb11762465	30	44209	5711a43a66126316230092a7cd1b39c6e6c94456bd0ea6b59c038dd37b71d8d1
bsb11762465	31	44634	e142251992660e91d2c6ee999f97b4138347786686bade85d33fecc947c2a26a
bsb11762465	32	46516	6dd9a96c0eadf5410ab3bb47cde575144d859c78472d90984cefc01aa292d950
bsb11762465	33	47317	fffa92790ae6dfc62f5c511c228a9d44deac1ca212a563047868bb15c58b78dc
bsb11762465	34	44664	b3ccfbe4de3df9be62cc2362c907782c6ed80d5fd38fbadf4c3dea8eb13062a4
bsb11762465	35	42931	1a1d8162003364b347a5717907b198913b0ed6dc8ea7f8e944071a3619596511
bsb11762465	36	41071	4e55670b7b00ffca1f8134323f694b995f1b274b46c408eb696c415795db4242
bsb11762465	37	44816	e5869a8d413996b5b85cd3b6e34aa47369f76b41f5a2045a065ee1a161bf2478
bsb11762465	38	43914	3a58d1d9414330adebd19cab72ff206568d99ba0c193e8882fb85549b78f6c25
bsb11762465	39	45941	a0e8befca2c071f2bd76be3c366a3ac6d6db9d25716d9d6a1190fd64bd78a206
bsb11762465	40	45737	6c06ea4afd2da99f4b7f803c8168f1fdbdf9354f2e432760bb750032e17a30a8
bsb11762465	41	43433	a5c2843910f8354878a4db9395d0bc5f306b361862ef890ce2c7d5309c0b264b
bsb11762465	42	46861	42c261dc72919cf6cb5a541bc283a03a185117657b71cce0a05c8a572b4de345
bsb11762465	43	56262	29f6eb4871f311ab4e5e87c15f1bb5952da93056fc4ecd867c9fa6d9de5e50ae
bsb11762465	44	44724	c25449e39f6d46a43637ef814b33d76bc353ce47dda928bfdf947a1562118c84
bsb11762465	45	35886	b78d96e8e47991454d6eeb3f9698bddab75ebc01cc79b4d6b237d843f2076a68
bsb11762465	46	36533	b1a1b37a53dd7d59b43231f46aa9d7ccc557c1110def65e7489883e5601da9e9
bsb11762465	47	36628	977730b0d0325b75024541cef55db86e5f45a298c4f9531aa3b9d72b941c5447
bsb11762465	48	27553	e5d8b39c12bbcfe3f474269ac8f7f8eb29b423a33345424389a8acbfce531b95
bsb11762465	49	442	2ab849cacb3e1f452a2e2409bbdbf7d690ec6085b5c966fd9bcb5948de71c4d0
bsb11762465	50	442	db7ebaade7a72252697aff8aaf4f85cf012918c89171698ceee2e2c097e32a36
bsb11762465	51	30914	a0f5c1d3f8412f43c72b0478e50883dc6be5d2367e0c674f32866bf6ee7708c5
bsb11762465	52	32727	fb7df4a4feb9cd47fd8357a29be4a9ced4ffb95505006f3a52317f75fdc0448d
bsb11762465	53	33829	d8e13786a608c6debfcfd45d5881e55f3fbdde5cbce1ba3d63d8f5c5277356aa
bsb11762465	54	14274	cdf52ef0d86e2d5728dd3b66865ec4d7b48a63c0e3fd34ed3df0d0d47fb1b138
bsb11762465	55	34854	8822eda98e0661fa2c34377e98051958bb840fbe8bed3ecfb444e5912001a405
bsb11762465	56	35367	99f7c33bfbd7b8996f379fe232837e1c4d6c30cce17a6d54c3b71c440d3bd03d
bsb11762465	57	35319	4b75b5e00fac46e2364a3127676d7c4dc273c5b84efcccb19600a64981b69096
bsb11762465	58	32025	25217a63466377998b79f4d590b69a4c7a05c95307c11576cd8882714da28a64
bsb11762465	59	38330	f43417d89041c02691690555a682a378f01717fa0ffd6ae36fb9afb560276ad7
bsb11762465	60	39239	a655e20a61cd4c89bf2261f83344e778869890ef9a3775e96bc079da7d6ec36c
bsb11762465	61	34282	215a5f27c7b48d228823273b460d4d23aab801758a42e7e36e209cbee720332b
bsb11762465	62	36034	da89c4d78dd58cb40e613b54fd1cb0d8786f83c54afa3d8837212eb889550588
bsb11762465	63	37178	1c32d09e1b3dc1b5f24e0473c8755f5821946eaf3b46015a52757a9fe059ea74
bsb11762465	64	37407	94beb0b14bc06151ba31128e0ecd797997f78750e77fda1b859dc46d914608d4
bsb11762465	65	35734	7ec5a80cd946332580de619fa77d855aa4331d44697d3ff24f3e37c785776977
bsb11762465	66	36202	d1291688d0cc63281b84e782eb948947d042fd929e1309c889fd8a752d0d2697
bsb11762465	67	36798	5497d5c66f0a1a4e1a625eb07e3dad37ca38896b76ad068eb953ccdf17c21fb2
bsb11762465	68	37386	ec681816724c65b6da11906c93b4d63b06a7ab77d0b70284b46ce228c468116c
bsb11762465	69	36805	e3399c100ff65bdbbb92bce839760a202f2ef7e85074182f93828c5f2cbd062d
bsb11762465	70	37104	e9ceec21d294173d159f40502e747c01ee9b29dff1d6a41e20a10d9da8f8fb83
bsb11762465	71	34980	3fc917956b093d5d08ea554874a03f57cea2615c9d4c70e7795f313e6facc478
bsb11762465	72	35747	d4b767a5bc6c609a40acc80b2198d9549ff263372be6e5780a043e3e68a584b4
bsb11762465	73	35369	6244f28146ccd5110530cec510c0287745ccbe4f9a0b33341ddc38f8aa69c19c
bsb11762465	74	33720	24b0a799315224546ca7b55992bdfc951d00a3e664b91b3ca44dffad1c627cfe
bsb11762465	75	35224	1a0afd6f2c0d344278a15e97e1c4ab38534b491626b9f3a2ea2a8b880830bfb3
bsb11762465	76	35987	7f658d660297ca5d343fe86830a93ec6a369887d7634016887507efe28c41fb9
bsb11762465	77	32473	a2fba4cbf870f742b57b01e0216793d028bbd14b79c2e93ee839141c7efd2571
bsb11762465	78	35496	8a4ea60f76ea6f4bd5b04c1a18475a898b8ab26db666871b86a062833525d007
bsb11762465	79	30975	26b7720145d6595a715782dbc2adafffbb9b246175d6e6b1c0684d7b9ef52cb7
bsb11762465	80	32305	281ec553636983c9a042a6f05945efd690f9787b1424d27db2e00ede2480e80a
bsb11762465	81	31956	6eccd90bd0eee894c046761b017beec28f19542a22f1386f62c934ebce26f7bd
bsb11762465	82	36715	4339290e60bb8da3d74798c680cd37cca9767b8497e75e10b7770d88e0186846
bsb11762465	83	37673	6f9d4ad2be0b4a7ffd7604afc591acb2546da21e2ce67a74e435e9c1c4caea0d
bsb11762465	84	32244	153d5443a49631c7ff4d2fa50ead63e374d3209c49e3622a88e22b446da036de
bsb11762465	85	37473	138658dc3bbb934407b028bbc4a67ff7d0b51d6f6249321a0648ea8d1f745b67
bsb11762465	86	35616	c5202eb5be4974291656e1259954e86a5109be2544ace2b505d79574aa411a1c
bsb11762465	87	35327	d9fabf22f08b789567f3608301d43d07dc03cd24b7a0cad33973691a8f2ad4ff
bsb11762465	88	32086	631199e20f2fb9455a4f7df16413783bd0b388a4b607bf87976644c601331c96
bsb11762465	89	32416	7a5c5706be62d2bfc8c7c2641d228ad9ed3964f0da05932b65f04ebc570e70cb
bsb11762465	90	32209	391a13d244335bedc040ef5038552432ffbb5da16368fda9fc7356d6cb744c7b
bsb11762465	91	33345	ba2f329c435ebf8194e391ce42050bd19f4b404ab32293d6d3397664159864a1
bsb11762465	92	36508	725f0122da577492789b3e17f740f582c24a0363da5d183968870a68055434d7
bsb11762465	93	33081	0dda64c665e1672855e5d1244eac922a4f8aa5d1e90e9362845cbe736d2cd765
bsb11762465	94	35177	e2a5671bc6676bc2e8f2e0f97858219dd8e039d0b4ffc5ec638c44b57b923799
bsb11762465	95	33720	ab6f4b6d52373409dc187daa0b47dc56c1b036f34a8294efee6d44f7bc3b9936
bsb11762465	96	33272	27db11efc4c2fbfce43987954728d518af658f5bbf3c8c0ea40e36a1217b3de2
bsb11762465	97	38570	a47547a335590c277988c0b9479f90eed141e2568f30b7a54754f3737b04869d
bsb11762465	98	33424	a5e9ac247e64e18918231386f0f36c05049bbe9146cc7b8665e177132b8377e2
bsb11762465	99	34378	3cc2f540419f023f8354612a0bfd3091b96d98de6ac334c23762f9d0411ad436
bsb11762465	100	36499	d230bbc48c446db3a2c5ec122783dd1f630187531aff0dba7d69d27c394b5eeb
bsb11762465	101	34160	4685064898b39fb07c2c43da3838ab131bb0438044e441a0111adc80882ec917
bsb11762465	102	34494	ad984433e0d532fc3b79b00e44b4903253ce5c49687f22f7cec19e3173a1540b
bsb11762465	103	37830	f70bf1d234a0401ff31ca1e17e2015d99b3be3f28653ea3fa68c51108eefbce1
bsb11762465	104	30612	66d078ac7acdc933988e202603a41ed8c8412b5b2be2bf6d5aba4a647a838386
bsb11762465	105	34706	9771c04a4ea02683cdcc0eb4918f26eccb1a3361ff1de0326548f51fb4f8ad58
bsb11762465	106	35510	77284c9b9de507fcb684718ba3e41c1f020f4dff9414987113004493e43a73d6
bsb11762465	107	34747	d31df9b8d61b68bcb72a9f4c366c718de073b1d8fb6a712ebdc706a2a40f37ee
bsb11762465	108	32016	040a1d12669bd937f76284fc184984152bfce5afd2eb0b4b32cd1c43f362cbbe
bsb11762465	109	29340	16daa576b270ec6016158ee96b0fccf9c7e03399307b5da1a8ef8ff20d4d2c43
bsb11762465	110	33473	7a8e244cb03c64be35538cb4c62e888376af991541d53677742de2303c793d95
bsb11762465	111	36005	319f016d17088602ef10b6ba47485754db4d1da88e9dc35bef5bef9e2d32f70b
bsb11762465	112	35059	f11436e0e2191d96a8286c7bed0587c961debfb5b8758892314f2a9c5c7dd598
bsb11762465	113	35146	49dc46b2ddb45239029fbe5eb982d0ce8473635be41d354963fa55937c0fe841
bsb11762465	114	32465	7b1e719cfd0de6bfc88d93bd0d5f4b3d16bd508cb37562d23889fb0373b4940b
bsb11762465	115	35852	373e2d6ab9264a1f8f09e9a31332d8b1f49da8182a6aee305ea36d8b016127a4
bsb11762465	116	30059	d85985195028c7e09d0fff5609b23d302bc63b51ad23046e76c7eb1622688f17
bsb11762465	117	32222	f6852888f320e86a6140b805ce337c4b14bfed2d54d8a15eba901b47ee97bcbc
bsb11762465	118	29735	266d00ab245d2f0d208608eace6cf7a344c0c1254e227aa873a9f423db9f2966
bsb11762465	119	30495	0ed1819abebba791d4ab10cdc610815adc23223899be17535d6c2e630e5638e5
bsb11762465	120	32265	b27d06ac05cb22887a3d88dfed4dba58740a31c85625c9e89f15cd352b7fa484
bsb11762465	121	35960	36822edfc84e66d0072c8d384b98520b09c2596df045f04a978b01c41d503e9f
bsb11762465	122	35163	e99473e3cf2da7b251d5c54128a334416c739682fdb3a1b6c1817fd9ac4ad5e7
bsb11762465	123	36188	fedea22b0885412aa9fc2e0818506a31372c6f08fbb572915d59f0058194f05a
bsb11762465	124	36475	8f64577703e21972dcb73c827c42549c79ecdb4ffd8cdc7ebcadf8055d7a5401
bsb11762465	125	36945	185762e087f9e0b2e4ca0f7b0ae7967cec9cfd5d7f5138c1931e5024f61cfd50
bsb11762465	126	35224	c9479ed074540b8f27b40e965da918b288f90e0a4fed70c38e0e3f2cf2029ec5
bsb11762465	127	29132	854101715ee3728a8b1e279cd363595a245e9ec40143638bee185d26b4ba715f
bsb11762465	128	33582	071a2929d6a8297544f04d956520281fdcf5cd1d1449f6e36500ac30ce364858
bsb11762465	129	34036	1619d2e1b0856bc91b92f513649f17101403e54a5a2de4c53182258b414680e6
bsb11762465	130	36309	3d1c273eb0f5282f5d3fcae613d85aea0f21e8caa9b215370376273fcfb5cc4c
bsb11762465	131	32179	d31d504b31fb5dd2eab53027182d15e87fcc59b20c165441e98014199d627b18
bsb11762465	132	31996	97f62496cc5bed1400d8c2ddca2d66587b52844a550e9e20a2aeabeff56fe954
bsb11762465	133	35328	7e80bf25e7edcd2854cbb92576a31462dea350c80b8228ff2e1e7afc0e5d71bf
bsb11762465	134	37451	4d3057ba9c005bb75fb5a4652585160c3cf9c89820c56488e142dd0435fcb61a
bsb11762465	135	34686	e78f297ecedaf2b100af8c7dc143dd23162de98c462333ea5a565f05b88ac0f5
bsb11762465	136	35791	e2ebec8f2d392b5e5a49e85e82b6347ea009ca6867dc98b5d890a81e66cb5098
bsb11762465	137	35066	a1fea582a3a290f132454f0f36a5025f93b24eaf3f1110dfd23f15e8810b86fd
bsb11762465	138	32256	82a22e9f50435f035f55173ac7be0b7c970b040b9673aac5036cdeb240120d9c
bsb11762465	139	33106	7ee07c3bf157c6f52e3d8642fc34dfad9739ad169dee78fb9b97a91ad543b509
bsb11762465	140	33455	969a79d6aea095f40f6d37b5892cfff1d971bab9bf78e3c7558ac6d6655d10cf
bsb11762465	141	32190	f1e52703310a4783fe46b88f8f46f7f7a0e6e9f842263541ff83337c9ecb5ccb
bsb11762465	142	32543	78cb2073de566c9fadc2c379fc35a9b575ced438b457426940fd97850d2f7c12
bsb11762465	143	30869	d117bdbc60d75fa948a0ba5823ddf44de702f122d56b40492aa0ff14f10e0202
bsb11762465	144	33026	9aff5f5d3d17ca0d846a4cd47df11ce1266d1fc6ac3c89cd0de5467e75c27aa1
bsb11762465	145	33114	d06dfd081e5a3ceff1da9424dccd56dd2f2259189928b66e5e34ac8c98f7bea9
bsb11762465	146	30420	af7091ef104fd350e825d3ae7c6d8d406166a00262f17bc8a3ace8bc93677e41
bsb11762465	147	36098	91a09cb589324b748a331225949c3c2cb5be1391eb3b8653b4b21fe43ed536b4
bsb11762465	148	35537	5a64ac1dc5474290ea7c03ad94ff43a3e97ffa8b72ca43bb371a3db44195edd5
bsb11762465	149	33067	d8c0a8931140c599a294bfaa66b80cd5e5264d08f03274666b749ec313ca332a
bsb11762465	150	32804	7971e4f647b59b282925d2f0ee763ae76b363c74fb7f99582f9a040df4ea0762
bsb11762465	151	34423	b88472877a06c8b8eb5c945e316e362904b08b943a12b90cc1839852d8338e13
bsb11762465	152	35039	5d5be3ca832e87966bce5495fd2a03d0300390573d4e2551ccef7ce243b04583
bsb11762465	153	28870	3c15631ec4d1f6473a6d9e1ee2e45500b354bb3c2b0d29dd27712bc216559191
bsb11762465	154	36165	9def76a4040f44537b0d5bbe85a18c0b0d172c2e49f3ce9638aafffd901aaaea
bsb11762465	155	32334	7f67220e49cec275ea58313c8b1e9eb3f93e218f810d09aba6e71071f2024c67
bsb11762465	156	35339	778add82f5475938afacf4b00c7e18442e02ce490997e6c82a064d62fab2170e
bsb11762465	157	31467	a15864510bfe48eb1a27089ee27935b098149c3ea67aeab0a3222b2bf5c806df
bsb11762465	158	34507	05081bb7be27234880726c61909da1a4526d6e81f30ecb5ef0de7c3eb4dd790f
bsb11762465	159	33991	8816c7a02b32bc0dcecc5740d582909c5b38f0d3523759ab13b4c937af55137f
bsb11762465	160	34487	3149b75576723329631b201e4b05bfa2012eb33c3763fb032525978689ff3d5f
bsb11762465	161	30667	78a3580041798ee5fc20bfc0674184849f6d5da96763be3aaa0f7543f784c9c5
bsb11762465	162	36014	6d322c8c3b21d396df589af6be364fa914fb6bc5d20c0cb92e72028e4925eba1
bsb11762465	163	33753	74580c0c72633aa57bd81ea048d418b7e220a6f9f6ae3ac38cf8b1a795872af9
bsb11762465	164	34405	6d281389daa6396dd3ab433b4b05d688edc5e7fe887f245c9ee49811ac8db3e0
bsb11762465	165	33496	f5cf4f303b5ee4874d4df52221867b98d26db3b02ca10b824fad8077b0c224e8
bsb11762465	166	30228	c5b7119fc6e54791c67c0d5349ef1f165ee3eb95cadcf0cbe0c4f2f5201c272d
bsb11762465	167	37079	1c23c9d7747993b35b0d50dbd427b4b583f11d985c69de7cd25a1c7292c7defe
bsb11762465	168	33140	9dd79e89b28bb0f46dda25f37a6538e974a0ec6ed6b90dcce914b27d0b90163f
bsb11762465	169	30161	8c144e7bf7fe8a9466a1de319d380ea8ef4894b095b64296bcd65f5bbbb31456
bsb11762465	170	30131	b6c495e953994dce984c449722d28df37292f73645aa5254b2dcd3c3e6056368
bsb11762465	171	31549	4fc8f8c2d7fb0e45f6c7b8436fdd99cf4d2dcdb181ead471b3c2af2a51ad292b
bsb11762465	172	34058	3687319796d9f97bb77fb6d90e203ea5dec1975a51bdb2a39a941337a0b8a99b
bsb11762465	173	31118	868d2a931502449cf3ca9ff15ebbcdb2f8ba729515fabcc0598025275fc201b1
bsb11762465	174	33065	522d11bd90201774989707c65954d724f892013b727f83d03b793d971d9ee729
bsb11762465	175	30432	9c08cddfaf8c7d9ff9fd5f7d5de6b082bb4db94b5fa8e47aa1a003ea95ba00f4
bsb11762465	176	35270	4b178e09edb309af280156cab8146979d6c7716edff13b1469855b5d3bcf57e9
bsb11762465	177	32287	efecf92faabe9f0fead93cb164e0ee8f12492dfe211a9a39429351102c65ef22
bsb11762465	178	34980	d8b5d383007f0dc40b0ad2fa5afe832ccbe0bc16d52c433a074681fc3456cc0f
bsb11762465	179	36122	86646594afab3c052f91e48b1fb20f3e14a7203281b0f5a479093ae563c55790
bsb11762465	180	31058	92a2bebf8c7c9984e3aad83f2794d54bc4c1e22f09b2cd85189def9162d8fbfa
bsb11762465	181	30442	72300a75f53ffaab8178234cdfa1541e135e314b4a2725e8b6e193fc607e0039
bsb11762465	182	33438	a415ea01e93eee56c1e5e3c20d7a8cfa6aa8b72dae44d64ec481194392c9b76f
bsb11762465	183	37197	1b29e58a1d0c0d5cb54d05fa1313c84ef31857f048eae03bb622c73a4e898262
bsb11762465	184	36520	1653a6d0445e7506027f541420731f447244a0992894ab0d435ceae151eccc42
bsb11762465	185	34137	43e3f49ad231d0e8e9e1596e4079435fa475ef658dd3901200d5ef34436a4e9c
bsb11762465	186	32380	741211da821fc56d0c387f52c5cf054b4b28afdcfd01df64bccc2afcad7e69e5
bsb11762465	187	38520	4d952da725e77d86931f921d910eb908c5d9c07e15e977691ae21b72c7137792
bsb11762465	188	31819	13487520d86765f9fbe28008f4ec8a392b342860d204d9a435eba6a427b31fb4
bsb11762465	189	32941	647ec93e2e372918db4ea70f276134772eadbc96c6082d138419d53b900450db
bsb11762465	190	34615	45591f952c437da9ef5ee8dad07c1df65dfe9184279bd4d5852d655273968bbc
bsb11762465	191	32197	88933f490391c48d3a3a2373d3a4206134989239029d6b43c3587bfbafc4c4f0
bsb11762465	192	30900	b3ee77583ae5f384e96236a200a74e834dcb70430047514e9b590e34813c87a0
bsb11762465	193	32136	99150136896e10075636b153c522a2a5f664c3b27c8759e84d3264048cecacf8
bsb11762465	194	30656	ea0705f01d6d000fa8f5c022a54addd303dff205b6f0cc05f23cbc68f24fd26d
bsb11762465	195	33391	334ed34ccb4ab3ca0150b06bf5c9ce9af9fb26b94749df0efd9ebf9f35a3c184
bsb11762465	196	30826	33f51771dad05b975100ba9aff4f75082e80c3732bfaff3af37af5f4bfced49d
bsb11762465	197	33869	dfa6cbeafb22263137672dd688790eafce167cda9e700fd36ef7bf2569f4fde5
bsb11762465	198	31159	a9ba8a61e03f34d926757f49b4b8b46fcb72424044de81b4a584797c12fbfab2
bsb11762465	199	32048	cad4643f7bf27e3e31a11e64d8556b2f6297312c47b76ac40dc51dc9129fad38
bsb11762465	200	34551	1ba110b4ba8765a1cc16975c988edbfebba9e0ebae75ec7d2eb978dd4c1b5b62
bsb11762465	201	32470	bafbb10ac5b4962b4086dc91555e1367543120c46112337afce1e03a10a68544
bsb11762465	202	32769	b4d45913562b9c4ed3cd1374bc9aad08001b2bf53fc28d26b45de68afc14bde3
bsb11762465	203	33739	60b1ca08bf52f86b1051671acab50d73d49f0a2696a2296b4e76321079f7c64d
bsb11762465	204	35362	e20beb9fa78c6ca1de7ebb4ecbda81c4cea87a6e070dc01b6080162d4d74dbe4
bsb11762465	205	34530	a274286078612c7f9644260a97a3b23892c925d619d7bbec68e105a60709c7e5
bsb11762465	206	32632	1dea7a07f171dccc9d23a3f685346744c9975c5dd0ae58da0577734c05281bfb
bsb11762465	207	36696	b84e4f999fba713ffbe600616133349e479058d96499f01fd0bc0b47603e1380
bsb11762465	208	33313	447c5017c0090a28354bc9b1aa005a92276ecbc1aacf02f3f2c9d15842951fbb
bsb11762465	209	29259	7198ccc684a8ced112c891e75a77887c19d6f7ab7d5776e02669f2cf11301047
bsb11762465	210	33956	e5fedd34beb277c6a1c85704080ef8fd8f431a13f2a4d4faf4b24e75073ac713
bsb11762465	211	37466	054b315729686bc0cfc0c01f38695424f88ba550bbed568b1f8ddfdc0db9f7c4
bsb11762465	212	31058	0ecd463ed0acc42dee485972ea8cae1a7d4de90313552a135980c2093a7dbc27
bsb11762465	213	34795	a4cc3637604f8bdd6da4f740a35adc02d80cede894d8bdaf561f72345eb20529
bsb11762465	214	38022	ecfdf7caa63f598eb5b2a38fb0e20523d18a90c5e047997b7b9be67f324f80e4
bsb11762465	215	38045	ce5a3282ea1dbca4548b5f3220e36b890c4fa1b34aeb99db1b6e54886acf7703
bsb11762465	216	36795	e00f12d8e0b6c5c7f5f0a7f863453961a55e70ad7857b793dd76e438567892ba
bsb11762465	217	31806	c8e415c45661bbaf0b80b6cd74451407e07ee9f0c1f30419830a4cc99278163c
bsb11762465	218	32832	a52c95bdce7c25bb7e5c857a047a5e9f1b7b1f6f44bca8c54d3916d332c1ccc2
bsb11762465	219	32069	aad81c976579cfe33b286f88aba224a9a32c4333eac88d1c39b096d83a011689
bsb11762465	220	30582	12026e1db5d287771eae41fae661523c8b73e495607a91cc3268377e286a7079
bsb11762465	221	30412	e79af7f4a49274500434325a4d9369acb8fcc233441de1e5f2da96d1074a06fa
bsb11762465	222	33155	4d4187b45fe1c1ff7dd25dfbe516295d37ba3ce73d5ea59938f858ba5df9445c
bsb11762465	223	33607	1f90a51e544be4c2d0b44bec570eb33292cc7c9dd53fd1ea8f6e1ea16c4c5f6c
bsb11762465	224	34849	65e89b3e44c1a676672c8b70237e134cd93250bdd96e06b7aba6c7e3b6100786
bsb11762465	225	33238	80d036f4c71ec13592d5224b3fe7091d57896ece57e0696273d9de6c5eb7d549
bsb11762465	226	32222	21baa044049129213591889b70896dbe828093b9e281458b77066e851f976757
bsb11762465	227	31892	5f1eb406d70e79418171b422dd7f6266b07e0f47867bd7e680042881b07f50f7
bsb11762465	228	32324	eb37325ecbcc26a29c68c585f05bca80e8225ca16190d8b24e8179bbe5b8e589
bsb11762465	229	29855	7e08975753d3c77b62fc1f5255e58457051d4c27a92c0861a9fc37d9c120946e
bsb11762465	230	32000	bfd33980116f8ad10fdeee5d3e3b941a79902c4508dde2cd226e1846bd345b66
bsb11762465	231	32375	b8c48d55199e047983f8cfd9845b3fac0c23792b1cd6a9c0599179e14cd093eb
bsb11762465	232	32691	cce2497a160100d329a938c679b72359499e41b647c0f8c476a2d0a3a306cf1a
bsb11762465	233	31943	d68f5c2f2d44cfe9103bc8ab4d101eae1cfbd023d228d91142ec4681c3cc1970
bsb11762465	234	32276	fdca34a10db30b794ff8187d03fc18c96e8ce59486feeb0f13a7db76a78bbc48
bsb11762465	235	32094	8f568dca7e1c7a3e3da4501c13a7f16da1c520625af17b6098649308e6a5b2a3
bsb11762465	236	34442	eef767970b1cd51195c8857d8dd93dbc55110cacc24b8e8c1bc888ad15be5e92
bsb11762465	237	34765	014711612f76f02bea78ae2c4fbc47ddbfd35c16e15e93e9dd2c60fc5cfcdd66
bsb11762465	238	32005	a310e1d0cb666b78bf9c3b14d44ae2ee39a031d88c1d25a78406990a19bbee7c
bsb11762465	239	35794	8c2a9c848ae261583ecbb89b9a23990586b58674da20b8704d4dc2e7bc5b986c
bsb11762465	240	31395	a306b3eb46e0498c51d7357aa451dae345cc6516d7d6b977c28d6d0f44b97ffc
bsb11762465	241	29998	243464b4226ae7b0a4735d2a630fda70b4d1cafb1788ac30ce44acea1953d853
bsb11762465	242	31738	3bc8a325570c97cc0b1b68dab8d06276a4644a787c7c946cb66154ca5be218af
bsb11762465	243	32000	821cbf89cf7612050caff524c1e9ed45bcab35081c7214b05491ae4d7defdf27
bsb11762465	244	32983	e2dee9a87577c2f8a8cfbe86faa90bbe479c4179b709905d378ce493898cd01d
bsb11762465	245	33654	3c06dcf9d78e6d8c4162e02263bb048dca0eb2e902b1af330cb14ce3739cbd3d
bsb11762465	246	38573	b400a61387726733407503fa242aeb2292ae207cc816c3dae9129679f39f16a9
bsb11762465	247	30532	70fd19fe8d920a5c07e6027335d2570dc0205909aef8185ad31567717f965d9e
bsb11762465	248	31993	22fd779e99500c66147f34293519804e695259a68c382d73a9d5846f4bdf1b86
bsb11762465	249	33733	100297307f0d3d515aabb96d3fe2197eb0e81a136cca48cc73224384420453ff
bsb11762465	250	33281	fc4d8f013539222f9907a6664b2213fc82ef670c64f73d5a997aa84be9a946a8
bsb11762465	251	27539	dfe7c82017b87dc07452cb4eab7013095ed5a7dd47cb3ebdd9cf0ee5ed94e97c
bsb11762465	252	33032	38ad7996a8659e2cba941f0986e18c6530219193e478fe382ee946018b8f1b29
bsb11762465	253	31875	f20c6de5d45af5a3811a2bf4e1ee4b6db301c48d86be140a025e314544ffe3e4
bsb11762465	254	30091	21165110e79d797db4d1da3efe387c74e3bb30b30b9abb421c14b4bf8cc386b1
bsb11762465	255	31993	3a6dda578f85c733752efca6f619956abd414da2922b364d4d373cf7566c9b06
bsb11762465	256	33496	b6760ec44d5e2512a3773381c3d0283844f0db42e63a49f494f07601692bcfb4
bsb11762465	257	29398	540e0bbffa8887321a4133d82fb59ee929c053cc6690802451525310f06b65ce
bsb11762465	258	32828	da57bb56e289006c8f9f18f56553e805ba51940cc735b66fdaead548b8921308
bsb11762465	259	32380	25683df1da7fbe424e93684f3737f17180b6609afbbffd6885d7d4cc403cc429
bsb11762465	260	34432	b888c0410cf5dbb5d9cf6e2f52f9024334ad5d5158c51129fce11a0df4100df8
bsb11762465	261	30508	7c2cc04f23c0acf93c024c3f525dd919555a14224116403ef916cdd6dfb58bb8
bsb11762465	262	34871	cb80440a471b1c1b4a4fc45d834f8b6511e4e3b99dbec7e526ab6def35b4eee4
bsb11762465	263	33363	52c12dee8c00bb9739a852ddc724129c29608a46a7db4522331c417545a3203a
bsb11762465	264	29880	38b1c1cfd786b637bd07049cad4547edf7a7d416021da271bde9a9f811a798c1
bsb11762465	265	29429	4f607b3b33d4e87a48658fa4b6773048efd195a7d7dae56aab9fc85fcb36df6c
bsb11762465	266	32257	f2263948465b6bd076e125402d88a9345daec23990809ac151f892883e609186
bsb11762465	267	33217	32236a4ac93e9632d2641bae77e0e0b1107b829fb54d23e2e5a088ad43a19205
bsb11762465	268	31212	87ff31ef76b053180d19d3a5e76f0ed36c83f08b69de2e8fd962466913d734f5
bsb11762465	269	33877	d6fd8be8e6ac7b70ab12796dbee1b6f7c8ed8796cfa4cb04a001dc2adb22f3c8
bsb11762465	270	30169	404a7b95ff46d89fa69fa23b2bd9f2c6abbf4754cbb774a16def0a84b2732cee
bsb11762465	271	33382	0309c42505fa03a1c99a2cccdc806c1c9690daf9817188f46091e5cc51ed3c2d
bsb11762465	272	33307	09432b0de90b075722a687962ce580890351ea9b20990a6110579125d1fc2175
bsb11762465	273	29744	3f02acd79998c6c56907381e056f42d89711ca11a9387ec672abe6233fdb9957
bsb11762465	274	31317	1f71176bbd9b38b85e3a74ddbdaaeaf791f43fc8dae56864a16067ca6a7cf0a8
bsb11762465	275	33939	2b1c194cccb528988825ee3e63346be9285e858d2747afed91ed664fe50b09ba
bsb11762465	276	33771	32b499849a16a119f9bcb8c8727f45b0d425ccdeeb0de938b6dfb7bb49895b6e
bsb11762465	277	29354	31fc10ba891bca642d84669528f90ac3fe3931e1c9da4a1cc4a78ed578a112a0
bsb11762465	278	35038	ceca753b02bf4a1f6e901c7b011a9b2c40cc9ff242f8733e4ee86e6627e415b5
bsb11762465	279	29844	afabe1005e82780aa0263d7342e2ec1833270321de89b87c934bf77f8ae87479
bsb11762465	280	30478	1c540b49035616f7e2c66a64fd2d797c174ff046261bf7406e7f604b24791e40
bsb11762465	281	30747	7cceb09e24411fe76f0d9ff18e8039b47994b709c529b721adfcb9b47df1f854
bsb11762465	282	33002	df13cff3fdaf528432ce6a8e230876f2ce7770b54a33a9051b1e0acb328f5cea
bsb11762465	283	31849	68be6313dca7ac026a7a9201fd79f6316acc79c25f50a89f64b6108b7c998b6a
bsb11762465	284	32015	a1474cb0d0bb8ab7408c487ee6164d719f276da954a7b1355fb28f64ec9d5c79
bsb11762465	285	32658	19e65810f5e0b99faecdd6d622d5be84fb455eefb2716f12a6ee310ebc398804
bsb11762465	286	33680	cee9f753df1e3a7e66c8a7182866b3d25442f1fc82bee45610c8232c7f472684
bsb11762465	287	32735	7ca76b4b930c827518ba9cf64039fb286fd20be36cdc5b30ade05a33938457d9
bsb11762465	288	34238	7783a7dfa5c45769401900021e2a8b4e096487eb09713df769824c8583432809
bsb11762465	289	32191	23a0ced073fc0d0c3033ee68ba373367bc50453b4309af8b2a2ec97a1aaa2f3b
bsb11762465	290	31096	dcdc46042b967bb21777128887754bfdd7b679a755f9083d3f6a595791c9d7a6
bsb11762465	291	32212	41d4d82c9d15e927fbf55fa85402bfd08c31d3f64c545037b518e9e825816b2a
bsb11762465	292	33125	593b6ed50128030a1a95affa9264506d779810ca45b2d54e2ce407cf4a8e54ac
bsb11762465	293	39143	60fe032fc1ffdfacfe28aee6e9151c0882ec35ca08e2b75994a2300a2cac5afc
bsb11762465	294	33648	1d349094f3bf3442534893605fa8eee88b96e98cea7275bd3b0137a2aa26c8c5
bsb11762465	295	32810	04927d100190f1db598fce6b25a7ae548f190885ff325f9de12c172b28222755
bsb11762465	296	33273	8bc672dfb8ecc3116f32b3ddea3be01d1ee3b77fdbd21250e2c7b2e48bf41499
bsb11762465	297	31987	d912c66d87be2c98ac4c473b308a387092aa0544719e8eb494772358eef015e5
bsb11762465	298	36154	d0f5f7c8f9e2ac9b971c44282963e80170b1e5735ed9a3ac0ab7a759ad0950a9
bsb11762465	299	33322	23e385ccfc5169eafae24d4bd155639cecad3fe8346a0d4cf6408f6f08987e61
bsb11762465	300	34005	3c1722ca5728d7c9f440d6756c011d06ead943ac1c8d5742ebddcc3428e42259
bsb11762465	301	30543	189284caeece625fa79e813fd9472226b5baf900a879c87d9e7962580b791e9d
bsb11762465	302	31772	1953a61c06beac6ea2d5de1b54cbfc112edbfa793b93699ab123211906c1d321
bsb11762465	303	31586	fe13140167898004864955b01e72c1a3f4471d4f228091d1aa9ad073355643a2
bsb11762465	304	30412	99671b33db177409bc188a39fa0622bc5155f0becd75664b0e312536734304df
bsb11762465	305	32779	9d1dd9bee85d8e4bb568d659054ed627579f9d1057e0898d6cc300ddfd1584ff
bsb11762465	306	31382	d82fa4e839c4c16b1a098d7b9f73a47a551381ab44275bd508b2ce1806e2e632
bsb11762465	307	32116	84a05c5369625d2ea362b0e95ec5579c6a66bd4ff7d5152e6e639a7df4eb177c
bsb11762465	308	38978	a8866accc2fbfafa1572bafb5d1753f5aff9698b44b2d9a1aa5e01d667229ba0
bsb11762465	309	30528	bf9a92f88c18b49f74d37479c81b89e3c7cb21b6eaf77538500c037f6b8096e1
bsb11762465	310	29985	98c0aea93fa0026c49ebac1c695d54a41a5e0b7dc1c957d0a5d0ab86fb66d51e
bsb11762465	311	27952	4fd0cf38bc39f18c3cafb14644fb55315b09b772ad2d5f0cff0f70b4fb0d608b
bsb11762465	312	32819	662ecd77141158af196c54425ae81495d2876947fd16c53cc85087cc7b8c60c9
bsb11762465	313	32231	a48b04c689287b0d09bef5286ce9598dbcedd042e059e66d72b67942d3942700
bsb11762465	314	34853	d06519a228daab322eeda3163bfea07a271b24af8e706bd6d34b69ebe44c3085
bsb11762465	315	32859	9b130f4a2cfa4b679cfa420b3aa407a21cb4beb2512052615c3735ff1e8653c6
bsb11762465	316	31083	240e5d4c07bdf987039eb392a816b379b44e4aef3084f5e4df798ec0bb247703
bsb11762465	317	29298	77209a200fca161ac23dd282273d0a6dfeb2e1a0fdd7482d28fc9a7f8ff38093
bsb11762465	318	32428	5d931e736e127e8b3efbaf2ea0a1a6cf0b24fd4165bd75abb49e8988b83526b2
bsb11762465	319	32739	ed2edd84682d7c93520cf89ffb9326317841c08e4e68dbbfcaa911f3446b0aad
bsb11762465	320	32863	5ede95b9741fb8d186e9760297ac8bd351233ec2bb82a269f15291a8e018b2ee
bsb11762465	321	30489	d09565b6596dc919c2b487079e598d812ae0ba214c31564e7887c62369e75437
bsb11762465	322	30479	3abcfc8f1647de3547eadf43e4e2c2bff634299251896e752d4b38d04eda9514
bsb11762465	323	29868	a6e83e744391ef5e7a398fc6de0fb6b5dfaa089d614c716e75887bca77c713af
bsb11762465	324	32246	4b39dbd9ad0e0e7fed3ae84da121eca6d42c83d540f08737e65dbb73309f9f6c
bsb11762465	325	31076	06ae382ea3011371d633f9856432ce8ffec95129f668b3463e96c649d5f10f68
bsb11762465	326	33042	a0346b9c0fd173227b49ec2886bd68894963dd1572e83fcac8fcec81d3535cdd
bsb11762465	327	33276	ac1f1b9607e206b141dc667a23e50e73e231a786d9fe5e53b1367c15711ab935
bsb11762465	328	33061	d9a6eb96bf0673f03c62fe5283603bc597aa9966dacbc6c94c43411c77348419
bsb11762465	329	26355	80c9d5caa0abf087dff335b33fd780db2d89e6c53ff3af0286e2bae189a4395b
bsb11762465	330	32195	82d06ba33eb8baf0705afe9d4480e6852a383bc6ec95162989ff53c41506f8bb
bsb11762465	331	31758	e01fdb8849adb8e38d41641ca42b8849b514252fc25eab09a0ab7ca10b16273c
bsb11762465	332	33923	59c4f47ee367f5fe224260278ffde2cfcc4a812d0fb8b2774f83e3e647635955
bsb11762465	333	31906	184ba23a4f81ca8c70e5dd5d70f7c6c8cb7457e8685e9616d08d3e216df97602
bsb11762465	334	31874	da2d39773429797ea268b88d98fb20d3491bb2b23fa3884a81c613c929fbbc27
bsb11762465	335	32890	77e7998a4423463a3e35ad9ca43d867071d39cbfeab3a0c51d48fe3a1f10dbc6
bsb11762465	336	29873	ae10c7e1df1bd5d824891621dac7efd1572d51098e7c1774b9ad61ba7d4f1773
bsb11762465	337	31364	9c7bf72f0b4ef7333821c56473788a26214d8bb335d0bd067ab3d5dc07823811
bsb11762465	338	29723	596ab49a3c1d307078aa1c248a4500e0abd4ce0ec19f5a538308ea43d6f48ed1
bsb11762465	339	32473	d82afc5c62c470962b1e2548ef8cd72175d64e040a48e5f8e8667a097eb806a9
bsb11762465	340	33355	fc8fb4e4660ea2a431b5b62f4be3ca2256c73588ac5d7b2e1fca740ecc86e4c4
bsb11762465	341	31712	18c400685d957a12e15e669a4d27a85f0d228232d0121cbdc23c59dc1aa12501
bsb11762465	342	34700	5c279c399e79734cd4753ade918030b68927c046fe67e310a4a59bc7c6ca9442
bsb11762465	343	35627	f0c9d7a2347b9e68695ab0cb5d4ed6e5e223d8f31afc5b6106685c0b8398213d
bsb11762465	344	36447	8fd73f6fbc4b059f581efd9c15bac58cb4f019bb3817bf70faa5a094de34f45e
bsb11762465	345	35386	cd766864a3efff22d254a45e722737f9492e800d7510380d92ea3235dab8fafb
bsb11762465	346	35552	e3a4f737fffb4495fe519b181b28095c2e8f2f6982d7eb43b442bc86661ab247
bsb11762465	347	32264	54f777e06f3098ddd7b7c7ae72ad41f678df1666af3a6208f80c9414ef2f136b
bsb11762465	348	30479	4a6188496542d62914e207b3e6ce77cdd11e113499bd04c497084f13a11ca601
bsb11762465	349	32840	ebbbffbbe11ae3a82b1f0af55ae85652e5dd30f39a3f057be9194405e417396e
bsb11762465	350	32515	847679a585a6bd4369094d5a7280aabe3bf35128147e38caa636540ff8cb48ef
bsb11762465	351	33787	00cd9da27d0ee90536df5fa05b54287de06a512b341406b45b537b9ebf2bebe2
bsb11762465	352	29933	adf5d5527aee4d48bdec18add740b5c0d3e10d63ef0a5cc3dccf213925b72bfb
bsb11762465	353	30599	b54e30a7fda659d0f04ed583cb55bc533f92a2234274c3c951e023c87c0590f8
bsb11762465	354	33093	fb7285fcba7b6ac0c9e6faeb646a469b45196bba6186433fb56a2a9e3cba85c9
bsb11762465	355	32963	f56428bae48bbcfa4c6af45664282885dfe16eb30c3024140ed90a6e5e35c8f0
bsb11762465	356	31735	20c434857d0aa1aa67e3a23f73ae3cdf5c60b437fed59836c38d84a8190fdc22
bsb11762465	357	32713	118f7459272d28ca66d3f1f215233ce7f85966307fd32e56cc255ac76e112748
bsb11762465	358	32468	b17d360bcd44c9a855ad53bacf217a9415c54c5b7e9f81c4611106296ca8fabd
bsb11762465	359	32972	327bfea92d65858d0a391ffb8edc9abcd8cac8f2b77b563258312a4c02f152b6
bsb11762465	360	29393	38358d4345c1a3cbb2b691c3bbaeb633b6f9c5832dbdb1f97e5f3ceb94efbf9f
bsb11762465	361	30539	c9a7a53db4075bb5326e6ba7c321631355dceaeda5429ac84e1cd7763324370c
bsb11762465	362	30298	a64aac6bb35cd641c80c91c25a37ed6f5e61d754d78af859a841be74290951e6
bsb11762465	363	28998	60e65837803781f24ae1e85e2b44c9e7a18f2c3e8d9c5bbde0c6e89d73a5ad7d
bsb11762465	364	31647	2ca97eceaa9241ecef8b0ae68224cd004da81e0a0496b4d0663961b9877f149b
bsb11762465	365	32403	e5f44c4d7be343e6b04dcc9eada8169754e777a5f08a5cc69426e2ef11073505
bsb11762465	366	30055	943812a0442fa1ec8a7badf0e6b52dceeb9cb7366cbc3a03d4e86098a6eb6252
bsb11762465	367	30799	f4d2521e5fbae672f158b190b410a5a47d0e510fe8759deedfdec02a3dec5cfb
bsb11762465	368	34567	8333a06148afe8a7987f42976384d12dc823804c83d4e1c1a81da836651d0fc8
bsb11762465	369	32235	47beaef71589167d9d598f741636a0dfb5b480b7259fa029c9519d4b5abee71e
bsb11762465	370	32511	90436ed9f97b3acf2a8fd5feda6627d2828a1256d4fa2b023991821268212a45
bsb11762465	371	35242	d014668c193b349cdbeae15f5087d04638abb69e5f91866d4868be9259bb0180
bsb11762465	372	34347	ac23e88d744098e184679ecc93915c1f7a9b8d5ca57b153c3c0d7f57626c7ef8
bsb11762465	373	35521	bb8ce7ea55b5141f673eb59b7b044075cdb166c7fc1816d946c387dde5894742
bsb11762465	374	32045	2c75fe7ff084cc7a19f4f1944922e406013d96e6fc831cfa4b2acc6754736828
bsb11762465	375	31476	4d860a548c463aaf0eeab7a7f6b52d1f67c5ca66ac9377f2db83c855e1331c4a
bsb11762465	376	33513	34fa87378a3b6bbfc921d15757fca3374a20ff1d68aa28411cd58f5ea8b6e1e7
bsb11762465	377	32153	6a1163a0602c56e590058913392a6ed6eb02ace271a7a477fe1287e2b9dfa21f
bsb11762465	378	32930	6c254a36897af62a3c7ee97e6d2408794222ae40070a2cb561b4db435d035249
bsb11762465	379	32392	2612845bb3936b4e4a8477f5f5244bb4f170ed565ecfacf01b66a35b787133ce
bsb11762465	380	33628	5fee37bf0db9f1c7c787d7bf7dfdc90b714d15ef17beceac84d9b94d4334deec
bsb11762465	381	32528	bae84e1c0f2acc0784d33b3a0833221925b0898a73a7ac557fbe8fbddc39512a
bsb11762465	382	34477	81a2588955104a62aff4e473bf8e7d0ca320ed50d31d251aa35db237386b57c9
bsb11762465	383	36209	8bae30a6dd99ba8d9d9b2e87018a85b65bb7dbb4bcb313b97c1da51b7ae74ed2
bsb11762465	384	32278	7afee8dfcf6184c75ce66777faf82d3fac9b9c605f28263cab9733dbb68275b1
bsb11762465	385	33278	ee45a00ba52477db62a8a424f06a5585f09dc6800ba9224f21292ff9e3b68326
bsb11762465	386	32823	1f6f6e60627d0ccd60523cc136509d99b79182dad2e0baf40de2d915d86e8af0
bsb11762465	387	32886	26d752e168715d3f28772edd5621e240ea12c6d86a84d1e2ce3ee356f9f29873
bsb11762465	388	30329	ef988fd3820c0af1c56f6fdb0f85d2f4b46ef173f4ebd300a3b270d324cf75fe
bsb11762465	389	31933	bf2fa23062ed0e148b3978249da32e6e62f604c51e0f27142cc06942410d6157
bsb11762465	390	33837	232829ebf2d57af8323f3ef7ee35a66acdf38942f720493f8d1734195cd18115
bsb11762465	391	34412	3a0880116f993ed276e987c7faa2cf7555edbc536e79d394d80712842c254191
bsb11762465	392	31313	d7120f4ba07c9cc5f073327824e68713928bcb25626a4216c0a2c5016de44fc0
bsb11762465	393	31544	09e3d5250d0397687e6140fabb2e9ae7d589c2d2a5e598cbfed053425f3feedd
bsb11762465	394	32545	42e164d1f2e35ce6296ce19972b1a65c9b8163ea2a6c66df6b0e036ebc613f58
bsb11762465	395	33788	897b8e9ab1585a2c9bfbb0e86bda63235cfd1e35c981e2dc1f4ab9de9c92a69e
bsb11762465	396	32343	4c9ddd3c63640ca4387baacd79d2afdf3448fe23699dc5ad184161f0b976b148
bsb11762465	397	32036	018c25c6343af36b80455d5ea4fb79436f7284caef9a99815781f53adb74c457
bsb11762465	398	34133	6408f7105aa345a387165f3c1c15d79937f2d3b42cf361fe302d55ffb90518cc
bsb11762465	399	33121	c78383282c9a2ad6fa6322dabfb80621d182f77ff6e33bb1c6d7a4da1bebbf35
bsb11762465	400	34316	43b83bbf4bbfeabaccaf218aba21d08291297bad26c6495f4f874d0d9b81397d
bsb11762465	401	34461	aff0bf71f505ab96836524669652900c2ce0f77c4f7b91e572eaf2e94daed7f6
bsb11762465	402	30125	7c4fcffa43d4d1dafd3be7563619033ddc32483484dab622c8bf08e7f633d269
bsb11762465	403	33255	7c84bf776eeaf6716acf06102ab5681a7bbca907e687b85ee1df614bd6653623
bsb11762465	404	34356	a061d5af600f6723dcc4d7e2f4b97853637f9998a9269244d0b8a9f689c52f37
bsb11762465	405	35835	4b4faac16d3ff5053a8b962f0424ace2cd0d8ff0398038a3f1181e3ca986ce73
bsb11762465	406	32033	91838853660fe96140df218de832ee8d13861bbff12e6c20c50cc06c2a1a14d1
bsb11762465	407	34068	4ea1d627daa3f255cc10333fb12c6daf1525a2fd5ec4955bd9edb41f35d944a0
bsb11762465	408	31058	6b886b5ed5158dd865cbc98180e67b2061e091685a1c449281b24fed6f4efdef
bsb11762465	409	35341	c8835c620569d7bb20ca0991e5352e4b92f6dff3c88985898e60b97bb229a92d
bsb11762465	410	33043	a41e339948e6b03e15ac0f6a9cab73e6fbd6598fc526507dd3217663a0db1621
bsb11762465	411	36532	b6f3f2466526ac57ab151b4eecfcad3026d09923d4f9ad50374afc622ce2ae30
bsb11762465	412	36525	f951af3d896e88b7ad17a0d6d855e13b74956183416b5061c6b6959d8fa95448
bsb11762465	413	30462	1ba191a507555351364587446851311dbaf5647ff10ef6723a6a60aeed6c9883
bsb11762465	414	31291	5727d2afabf79aa912bd8c523065dd1a883b4bfe413714755ea16ed2138d4a67
bsb11762465	415	33496	3d322ba0f89e9ee9486fd3e1336b67e47441ed663401111de8d17ae2c4dc51f0
bsb11762465	416	36438	b7b52a364b7e84503fa0f0e5086f61789cbbbe76d2e5feb859f05f38d6413261
bsb11762465	417	33010	ea439e33ede4b7aad64031e91b7a024d56568b5d0cbf78bd373523d697a23504
bsb11762465	418	31771	89d577d835ae2cbb85bf79e5a7810862d204f119d3ccd633bc50fb31630b4f5f
bsb11762465	419	32070	cd89d91b7d2799eb0acf8dafb36cd3bf108a78c98ef1dc0e1865b38d1dc6d9f9
bsb11762465	420	37503	ea3951b3c17f6a405bf81335aadf10af692604f7eb94de16ccb0dbfd638d49c5
bsb11762465	421	38223	3cd8ab6e76ecfd4fd198814680f5a0dab57f193a8ee67d5c7ff181af96c4f8fa
bsb11762465	422	32335	fe2f3112b17673fac678206f9910314d7df01ed1ea8b8316157bdf4ae87cdcd3
bsb11762465	423	32768	f1843aa945052f3adeb642bf37cb83d314854d7681c335d08c4fbf08561549f5
bsb11762465	424	32930	276df60fb797a60b5e04d56c4abd5986b01857a064f5a4383ab2d4341e652680
bsb11762465	425	34394	29a28adac4d8d20c1821c583b0ce9edc262440ed4dbc1247feb0fc216acaf6dd
bsb11762465	426	39291	0f4f65d6ae9ecf7f5878d34f9a86ffef3ec89469378ed5848e41dc873e909961
bsb11762465	427	32424	3c70532aaa0996fe641065d42053426dd1378140f6505cb6ea417717c7b8b8d8
bsb11762465	428	34123	34fe4eabe7056fe5340b721e808737fb2b8cb73a96ddb935bdc19007fa29e7aa
bsb11762465	429	35283	50b827aefee1ac87d8571067a12454b4bb4fd8ef2e724deac1cea68fa51cab19
bsb11762465	430	32670	8dc135c16d2a21bf27c68960f22dfe6e701676d31ed447145b642381034c502e
bsb11762465	431	31321	7382b6d7837224a1f27688d35bca8f3ef477a71ec3975131fe7acdd28d87b19d
bsb11762465	432	35476	642a11cf932560ab684ca95ee5c1cbc54e388681eec0a5b0a4424dc5f2461499
bsb11762465	433	33451	8669db09f51cd219ffd6cb2c2c7d550deedefcf0de8f4175dd0052fde6213afb
bsb11762465	434	34517	8578718ad23032e87fa53c5cc1c519a151109ca9778a7fa06f8b54273bee1845
bsb11762465	435	33812	3df41e75defc5eb155b8807e5ceba44b0a22b008702b6f4e1ed04d390d698ca2
bsb11762465	436	33958	0cc4ef33d20472e2e32d39bd18124ecee5a186cf22cc9f0a0542571a0e9a1886
bsb11762465	437	31613	103dae6c6deca77e9ab2ead60dd82bddf13e76594820e7a7b5088a1ae86fe77f
bsb11762465	438	30738	c7124886a929531499abb095e7ffe67f83093509013c4979bb819f507dbe210f
bsb11762465	439	38426	ccc142ea0347d516f76db6c35d2f386117c34ab89058d250464a460f42c601be
bsb11762465	440	33319	5842de0f737e4cd044dd0bcc9293bd9e9e7b6ce71900d189f6d5749af72808cb
bsb11762465	441	33918	f7056c3ec998daf662f90d96d1e2b47d144c208602119a83ec8be8a7b73d80ea
bsb11762465	442	35828	ff642e291fa1dc9ddd346a1aa5cb8af72125d68de5ff1fdf1d78e32210f17b03
bsb11762465	443	33470	47e6866cb6bf24be6cf07efc6e65e2f95a34027761549aea82a9262890be3c5e
bsb11762465	444	33166	873a9f80580f5963dbcb96e4c14935aa825f2221ba79289e0fd264ef8f6d9174
bsb11762465	445	32280	23677309b24b382012b2adb8a851c14d4ae765c9b94f0a177fb984aeb5dac97d
bsb11762465	446	31652	39fd82b2a8d985be514b2eed33f720668dc0790aaee32a5a65c3afb3fa4fb6a9
bsb11762465	447	34148	7247a9288aeb9eac00810372c71877c1d2b21b0d3418a6a02890c2fa0c01f8df
bsb11762465	448	34922	09bb6be610885b3c263dcc58911d057b3f99cdb9c7de81ea040c0cef9093fdc1
bsb11762465	449	34529	c1a0627a6759189f64846cc1f29a4d6f8c864b4099abb63ec5624578666ae829
bsb11762465	450	31780	12e847f674ae0b3403ffc9a506b524cf2e286cd8261b852687df5435769405ce
bsb11762465	451	34158	4cf99492fe015a1544c640ccaa656e84a3ee88c4a19047b8bb8ed92b42727bcf
bsb11762465	452	33416	85dfa7d79494779d76574bdaa83c1c797533129e901aa731d82fbc385553ac79
bsb11762465	453	37307	dc02e67c2aed2834da73ee78c3b29bd82a16ecba63209430cb2c98d7007c6fdf
bsb11762465	454	32731	374ebdd629f076c7f7ba885c762d2f07524f2e1f1f040d5dda95b27edd2a52a4
bsb11762465	455	30285	b4fd209e9b578ad9681f95ca9e2e10278300342c0b399fd326270f84be506896
bsb11762465	456	35304	63b1dd4a30e1a41412226f5d7e7caa28431517616c6cc461c4d6302f5e68269d
bsb11762465	457	31764	5d61a24a18652280c1bfbade6c95d060052ec85b7093d54c7f73e044e6e8a0be
bsb11762465	458	31677	1356f450af807a31e3952de9543ab0c763f0735272818ff34a592f019f55258c
bsb11762465	459	33319	b884b01b1e5c11bfb0526079b37af60b8ea648120781a335e8970e0e9e7c7631
bsb11762465	460	35708	920ad034b3974694f47c49dd448f3ac431633512756804cd194cff66de88b367
bsb11762465	461	30497	d29db565b5dcd9ddd9bfd8b2eced9f9ade71a63e6905bfee9528ef024c70148b
bsb11762465	462	31875	4c3f3404bd7e10c455f7bbc1cff168cf023ad638622d18436fe4aeb34887bed3
bsb11762465	463	31987	bb30c3a876c8fb076ea8c2d6c87294bf30ca21de6d5d0898870194ce04f9243f
bsb11762465	464	33996	0fb0ffb206b2f257edc1e8ce98abe1d2eda335b17e9e52db0c2447623cd619d6
bsb11762465	465	33011	3043545d7036a96030ad1dd208e0b8159a39b92d5ded33b3b77db5e461d03207
bsb11762465	466	34921	2873f0c2a593a952bcb344ee17b60d1d2292af3f2accbb70b6095483669ff6b2
bsb11762465	467	32761	0f171c109b014f195dc66c86d700c35d99e58202d9f9fde9299221e954498353
bsb11762465	468	30868	39bf3d72b5ee156fcf943e74fbeffb6e5e373044b8793c09e763c47fcfd92c28
bsb11762465	469	32852	bae9a05f4e94066db4670bb5e87f47b7410686702ded6a3a3776e7b09ef7ea63
bsb11762465	470	34191	80ada2eedbc8df06c28079079247db07c9f130c506d80643bfea1af4dcf21a4b
bsb11762465	471	37440	5ca0ed86b49e4a81b0c48e51eed60df20869a404d4f662bb9e07da7f0acf59d5
bsb11762465	472	32139	374ac7d4dbbad46d66964572fbbf95bd1eb9096a34b336b093d2677b0d65babc
bsb11762465	473	30086	04d8f851ca2844f5eae9739da0c51526f88b9a6a50ef9993fade5ef11f014fae
bsb11762465	474	33684	28c72e07422cb4ab9da42efb4b221e0f89a477176197c6582efcc831379148b8
bsb11762465	475	34301	ba33e4454a3e431f49f4e353c14ffadab350bcde39fd020edf13d680436ae906
bsb11762465	476	33981	91f06290ad258066e8f389fce936de48bfcc37893789016ce3152bbdcb932c0b
bsb11762465	477	36906	e27210dbd623bafa7dd4b979d645beacb3d8ebe998c833f0911b061d7d904ead
bsb11762465	478	36442	99c0227746ebbcb29dda6c6fe13338ffd213d1d3272884cf61a43a4474fb1bb5
bsb11762465	479	35289	2b9466ff08769facdb46f6861ab0aa22e0563a70308cfcb1e94a52958a548165
bsb11762465	480	34680	ca2d2df7421f9b3c9be875c3ebd0c1edcc1e75476bf3cca61fe0173e6b97bc81
bsb11762465	481	35318	90e6a406e5b5b7b817d5b0810d4b6acfea80d1573d732759fd9c823ca2468a45
bsb11762465	482	30846	8442f5587b0effbc564bde272bb164d5a93e8c85cce87a1143d5c06b97e0c803
bsb11762465	483	32054	2310fd2699d569a116119aa37e8427e6beb68effd1165d8f5fc0ee1c4c6db0ad
bsb11762465	484	29010	a6658fc1bc457044ac841d14765222416eb86015e8f6b79c88f2df7f4421e3ff
bsb11762465	485	33006	75f6c5173b232dbc57f738cd30a7ff57f9769eca55d2c6372a1296d43438f391
bsb11762465	486	35884	959bc5d66baa19d93e48bc2bf17914061d83cfc30ae5884681a3ab3009ca7cf2
bsb11762465	487	34032	b6643029c9ea0ebe963e40aae10d1b8f0235b3274c5645067e8b6f56e8a59ea8
bsb11762465	488	31428	ccebf7cdef3d1417c33515da70705221bfbaec4f50517daf5df1aef990a3cc30
bsb11762465	489	31671	ebdbbeccecf771f88464bd31d3af40011caed7cae8b229c787cbef331395759c
bsb11762465	490	35022	5779ca3a153af41a3628c210c7a7411f359548b0ececf722e3e2e3a954c8cdd3
bsb11762465	491	35294	801640dc4503d2d7be4b7365e906a62d101a8fc54ab574dff97b197ec1c73fbd
bsb11762465	492	34608	c8887b12e4a05a520d5939a078f6acd3ac94505be7707ab84019e88aecb577d5
bsb11762465	493	32085	98ab3ab9a955f3c66c2bd6e56ab32a70292eaf7284b575b07ed6fbfd6249db41
bsb11762465	494	30538	16899897870c455b60b62719597a6f2d2437284c3d9a82d24f34447afaba4b17
bsb11762465	495	35784	a88057e7d98713078a93df75571cfe484fd104fa24e52021edf5a63d463c7949
bsb11762465	496	33927	b457de726a49b51e4717f23d57bed8cfae8803f351f2a224d170e54154d79de3
bsb11762465	497	33997	4a405a2c47a295ea127b2422e4c2cc7551ea4d2b94dbc678fc543ad1a6dd2278
bsb11762465	498	31484	d2af7146ad26a4c6ff1aaf7a33274bf375e74f8c68f05317b8fde8d30fc21252
bsb11762465	499	31809	5af1a814c82c0b80cba529f4011e65801aec80e8e602e9be7a842699de515d17
bsb11762465	500	32601	877abc784a6f7aee58fdccd4c9ac16274a9d82b615e26e224cf8c3cb05049d5c
bsb11762465	501	34853	1cddeab5d73c5a5833ff783e643ca02e7849849b7814a9536b0af1ba47738692
bsb11762465	502	35416	61089a791a77918c07a58123df7ab3b0d798367bb5ba08be1c7710b85158020d
bsb11762465	503	34820	b878d7ee5a6d4cf49b4cc7bd11a72a0d8eecbece2b019cd4bc1239c7913cad5a
bsb11762465	504	34090	2cd560e8ac4443df7c4314d737f38c3b843db130711c42d7fb386e7e51cf3b9a
bsb11762465	505	33163	95319d086026dfe6b70ce2af61fd2072350e51bf92db4d26b09d93f03052b2fc
bsb11762465	506	32352	ea2cec3ab3f76d27c01008d5e9b612ed9b8c12ffcc3a313b902099b0a74988fc
bsb11762465	507	31650	fd0a0987667ffbca5d4ef0fc7013be4340977cde8550682701214111837f6551
bsb11762465	508	34743	38609ee4d4bf16bb8960ed6c09e712b4691166df29783b6a67f3d5d76fb45da2
bsb11762465	509	31851	0dade3d71a98cb952bf53d02314104483bddcd98e6812eaf696b3f1ddd8fd0ad
bsb11762465	510	33961	b1e6261eb29de04d8dad34f727a7e5d39b5109799a9945baedbd233e734947d3
bsb11762465	511	33655	2e7514e010193ee94af12b48f734893d6079e1516cedf0cd787dcae48f232f3b
bsb11762465	512	29508	ff735c6c86305269acc143d90171fa2f7aed18c93c1c509500542eaae920a799
bsb11762465	513	29145	54e505313ac28be719b6f2399d2b2a0bfcb239e015405530b616eae434f7fadb
bsb11762465	514	33094	6055cf4448c249b8b0765b5ea0fe3d4b0693f26a0f0d6df02cf47e159f3b03d7
bsb11762465	515	33445	50a1db1b6edddc2af17ab8b900612fc81db76d2111704323e2e9cbb9f8fd68ca
bsb11762465	516	34063	cc8a8e855b7738ec06689cc9bda87f14d3fcd35efa79b563a82e724c51a3f623
bsb11762465	517	33477	0122e9ded49c9439eb591beb1b31d5e72986f05e403168a5be529dc48a5b1677
bsb11762465	518	29830	8801961bc8fd37f07848f9db9855c615754eedf6ddd1cf66e40a49e37c714fda
bsb11762465	519	31222	1ba007f7962ddee8f1a74d4b47f1e6d4f43730084fc8e6ee515c7da0fe26e38a
bsb11762465	520	32261	f05b55eb83a4f5115ca08cdb3ced203ca25f6812e8c5b88132d88edc3fa0366c
bsb11762465	521	31884	c3bcd3d85cc5f90884796683d08be8b3333bc6e038bda7107e0cc286ead202db
bsb11762465	522	31789	3e5306c0cda29ea772fc98697081ffb5de9783a8fe22708f33d7024eb37cc82a
bsb11762465	523	31940	601fbbac1b03b6ceb93078f59eff47893f4de64bc989b8f16e57f52fcf605deb
bsb11762465	524	35389	2e42fef814b5ec699a7f647e8bf84cb4bcd30c61bf4b23930acd4961da1cfcc1
bsb11762465	525	32655	fa7b77570c507138a2a1a07841cdc9c5b08b368aee93d8ba44db1cc4c0815df4
bsb11762465	526	34087	b1ee131ce47d427a78e9c5cc9e082d58cf638d42c741619e767edb27ed9abaa8
bsb11762465	527	31637	2fffd379740252b1804f6fbc8cff53b5393375a785376c3caa9eb28335846d96
bsb11762465	528	34260	733425b55bbb377bc43edaccc6bd09512f3af0ebec6d145e31bad5714484088a
bsb11762465	529	34144	34e7f37a5b454c1560f57ae63ab47c4b53f7dc35707fb2b38cc7da4a3dac3557
bsb11762465	530	31524	e0bb26fc64c11bb893d615653b0670438f2a29e23f217e4dac309b9fca1e7400
bsb11762465	531	32113	b4d4038c91fce9858d044c214e2ab3620cf84b5ce089c3e9511ac1b693e78c9a
bsb11762465	532	32126	577096d2c679eedcc44fd6d326f159534f819c2e6ac58ee0b33786db7bf40416
bsb11762465	533	33310	608ddc4a1383822a45b07f2146da6f57fe473c4b8668097fd9018e0202ef9a97
bsb11762465	534	34238	5fcc7b1f22cb0a9ed38df0b03971a6fb122b5efb6614f2e529be8da0d60cd159
bsb11762465	535	31849	83b6ee48b8ec47247a4e4ec905d5ddaa53db52042fe7a45dd92c5ef6dc7e2ab4
bsb11762465	536	37285	b7fe0e5f43e2c46259bfde64482f65a5b79e0264da77cfb076fd52d1dab06dd7
bsb11762465	537	33625	be6d07dcd015b3c52302f307af4d6975e702cf83d8eeaca28a89dc72d57ab88c
bsb11762465	538	30790	e6f95038434a6be170674d906eea04cc983c5ed350b6980d9faec5fd12bd8a64
bsb11762465	539	32499	2150ca4d755d8980db4a719ef98b61e71a3eb1a9fb30ae7547a2e0da8b10a8a6
bsb11762465	540	30878	885559cfd70b98d426d20ee51d129005bc7c26903c5c6abd5114f83390dc8fc3
bsb11762465	541	34519	04d59822dfd5492ee174902599a3dc4514d47a5f82c775b9f7792f8734371e11
bsb11762465	542	32565	ebb29af3603f92d1334afe2bfeea67e5eb856f43a6cf8b7a02d0ade4d5c80369
bsb11762465	543	31349	f31b59f5178053e71b5dc5d1f9733cd960a1961a57c028ead339929d52e40fce
bsb11762465	544	34412	e6bb957dfce3f0652d335f202ce5a16d124799962b10ccc5b453d73e3841b6bf
bsb11762465	545	31755	37e998874aec59be6cdf2f16f906451e3aa765674db50cdc3bb4ebea78d1a0de
bsb11762465	546	33400	d733e1d7646685ccc0f52a82db9cdf9a5714d3c8626e3295c873bd1a76de0005
bsb11762465	547	32376	8b4cbc8d139a9c7ec3da6284e4337f9199c2e1ab8f53078f9b9b69f42124a6f0
bsb11762465	548	35424	ceb992534c7b7df31fc20daadc98bd0f2a221c2af8c8e177b0dab2d8e40fdd34
bsb11762465	549	33665	eb1e9f56633dd40f4218929cc115f2bbe775a0480bbee28eb68686355335a59b
bsb11762465	550	34317	9e37e8eb7f89fee5962485d1f7ded8e50ffa9d940ba35165e387528bdd5ee6e3
bsb11762465	551	35131	4ce49c8230e2a4d73ed268e66dcb5780d2e5c72143b04ac1fef9b028e4d3e75b
bsb11762465	552	33955	c6608841acfdc9372d6637eb5b49aa84f1c9701c62f5099f292ac65ce7058bdd
bsb11762465	553	33081	92f35ce96157281199d68e446f173ef3d728080e81fc51bfbb3f3d7306f167db
bsb11762465	554	32680	518d77850b97a530c080dfd935c6290b860eb6dcbb7117f9d0efdf728884a6ac
bsb11762465	555	36176	aae99bdbf1b173bc59b3528aa167bcf055eae362d599000ef4410bc7a67a752d
bsb11762465	556	33445	9be88214cd67a92722d78a2406c6c157c81949da094881975da9aeca04c49f39
bsb11762465	557	33843	02a9f0384a44cfe17d10a02c7244543f42a51cc00bee4f6fc51b132770700480
bsb11762465	558	31573	f72570f1125736cf4fbc32ebc97db8f8129bbf54264cda639d807a9d87c21597
bsb11762465	559	34078	da94866854c2d730d12c197025c73f042f4b1fbc1c7b633744d00d0085e2906a
bsb11762465	560	35837	60e5dafe2e7c648a1417b268ba189de0b36015b14b9da3530ff549cbe9572e61
bsb11762465	561	32509	0187112f91982aedd06182a02e9aa09059c5c6ade5953870c85045b28c0c02aa
bsb11762465	562	34944	e5acd3437c655f50767ce97121e79fb5fa1c76ffa40cf4838f61b02d4be5da6c
bsb11762465	563	32350	83516318a19233fea40152c5f89d1b3f9ab8705f441a3406c43486e24d6e83de
bsb11762465	564	35636	2197a9f169b1274bbc5c0d26f505f2901322eb6fc55a61521123fb17dd3d31da
bsb11762465	565	34142	2dc8d0c712198859d43363c447ac78aa6698c8816273c8f7a8e8decc947a804a
bsb11762465	566	34518	1969ec54159a31ae376a01f4be1c6e8c45471a2295a3be8f28c4d548682726c0
bsb11762465	567	32376	ad175f7d82b4445507e041f0e426f800007cbc28c997077cace00ec0d4aecb12
bsb11762465	568	35075	1578aa36e92e7e16498639373e8ddc09829859ce10fc19641c3ed118c8d68d02
bsb11762465	569	32407	3e7c975559f1eb0b5ab1efe3f84b0e847e942b80545943ee39bbc9486b94c796
bsb11762465	570	33906	b432c5ec35f175c3e2806e29206a0c101340f0d3979a688a48f8f982c8144b01
bsb11762465	571	33229	b6ac3533f4910a1245dadbd15c051864ec75f34bdbc732cf34fbfa291745597a
bsb11762465	572	31923	3eb7df9575e261779111c1a9cbf8e167167e1ee202b18896b57bc6d0c99577f0
bsb11762465	573	32364	403762f2949cdbab620a665dc92d79e333809c2030233df8493656987d79469a
bsb11762465	574	34572	4f7fd4c3657652542212bae6af806494de1050e05bbbcf4c9827e4e301b3ba87
bsb11762465	575	32030	60b3ac7f95d7456169a9e32a4a1c69f4b3e0ffb826739b27fc982d53258d6fdd
bsb11762465	576	31953	356b9e37e5a2a708ee934cbc38927e059f1b061b6fc940891946447b23b2f33c
bsb11762465	577	33441	d7adf9ba4c49e3427fe0152559f335588cdd365f2eab1eeb26693615b6b7d33b
bsb11762465	578	33867	104c19dece5ee692fef737f9b89b0a9585ed0280ff66c07a6bd20825f376d565
bsb11762465	579	31360	2c31ec52c73bcc327f955422e429341193fdb46189d177b5c89318670ff4977d
bsb11762465	580	36170	28c2761dc482ca60cde50cbcbc56bac092b65b6a878dd55f8ffdff3c1463d72a
bsb11762465	581	31348	1febb918a6097e160bf013df25c2250a34ec5f90dab55ae91ac55bfc0df9a464
bsb11762465	582	31459	ffb3a60ab67b6aeb556c3640015a47fed95c98d963e15db2900db4b6295d7c14
bsb11762465	583	31929	3baccd3ecc6a1f84a097323a808abfe20f1bccf1de7370352e6c4b739e094ca4
bsb11762465	584	36065	103351b9b9c146c52aa3ab90dcc36b0819105e3be9691aef77fa90ffc0fb50e7
bsb11762465	585	36669	0f728c2436f7c33c84312c21d6dd47f2a0f7c0b5d293a72cd17f19476f1576fe
bsb11762465	586	31891	d1f21bd40d485bf15bb546f10444f017a6d2692631cd8d601c5784fc54ed3a9d
bsb11762465	587	33560	022c93d5b76ba98042f43e2148b84dd3b546d89928cda719a4828daa692ed963
bsb11762465	588	35964	1339ecb79ee096bb81165eb5a9d3f8f42a4df6cf1913915deb7a5fa4646e1c41
bsb11762465	589	34556	bf3d4f6aed7b200cdb5c6aabb5bc8e25a4067ce307d633ba3a578c91e04276a4
bsb11762465	590	35069	34e9a93b0da353123c61876c6eabb25a0ab364a4d548d471975695ef3842b07f
bsb11762465	591	32677	04181b01e94a9d52eefecf5a2d214873c9e9a813d02512e57f0b12ae746de7ea
bsb11762465	592	39575	6688d5eabeea206c6d1972b877dfb9a9dbbf23834b66a5c1309d9f5d0b37a286
bsb11762465	593	35588	7ee33bb0ed641278c92f0e7da54283eb3a9f83cc39cc6dba54de39ebb5d9b377
bsb11762465	594	35767	adf06324fe8709e39816444287a762f9e9870d4f8ccbfb2fcc3afdf5a60acea1
bsb11762465	595	32253	b41f3cc05fe29535924510c95c7bcc32468dbc85d4da77ced9386fef320abb4f
bsb11762465	596	34873	9d2a542020b3df1d23698f5a1c57f8c3f610d1a65df8fbc64267187965ef964e
bsb11762465	597	34755	c60989494ed49bf75488a4d75ffeb6d1e0088f7b52510b2052eacbd4d22564a6
bsb11762465	598	31359	7255bc4bea2fa71994479dec6177ea2fbd81917517d3368763b26fc18f7662ad
bsb11762465	599	33711	4adfdf6b7cfe71745f64d02d0fc2956fd5fa1f92f3fc3b0c95928ddd2be8c96e
bsb11762465	600	31796	c85e2e00ba709e5f9058f2e34c00bcad29ce268fc823c72edd5598fced7d740a
bsb11762465	601	31870	9a138e9b7f058c745a41cbb350418ee0a57dd1e1ad83e4e8abb17e77315ca3db
bsb11762465	602	33144	34d01f87518b9576acca97c4b5ae83487096dab2ea5da0e847a98af30eeb4eb8
bsb11762465	603	33644	3edad011743828b00cd7138467de9263ddff6fcf95bebd6ca69a249a8d86db0d
bsb11762465	604	37474	31f4f6e9f433976c6b00fda742b13b7bd1ce736d4dd3b7cc8cf81044766284f9
bsb11762465	605	33016	6ab917c60db9428ddc878194859ac0b645dc3accddd9f785598893c1698bd4eb
bsb11762465	606	34409	0c5e7f9f26e1d9c460e915ae02d893fdc2f90d290e9ccd5dd6fb5db9030d4f3d
bsb11762465	607	34678	ed5ef6831ba2c92b065bcb1d472ac986ed65a49442b85be5d28bd6f59b6bbe37
bsb11762465	608	33544	fa3bcd058679ce45dad2b52586bcd46e8788770f385595ead0129243971572b8
bsb11762465	609	33207	f89bfc527ae49317c70319aea8ec91f94769cf93e87707856277c860e6318fa2
bsb11762465	610	33755	dfa0bee096fb71280eb77497795074acf04f86c9b937556044c2ee7ed1ee49a0
bsb11762465	611	31340	9faa365547a6646da91ff5800eb34c3e8edb5fdc65603a09253b6d69cdef2f3c
bsb11762465	612	31034	c0e147814c6218af3f4b96b4827ed49b3e32459c3cc09eb842d692532c0a71bf
bsb11762465	613	34389	31b1e281c2101d077192e6d06087949855bfb519252d197f67c445fb3325516b
bsb11762465	614	30708	105cc11d08e703d2e0c4a336196a044912c43234bdb7b4aa99f2c5f801f550ad
bsb11762465	615	33830	adffe77f85178871b710598d3adf3eeb79ac4b19b21e7dfe66b4b09ed2f759a0
bsb11762465	616	35405	192ba7947d601e0751d80305601c2e3e7d7329f505048d0915255b513fb67b11
bsb11762465	617	34374	bca5dd78e95f0e4395f8e8b2b5a068283bebe5e305da4024f7145af34e54e9d0
bsb11762465	618	35010	23833d641907a47aa0e59c4cfe097a7a356b486faf1daee57fae89b2c30c9db5
bsb11762465	619	31890	74fbb15260b946ee659c11cf7433e57d3a0e11d2c0caa2855f3c3e274cecf86c
bsb11762465	620	32622	04e75503f4ef0b417c1c3006ba4ed041d16856e9a23ef96fe0c38b00f96c24f2
bsb11762465	621	33979	75888cb5566bc3fcdf573397dc63d85f2b042df32c626c8dda156c198b5f279e
bsb11762465	622	33078	f189ddcc37ae00c206c2ce2c2af095518f6f316021752b0d6998fbf0903c770d
bsb11762465	623	32820	2f1b6cd798664fa5b11547c24d411f4c3bb83037bb51451379b54efd362a6327
bsb11762465	624	31668	81e7cc83432ce70de5ffadc4ad13c67a4dc8ffa7428b303e3c81f60a205cf804
bsb11762465	625	31849	51a918d9a65e35ab5d6ab2c6609632c8d46b005ef48dfce569bfe748fe9f5060
bsb11762465	626	36122	7c89dee2f15ee3e25592806e723d5d11c3e439ef870bd407994571156f6affc3
bsb11762465	627	30927	dc60da12b726555b89af217fb485e9c44a00cd66b5a9281403357158764b130c
bsb11762465	628	34793	879b86fae9eac9c9238f87315498e383b47badd8294c7f939fc89170f25df7f6
bsb11762465	629	32632	0609cfa2d3fa854ddecde81c0fcf2aa2104a1bf23463c6a9d55a6e4edb0ee823
bsb11762465	630	36509	71a8a49936dcdae473dad5471f953566a2c9b7a5fa4c7481de3abbde17ec21ac
bsb11762465	631	34481	02441307d6dfcf64813da40fa22c836ceaa10d9c9362850cca4f0d9fb386656a
bsb11762465	632	30909	80ffd6cd135db4b4c0d467b29d9c475e31fa452590fd72aff7781a44ac2902c2
bsb11762465	633	33078	796c15e501b23e0de7722d2d523c6c6250ce9513077e4a55083d233348490ce1
bsb11762465	634	32716	135224ebf236e77490a03d54a85cd5b2911ead50556aeed7b90a0bce27f9f222
bsb11762465	635	32471	f103c532ff00b8f32e9ebb2fb698284cd7707f489e73b4eff64af694619c7a71
bsb11762465	636	32921	27250859c13ec1c6d3c645901fbdecece0b66c5ae1cd6a646ada33f7aa850817
bsb11762465	637	33107	a3e5998dc383810bbef559ea1cdcfded4964b02670eba3e3ec2c8556160050e6
bsb11762465	638	31634	5e0ba50bbce10792873b69eb10e04e0f8f4b2f8dbd8bbf9d3fead6d3a66d9674
bsb11762465	639	33881	13557f38924eae42c1df969f8a84ed708b33343148506d0a33cf9df542d5dcbb
bsb11762465	640	31633	ffc0d4e58ac51460f5dcd57e4d0380e02e525f1c7189509e60530902923b2d94
bsb11762465	641	34543	18eaa2bab8ec3398bf6a25d036aec38b977180a0820a31f696ff36c2d18a32c9
bsb11762465	642	32358	9cb7393feb90ef5475073d5ae8b24be295416c15f8e305a769b4a01c4c41e57c
bsb11762465	643	33716	6ddca94d259aa9ea973c451807e029b56eab0da0aeb197785134f9184c516a59
bsb11762465	644	37070	c723c26e99737f2cce3f8729eff625eb1511054ed1e1e3c43fe1b04d546f0082
bsb11762465	645	35484	35cc28987f358717ce9608ef82ca9d97e1560fe62bf87dc81970a656e95e0d7a
bsb11762465	646	33400	bfef74f6bf478f2b20c980e2749682f7073f64f6d6abc78950a7b548ce2a896a
bsb11762465	647	35445	b636307e29139dcad22e7e9d4cca4345df629f2dd08ed148aa2f2606f845ee38
bsb11762465	648	35914	c03f9285e5a732c4c6e9ac7f35bf78b8c6f1a2646e10685fece36c277ea654fd
bsb11762465	649	33005	11577dcff5cd648873f04796be22c38708f880d6179efb7f33c57175143e9ecd
bsb11762465	650	35533	229d64d5275857707068acc524211dfb73668514784179fb89943b2fd66948de
bsb11762465	651	32409	7aa421415e81a57d90a976a124735e754032d37cd0bfc0175badab999d6c7021
bsb11762465	652	33240	16c9b8809624c7aa458e0907ca8cd0b396d1170eee5c38f33d54e0e71b321bbc
bsb11762465	653	32836	2cd95130b6504a87a9ccbf6d37b557038c4b4ab526e2e637b92dc3ddd6892181
bsb11762465	654	33197	ce640eb9e57985abd98b873b83d9fb87b749606e3f38d5cefe02542393c4c659
bsb11762465	655	32594	739421b09bfd2b087671099a79c74e165ce5f775ca8dad5abcfeff858ee747c2
bsb11762465	656	32856	127e710cfe18b85bd69c328c3ad8b8df4d3518ed3d9420e929ae601a979a733c
bsb11762465	657	39416	b10bab8a5788dd6403764c186e6faa7d9596d20b85719bb74a2a4e5fa1a1e6fa
bsb11762465	658	32130	06a7c6ef928cb642c5bde73b9f2d86d05910913798e25fbe576237c59c62950e
bsb11762465	659	36098	160c1579b5dd5726776b441edadf3da758f451ee2fea6600cc980f4ef6720f46
bsb11762465	660	35110	7076a0bed267a07ec53eea9ad96a3c4d4d60c74565b453bd8c8cd2d1be12c1e2
bsb11762465	661	34347	9d77bf9079500b710832d48ff5beb12f77fed201b3c07858bf5efe3610ac7a63
bsb11762465	662	34316	0cda1919756282358fd02b0bb1cc01f80e2c331a5ee3316e6b4e84beb31f6937
bsb11762465	663	34725	37e1c4de27e124c969e4fadaf77cb3d7ad17e603e0976b6ce9b9986fbf0d12ff
bsb11762465	664	33233	6830e423a7bea29b9a481552ef9e1a9e3474c0b5fedfc2153d9f06eaefa51f2c
bsb11762465	665	31011	68db371b611371c2179b755e1a5879b12eeeec0f363118170fb6e3e5e0de6ec3
bsb11762465	666	32412	d1be57b7dce1913380a3e6c1c9d5b2701db34651a9bc14f0af08485cfb3ebf03
bsb11762465	667	31648	32371fc114c6650bbbffe9ccaae4997bbd584fd09e76453bbe883a0ae3911c09
bsb11762465	668	36489	cb3188c0b788413a1098a518f9aa75646756b51b1265f4621ada6a9f585a0344
bsb11762465	669	33391	bb0ae0f367d212ab07080f48c5234cbe1e21fdaa0074cf5ac0e3b26a4801bebe
bsb11762465	670	36740	45aa86225c4aea34f4b933cf6be88fdc0cf4f4b71677b1d198715d548b4c9fbd
bsb11762465	671	35701	55662b097bea6f94fb546283a7945e7d5888376ae13ddb9b28a8f1663fdf343f
bsb11762465	672	32770	7e10a1f90243c362b0cf1700c26075d83c2f13256ff73154444891ca4fd03cca
bsb11762465	673	33547	38be44e42c5688fb353584e74dc3f2ff306d855fc547e443d82a4773abaa8fa7
bsb11762465	674	34539	a29bf6cd8c7ad4c19a9eb7aeb04b3d7bb8a7bb78895173511149fa6fd84165d1
bsb11762465	675	37812	f1a2d4043168a6a23c592ec8657613b447df8b6662c26ef4d38356a9b78a76b4
bsb11762465	676	31515	ac16251425f6b78037d8804fa686412c9acc9ea54bff3ec0ae7c87b0b3d1f1ee
bsb11762465	677	36011	3a8ab8821ce0a829af6e59728c47b61c49a3c611cd351b94f3d3088880d472b9
bsb11762465	678	34714	2dc3104732666f8df2aa270fde1d9594d1e805f0b84209a84185216bc456e171
bsb11762465	679	35097	892e8c2c7d83cd12b46e5da5cf8d8846ebcb3ec18849aa7d5ea8c2cc5d151b34
bsb11762465	680	32088	ae80c5009342d054d8eab28890b2b88b8a8e6dedb6e114fb4ba31d0f1a1deb43
bsb11762465	681	30412	56626624f045edf6721570c44f0c566b7a477a29f6d73506971d0c7cb7180535
bsb11762465	682	30693	73699db3a1fc90fd01b3cf0e9301889ff4ce654792e38f9ed0b30a25e8c7b535
bsb11762465	683	33808	87d54484dfeb08159755a208ef01365d01ba9f5742dab2ffe0d282ddad9cfff9
bsb11762465	684	34097	0de2d297dbba165016f8a354ac1b64eff2b19d9d5088a7a06a68692b2d9f49ee
bsb11762465	685	32048	6130354c57fe192ef3fac3adb429b5d03f61f125b80018bae730cffcff6a163d
bsb11762465	686	35795	63f37cb972f7d2128b8b8c594ec54cb9df0f09c60331375e81c3f8d4cf304c0b
bsb11762465	687	35601	fce57d6ad75efc1e48a44d16ba1697f7101f0aa2ee1062b179fdbd4c2f65cd18
bsb11762465	688	32190	b3ce038f6a3be4cbf1718d511ca962103da4bdf681945372912b1fdffc1a20fb
bsb11762465	689	36574	6b9ae60460012d6bf19738013e4099c0648af998c40a55353390ea21d1bef365
bsb11762465	690	36373	e91473de95fbe63d438a074d43cccdd0b86ab4d05a5177f237cd8afbed1b07f8
bsb11762465	691	34983	4d94eeae17c4fc5305cadd22e097d818a8be609cfe762c0dcca3e2ae051d5cc7
bsb11762465	692	33786	11ce52e15e1d88941b69b427a2fc88d4f57aa798318ba6f6dbee3648df3a3fc0
bsb11762465	693	32479	dce5b6ab170532b8a1b8f8223e52327a4d44ad67259ba8b65f61d4af0e135a5b
bsb11762465	694	36476	5da64e1d1976a85f09629a9d8264dde29e567b1c94b21a571e78bf700d125506
bsb11762465	695	32889	a8ed57995008b8b58fc9cf069125afda3afdd0b4d012abe51de1cfffa06d1834
bsb11762465	696	33580	63c0c788a1f411c119b461809d45a6783e203c922c29ed72e3fd8655360d364f
bsb11762465	697	32266	32d342da442b993bfd3f1d28ce83c7dcba535204695f702a1594b90bf78406f8
bsb11762465	698	34373	52afec3aa71d677f45cb9cbd29e3090643d5f15eed72a496660f6f4b079e4273
bsb11762465	699	34506	852ddd02c981069c1098a59f75a7390aaa979ec2aae56ef3e01be96646c598e5
bsb11762465	700	33396	4e8a1e9e76a517b2bc12c4de85025c522cbd2ba0dfe55aaa5eac6cef2d366f50
bsb11762465	701	31506	18cc1f77c9f29c9755b798e1cf42cd0ad6bb61767e2de2e808730663ad314e75
bsb11762465	702	27086	5a710f43504313693d9a4c12ac0c6b191e53bcf612aa83f94b920c2a27451d71
bsb11762465	703	33192	4164d49b700efc5e275163a802e12eeab49b7543b590ab5f613fcaa3e4341b9b
bsb11762465	704	32890	b894560d48f77eae7a071b8373ceb3aedd5765d27c07183561f92e8d7c3d5fd4
bsb11762465	705	35361	4398f98d68aebd296af97a378ce6ffefa069abd8cd77a523ba720241dee5179d
bsb11762465	706	34759	9e92eaf6072234c9abc6818a67eb653aba2d94b3e2166e49089f545b06fde072
bsb11762465	707	32945	79237bd429420b26c9b9774109372178ff933dfd1f198865b3ca3fc280efbeeb
bsb11762465	708	31908	2f625b95908d31cf5889e25d13d0c50da8f29d11933523c62fa1c58220921e45
bsb11762465	709	34559	12e4ecfd8de0acad99caee5ff8923a6c908ed7f8438bff1036452c0dc1ac7e87
bsb11762465	710	36565	5ef474b8307efc44df3489265327e85629d10faf735b1f2cad1b94ae98bb0933
bsb11762465	711	35501	a23c975e5ce96b8d1386e9eaaa929d250826cbdbeae21024b73d597b077f771a
bsb11762465	712	32154	8b1adf55f8fc47da6a9ec209bb6923cccdc7012e0f0f1c4df9e5512153e1bf75
bsb11762465	713	34816	e865ec2bcb5d155f964ccc9d2753234e696efe66237c3251f8acbe75e43e0d45
bsb11762465	714	36485	6181062fdc56fa7fd4213b6b43da986ce06efa414e287a203b3056c877fa3c2a
bsb11762465	715	37487	428f9d140ebebf0dec945e4a7fdcd33ed3a51392e59a45e6ede57d83581573f2
bsb11762465	716	32385	fa99f15876bb67c0f0b527dd661064863effeba81f882e88a7d7eec0f96ec1c9
bsb11762465	717	33405	e79cf3a925d0ed58a9c16b007789568d69aabeff8629097208e29607902b6860
bsb11762465	718	33257	93489a28cb0d1674a4c70aa25518827f210042f58a63c42f86f0c8e8f9a81fd7
bsb11762465	719	34213	f32ddc1a7e1588315d56d5c8e086e293be79d61642ceb3b7a88fb216bd86a5e2
bsb11762465	720	34370	1781aa5a4ed7c7723abef87eb92830c14946a66955af2827844711dec6b3905a
bsb11762465	721	33467	22b472c2ce8e60372a1934a40a743246a51e1c5103ea57910b3df6a83edfdd50
bsb11762465	722	34681	db8234ae8ec078e0370a27e9c5267261ce2a859f9095975a8e4fe7d2312d977e
bsb11762465	723	33190	1a7b4bf6a653af8286dfd1dd98e4b921f084485fec726bc96b2f113f7aac159b
bsb11762465	724	33072	5d7a26ee3e7562e10ba0985b2bfcc26acb053aff6e33a619f5cb337c47a90df3
bsb11762465	725	35430	ed4477957a1d4429f65fe22d5bf679226879aa5de7c0abc642af552810627817
bsb11762465	726	36018	a92c9115f58116f694a37bc024885d264ee46c6f466a494d76309ea758833af4
bsb11762465	727	34974	65041b9c8c45f8c8ebda2a45abb18327c092cfc355d2e183366727bf0eb4c3af
bsb11762465	728	39207	8fda0e7fd2130d684f14988d91c3edc93bd17f51cb815bf7e7bc407aba55c1be
bsb11762465	729	37533	c8fc50b71589803825340ef58c9552a42d72ab7829b0972fec4f4ed84060aae2
bsb11762465	730	34244	b397ed36051b47b1e83a4849170f1072427471280d6d854f37753315bcc8a3c5
bsb11762465	731	35890	9668aee8c13e108dd01fffb984a8be8d830949cef35d802d8b462260bbc28de8
bsb11762465	732	36419	36217497a06f45aa46e70ecfac9d9419ffd0153123c49697e49d4dc481daa3fb
bsb11762465	733	37040	65646a5541c8358d2169dff465324d479804cfd3b33a8ed8a5c9cd9cf816e40f
bsb11762465	734	36663	6e3d96afac0f669e889decacf72b6788c4527532c9692415e1782f672edb3da4
bsb11762465	735	38159	fc1f42effaf17789f1b7dbbe2404eb6b3146f4f86ff07143b3e0e3e59eb7c51d
bsb11762465	736	38144	ea2bf21da034a6df48861436e737be35d2a505afab2287a13e8a1cfec0886b0c
bsb11762465	737	37327	70b2ee1587927161fac09fb1d9c5d53ba28cac8937600dbbee0d4979c25c9096
bsb11762465	738	38179	565f303b7ff7c152f922a651abb5fc96db7082f8dc6a414c1af32850a3b3137f
bsb11762465	739	36140	3e7bed13af4420d3f1ea746c48a7fb01cd73a5736073eae96699c23a77aad4da
bsb11762465	740	37006	f6c545cd42f6bd980224d81b2b8ec96915947b6c2b7eff278e2c97eed946733e
bsb11762465	741	30312	cae378b90478ee507780bc1d05d7e9fa36cf788058c04f550a0289869a0361a1
bsb11762465	742	31704	4fd9aca803fe171182a387b01a73b8d1417a88f8a3b777a31496ab74894a2d4a
bsb11762465	743	36687	e737681006f70f711cdcd717c541bc899c41d038e0ab8fcc2fd45a5955a00b1f
bsb11762465	744	31288	f46138200bb541ec4a2fde322035f71f4d1955783385a6483344e626e0c0ee1d
bsb11762465	745	33846	0e2c4a15b5c76cdf4a33d197f02c95c48043acd4d5167700699e5b6bc74c8391
bsb11762465	746	34958	00a6bb299c04d384f09637ac0063b82961d4e46011e926272a05d7a353a11d72
bsb11762465	747	34751	a6853ff665a1681408ded8a5855a73b5aa6826cc8113f2e174d0c3585d336e6f
bsb11762465	748	33800	e183a74e6f6a6d91a6e66de847ccc05b1c76552f7d5b751cdaa5917c1e5911f1
bsb11762465	749	37254	8d3a39f684e9e76a544eca5f7a40329fbbc4bbff20a871ac10aa36dffdb4acde
bsb11762465	750	33959	a41c09d70e2b83723ac82f455f591cda96bc3d5d0fdd4f9ec6e91d2f431b07b4
bsb11762465	751	35188	8358154e27755876a8af0f8b145b4f9df5913cf79bf86054bd8014cc66455b8f
bsb11762465	752	33531	246d73b2df4f714564d533cbfe31edf1fdc681dad6a2d0f106f50435049cacf3
bsb11762465	753	32699	3298854de5951bfbe640416213083709fd6e261d26ec9f2db85f90607e9aea72
bsb11762465	754	34707	a72185b1d56c6bdb7c679cb6f445cf601d2f6bad0d6904ac717c4a4450a6da4c
bsb11762465	755	35947	337cfb84fe903b464a2056ae1102e953cb6729bfc35c4ad2afbd88a8494eca27
bsb11762465	756	32998	fc9f4e1d49fff8cbd738b016a49dd7c67478d55158bbd02d27c47afdbdf28638
bsb11762465	757	31138	0f0f64aeae7a2f5e103a4352826f54b5685bde724e569c44006cc553e1db308b
bsb11762465	758	37542	6a6569322f353c0b108053f64de714227de02b3a2372fd721e8c92e70378d7c7
bsb11762465	759	34028	3861d788cdc7da592ce044dcb72d4d7ffa5eb9d2333c5457d764c76197074fb7
bsb11762465	760	31404	ba8269c4fa5fda10ce70b21fa3945cf83b50e6a3fc8858a704867ac2dc70e7ef
bsb11762465	761	32655	28b53392ee41976e21b67c06223d566d4dd997ddc3a4617cb90c1d868f183466
bsb11762465	762	32126	a0b3db06130e7202a7e6e2538dec4a72d8365c51f27d2e68963c0850ed64d9a5
bsb11762465	763	30964	2659e189bf21e5a6381fbce12c78f617c83b5bdbae77dfa9e30d42cab4d8cdbe
bsb11762465	764	30109	38deba9f84de2fe3c7ca63c6212ad42682f5abc1047375cc61dd0cad2c7d8b96
bsb11762465	765	32995	929fbc6a808eddc23f85800d33bf24fe77d1831449438388a5b78242689506eb
bsb11762465	766	33134	0b236e44d542a560204ef607265ed60801621318d8b5e672a1761f5112f310cf
bsb11762465	767	32304	5a831a47270de719f1e35cdf4584e9f6c0c2c813e498e2204774aa9dce3780f1
bsb11762465	768	33552	1865fa1354c40fdf146ff6dbd91d8826249d3d46a5bd5efd85be3d9386210322
bsb11762465	769	32330	c63a2b996a98cefba6651ca642e590387b3f578c258eae335fdbf18a3144b2fb
bsb11762465	770	34489	62ea8b7a605301c7008d08ad3ff10f9e6b542de029dfa8148dedcc6f5eeda742
bsb11762465	771	34326	80060b0a6edac2056d7dcceebe69396b8cc2d834fd30e639a939346c0ccbb57c
bsb11762465	772	33288	2a5091eb7d761eb79d0dea9842dbe45675a2a41a69c809118848c52376ecd43e
bsb11762465	773	32138	37c8f77198f1e6219bf254a1fdc4825c0cabdfc901c577bdd3f33f7b769122a1
bsb11762465	774	36206	8f8121e1da325aae4c13b0666cdaf74ef3c218fa069ccf5f3b8bbe28a4630abd
bsb11762465	775	34040	bfc5f15c597b305ea526bae3d36e5f60c2494d7d7084f215c0e1053b8d81a2f0
bsb11762465	776	32685	53d7543c3bfd44618b0402e1087a5512ae93f594ead122918eac65e7af77af2b
bsb11762465	777	34534	c88004583bd4eae5fa8baba0ff57a530dd37e06251169326c0111750c3ef2bcd
bsb11762465	778	34945	74d5ae953ee92fd7f2cebdfcf6fa3c935ba42fbd38f2a622f1e3d2a3830ca787
bsb11762465	779	35516	86b94fe8ee0241453bc1cd0d0e28f890f94fecef4ad1bccc698a46b589225bec
bsb11762465	780	33523	1ad7638c75ca9f29e6d4f3bbce23d9b9867729040a9ce5bbb4eefe564b4f27fe
bsb11762465	781	39123	688d80c06da3a3b1a4046ff94988f77ef05d984d9c62886b6209c7f61708ba03
bsb11762465	782	33894	e09f7079efe3318dd5b85ae0317fb8590f88855b3c803a9b200b7f73b3687f47
bsb11762465	783	34435	79b9a628a2223fabdcceee76e6c1806072ed56242d0a294c7c7d4b1638722b06
bsb11762465	784	35657	61efa78c70fca8d044046b4fdb80c80c1e891866f3e92f7a65bc52f26007cdbc
bsb11762465	785	38151	8d9e2fd5a5cc98250291e648411016b30db945593d2e89c78ff0d67e43495308
bsb11762465	786	35432	a8bb6d04ab832461f7aba44db9a1c1e327b2d01bcbe21b1e6bf409276a988e94
bsb11762465	787	33942	6026e680333271307c54dc0d71a571f5d7c42f75b0cf875391119f61877c24ba
bsb11762465	788	34688	f05c42fc0ae1b211a773d477bf7730a128bf56dbeb0178f18f31040ad83b7011
bsb11762465	789	34299	71a66cdc8fd75e9ab8e9f0486ca663d994fd2df48ebe606d53a8934807e85c08
bsb11762465	790	33332	bc833a38b048e54c46c23ea99614f54c8fbcffab7dafcbe66d46013d568bcfa6
bsb11762465	791	33496	3b3e839131f8af1bd1b997ce321d81208619e60c10ca55f6ab073547842ed94c
bsb11762465	792	36591	69732d234732dc8f3595a6344fa7d2f51c8d0d146c361cd1a30f94c138433c87
bsb11762465	793	35376	e37ec2abe565d587e08736a46d4dfaab45da3b3bb01319ec30a0cffd572d8bbb
bsb11762465	794	33642	15e80870c7d8240082b7bd117ddd328f930624e37877a4dfbd8c4d80a2f8178d
bsb11762465	795	37103	a06fd9ebca996d90139111b693afdc128da0bde209a9045cd6bfc36b9a683dda
bsb11762465	796	33493	081722313654282c4ab647a676019b6afb1b0e6864f41d966f6a54538a12ed1a
bsb11762465	797	32675	5842e8838e3b549cdbbaf615c2756489c7a6e8e563409e0a616dfcb39ab55e87
bsb11762465	798	34406	bd18b0b010ae030ea242b46d8e4262cc20b2d0401b888d36aa777aa7eb6af245
bsb11762465	799	34316	48c62e1cec54c3ff664dfdddb54f83bd2222a8de5ba15ab58c14e69d09a90379
bsb11762465	800	33815	18b32d5950fe528d24c9c8fe2e45dab7811cc6392a04f370713cc1e28f15ce8b
bsb11762465	801	34251	ae05429f7d4cbe5932d4d4367ffcd933d432c25ba98db337c9509560e23cbf9b
bsb11762465	802	35330	e7cce216d83ac4c9029a39d842b329d9766c64eb5d59f1e70e41194e13c17a57
bsb11762465	803	38058	22c683e9d4664b1ec24ad403e598de9e055b86557b7fd349d106041c5c8113dc
bsb11762465	804	35533	828e4a3040d263dd2fe47dde4edc2687287a5592355aeffc3739178902a22d75
bsb11762465	805	33903	c4d9885b0270b8c592beba9383eeb71814f9f867e1e5cd4f47ec4036e01561b3
bsb11762465	806	33972	b9a5a9bbf64c5d5fc79d3c31ecefa8b2bdd9b9995d294c4525bc3ec90e2f58ac
bsb11762465	807	32709	7e2af42539b9e08e3e47fd44a9a68ae131920f1abf5c14b614507abd571f858b
bsb11762465	808	33786	dbe76b31b9b80fa4fc44c11e19d8fae0c63951bea1a5d57a36b6bd0164ed3fe8
bsb11762465	809	31961	b7e17fdfdaece1b0c725433bc2156858fbf4ab9015563ef548cd593884b20fad
bsb11762465	810	33407	a4480d5d460945badf9b9af7a6307ef4beb3dd63db1f6f7e75df8843f0d9c257
bsb11762465	811	33615	1cf6ad0c485d2dfdebefb2654b49a065fd16021d2e30ae35f54e67b7883db97e
bsb11762465	812	34038	47930bec7dcaa65d226b24c328c902302dbbd8d2355c77205547af1ba397fb99
bsb11762465	813	32732	66d29f5f8f166a9bb0cb7171309b63d2b1ddeef84d2ea7f06ce28f0ed4b1af22
bsb11762465	814	31709	388995090408dbbb50c39b9c889aadfb130037ee1e0e134b9bb7195bc17c629d
bsb11762465	815	35687	b09ebe123043dd0d349b8283a2f0634f96448f314131086495ec068d8da2abeb
bsb11762465	816	33986	7ebdd1206074224d4849403ea6ea6efb3b78f669efffad531fe7811f11434221
bsb11762465	817	32791	90ece3fb316bd96bfa2192f210cf8ba70fdb8359ac8b6298583d4b02a4e75ad8
bsb11762465	818	35879	d7780837280b4afde8c70d655281c0b0f293ae552f5f23dfeb10009930eebcc9
bsb11762465	819	33508	fc82261c80385bcb40c7c1097dbec209d9f6ff9abe8736033e7f1b3129dd99a9
bsb11762465	820	35202	1364a96020b9a4ec8aa176b7ae99fa16f8e335d46be285b18d4f936608285a68
bsb11762465	821	32311	565e79f39eead8dbdae8c8a32f677c5c202ca60c05c91cb772d74b88aa9b3145
bsb11762465	822	31917	9974c67e10658337ebc266362d4b745a710aeeac20795c9318fba3924513e761
bsb11762465	823	33921	093ae91807b84f2980c7da67ee40a5b42982c95c1c3713d72340413f75197800
bsb11762465	824	37667	a9a91c330e5863f38828a59e572119e2f7331ae0b92f1d35e8c22970977348c5
bsb11762465	825	31664	a904f74351c076f9e3ef168c9b1b4ff617fb5e9b79688271257373cf29d54887
bsb11762465	826	32744	4d4b7c66b1aee49efb8b7dc7f548e5a199eae753c31f5fb560402757ef4e531a
bsb11762465	827	34875	54cedab4e07d52ffe182514cc1ad2337a5f1185c1d56bf7eea1b44ae98c6c7d6
bsb11762465	828	34534	5ab95f48965756bd77092f8c6c89b497e0fd3b6f7407274dada23b6529bee0d2
bsb11762465	829	35196	3d0bb0b3256d91a3c60c9f57b350145198d00d6248c31b51e8be570b9592b8e6
bsb11762465	830	30765	6c9ff3c3741c713a6c13de7c2c1f203bd502e7241ea9641021769ec72ba259fe
bsb11762465	831	34320	034dadd163e078c95fb80412a3c131604fe40bf3cc4bcacbdc698e3c57b45bdb
bsb11762465	832	30673	f55c09057b49cc442395d46b9113c5625672ac20fd68164c3085160f360a051e
bsb11762465	833	33469	06d9ce5c7fbe58bb25b55092afe40ee1df087b7864560ccfc3e15a6f84b97fa9
bsb11762465	834	37899	43c7773cedc4e5f54158f7338e3ac3663d95eb12f32419f13d0e1c30f513a069
bsb11762465	835	35063	cbc8a92d77e14ec38d42568889398ba63b29bc4e63f1cc078b71ae6cc8ed87f3
bsb11762465	836	34912	3634ec7eebc9fb899996c9bb63b800fe309639008292ef8f4e1fcb5e935f29b5
bsb11762465	837	33691	4db9d31387e406588ec2b31d6d3276b113499475dc882aa79f2065c20ddd8202
bsb11762465	838	34560	5e7fd77f539865853981170d4bbc8b3e645205dbcda27bcdff83c401b6caf590
bsb11762465	839	36863	2e069d06811c264bc06e3a785bc334e21de3fc093a956f9d4137117886fd82ad
bsb11762465	840	31497	6690425af49886de8e3573be081fd9fb272bfa42c54c36789a19be817ec753c4
bsb11762465	841	30901	83afeceb2fb620dcf86f98d4bdd44abc4b23f8affea8f53c1c78137cf59eceb0
bsb11762465	842	34142	df00294b73c0cae1a5fb09bf72718988d92da08f7c0ea41c8fd03d6efda6e031
bsb11762465	843	34414	1b7352faf14fcd4af88c7b4fe5357d4709aaae80617d01cb72dfdb3278a1a012
bsb11762465	844	34160	5a07b9cbb942aba6daf98f5b01d5c32d04d68b3cebb9f383c85dba3277e11daa
bsb11762465	845	35044	ef0fcb10c75a6c28a4996e41fe2d7c6062f9eb82712d51c18ad51cfe0fdce7b6
bsb11762465	846	36373	1d968857af04104a1d73ff02fe4b808cf24d808edf2e7a520d6195d5b090da08
bsb11762465	847	34938	20fd6c52a9dcc6c196282a27d3d281d54068e044b3139405e4d91e05acc2044d
bsb11762465	848	32551	a0e479d76028753eaba16ad0b527678451662240019d37290350c79c24e1bcf1
bsb11762465	849	33428	3c580a935571d6c62cabb67492bd5c0ff37084a4d2c9e1d778f08cbe72b5097a
bsb11762465	850	36612	29c51ff8c6eafa996dcc47e4877f43fd0d5fb7b871550018c3fa435726b629d9
bsb11762465	851	33601	c74ebeac01cd424e49905ef3ea84aad41d1effac39809c151d895a840aed45bb
bsb11762465	852	34342	9505b8baf74c4a16f577a81806c6be97090effc10b96a2d832bd4f9ca10bca4c
bsb11762465	853	33425	ee331782c4862332a985e3a6cffb3ab7114e7831c656af91e423af5938cbab0a
bsb11762465	854	33444	f57d7dbe865d0755be34d098b344bfe3374c951a972e93b32975e797e7407547
bsb11762465	855	33995	b8d4f1ed880147bb48bb7efc1d022bb9fd86598a11b2ba4ea1081254497e3f07
bsb11762465	856	36985	a9f5fbb58e0dff4f0a17d66cc110c90327016e0ead79731c6fc544b1ad50a7c6
bsb11762465	857	34781	7c15f250211dcf099f2c5846527ebdd83ec3ed4560cb2b69d52d975a4d92a311
bsb11762465	858	30138	c82d0a29c1639f3fef47af5f69453e80b220ff9d20d3b4403ec7fc9f786aec11
bsb11762465	859	31564	af1a89b1c436b585f209b0abcfd73b55d3791dc313f473b8954401b3c09f8f7a
bsb11762465	860	32745	ce556433a3ee0fc06f0252a0a230e149721fc3f895112ac6c750959b88708aea
bsb11762465	861	33047	7ecd3475aa91397aa917c66fcfd748ecd8647870cf47edc9ae0616e226ccbe36
bsb11762465	862	32801	36c6cff923bba362a7d3e2d32b865750aae1700f638fe52a75365270e54151c1
bsb11762465	863	33901	6151179ebbd68fda719f896f2ecaca4982c828d8b0641439d4e0d3885290d71a
bsb11762465	864	34676	b331cb5a292e3cfd1d4de85f902a8136ae9b772a1c45d766fada15c4e96bf546
bsb11762465	865	30365	96821f45857a96dbcf143b649ecf9b593dfc5859756c6e9cb117c765dc03a5a2
bsb11762465	866	32573	a9847c535e185ee6422afcdbffcc86997c2b1bd105ba802248c74e23d593ff19
bsb11762465	867	32175	f18607aec4b8c438fa69024be02db531a27f36290628e4d5218615b8d6971546
bsb11762465	868	35755	42b067aaef019f68c8de7d9f45d03bce8df81d42a6e5fed4a2d1553aadbfa31c
bsb11762465	869	33240	2708af54f615d6ec01a6f9e18ca4b4b950f41640d1c49c3f76ce17e60f71d6ea
bsb11762465	870	31823	5af99d6f634a7845c05b9d08441959399a14845496c355ac3cc8ae4b69d63982
bsb11762465	871	34546	f7dbd5ec78ebb7946c3bfacdf14307ae6dc4edad3061b4d1d8f92f199753e43b
bsb11762465	872	36699	5d404e1ee9f995d2feaa3a8c9abe0d3e2ecc6fdccfcab1f616842e9aee3b2e8b
bsb11762465	873	33182	4aa68a53317c2e77557ec6e60fbffb4b85d4b5b9f6c211bf2d1f145ac6afcab3
bsb11762465	874	30679	6b6749d04b8614b872c065e4e88386ccbf0a3b1f0f7e4585559a048a10854f43
bsb11762465	875	34009	8946d8c874d75f951b177165b3f40c263cbdb31e884f988d89ca3e1352215351
bsb11762465	876	31500	583b2cf68e4075395447086911f28b01057370927b1fbebf0453e222d4f283e0
bsb11762465	877	34446	f347c10ab7857cf15ee6caa77709cff3f75756b58252c6bb9268c2b6811d1ac9
bsb11762465	878	34024	01ab0c86e75011d63dd93310f7b9b78ed1b74627bdccd82fa99ceecbce745257
bsb11762465	879	35371	21efd658738a85aab0de172871c657c866e7ec2386d40a62ec065a9613d318d3
bsb11762465	880	35484	c1c3d8a246be8a4a2ca21a2672217b4f3308ceb6c8f06d9b9de233c85355629c
bsb11762465	881	34726	393a3f0828de5d9956c6ca09bdeda14ecafda7c4f99ff7f231f352e07e56a874
bsb11762465	882	32375	46adc8eb83ab6dbb8790b6f5ecb088a509d3527a210e1a3ed51e838efa3f3847
bsb11762465	883	34208	06b17ff920268050bdc0d2d8220a7d8771a7e3a4a1859d6d38646ae300bb3773
bsb11762465	884	35436	39a0b0bde5c360b58e1cb7bea9292ef110117bf01f34251faad12b89f8b04a55
bsb11762465	885	34323	d80ff38a3e1f093035aadbea8fbbc7819e29e20a442fe95a6b3cc794871e66e0
bsb11762465	886	33518	de41245ea3d8bd456aa813f78300106c372da424ca8b438fc3d975ed1d3cb8a7
bsb11762465	887	33892	19e7c1400933c3f7130e248c8001801aed80b3f46b4fa570b7a548b7c13062be
bsb11762465	888	33026	312412840d64c3738415cbf41a0854dedb7564a6bfec1a49e962603689ed649a
bsb11762465	889	32529	8ea9f50f67913f5dbd1395c0fd58ac6bbe65f2eb8371ffadd9621b0315ce10ac
bsb11762465	890	32777	759c7ea351d3ca444befdb848f9ff331eb734bc374969e37ee78bfdeb38bcfbf
bsb11762465	891	31285	baefb3ad803f394160e9e54d8d42b822a82358eca94a7262ff9e465678d27ad6
bsb11762465	892	33281	6675e298249354ebc4e6b51b9c4b4a4cbbe9c1e8930bc3def1ceaa8a17ef5908
bsb11762465	893	34316	b6ffa895dde52a8b9cdce78deef2949b0dc9b8e4b521c42a4baa2d669955e37c
bsb11762465	894	33179	9fb40ddff7ff8e9a0ee27fa10c6d3d9e577743b4d639cebdc662b62734ad7c23
bsb11762465	895	31014	ea328da2dcd435817ac0cc55fafc527ac01e639f9e4c62b87d48d00a25a0e29b
bsb11762465	896	36081	e2f1223cfc234a31a09238aa0fff0a3d83bf94b6b31b0f521f13403bb07a1f10
bsb11762465	897	30929	e922884bdbcd9852e6ef306fa23a1e232ba513ac7518b5a1fb1194f4d5e21f5a
bsb11762465	898	32802	62b60136911d6750f0162aafd6ea447559f8a3736da0928f9d361ed7fb29334a
bsb11762465	899	34652	0b2e9992663d436935bccfacc59b714f7053cca4691db4632eb28643df85a4cc
bsb11762465	900	33250	275c698a3b58d3c5ed5337735ef1b54e4757d81a470c02354919dd2d16531aeb
bsb11762465	901	34286	3d99fbe6587e51341add2cb567e1224b61c550c0428abd56cb8ec35e74b9ab2c
bsb11762465	902	32777	40ea9c5ae83504146a1a7ab41673b791d30e30beee5486c8cedbb0740f64b0d5
bsb11762465	903	30338	4a662627138c94e3a2e93307925c541cf768d97a5bd0d44d7f77d7b7ec3e6885
bsb11762465	904	34894	e4cf8c25f801ae652d46f9a976b17e691472ccc85187e27b3ca304b3e7049087
bsb11762465	905	33134	c7f5200a2d2d5d7b8cb9ae9ea3b694e092299df0a40ee30ef7c1d0b3a681b9b5
bsb11762465	906	34938	52884b903402e46c9aa5fc84215a72a1fc17fc824079717cfd1dbad7303ef17a
bsb11762465	907	31071	d9eef114d56a533d1a00dc24ff7b3c3532d502276ded9f50c9202a51d7b8af5d
bsb11762465	908	34809	e7fae5a9276c68daa2eec21850a7d1ce487dd04f6fcd7adac911cfb5598e43f9
bsb11762465	909	35237	3874d9c4329fa2e2454d7240edfb0e8aa75c80ecaec47236f778bb13207e70f1
bsb11762465	910	36466	e56cf2b273156d644350be0267af31b04880545b9d305cb6f6c10a5aa1b893d8
bsb11762465	911	35879	a9cbdadde18a766e0b2d8b96eed28ba7764ffaacef3c037f5f5428356c4d2998
bsb11762465	912	36331	f601eefe9595d29edcf2e3e0714c2c8a51fc64f972ce5092e49b6ddb99295e79
bsb11762465	913	33964	c7afd046ba2623cc2f6f08f070791be92cc84b05510d4d77727afdfc89c0aab2
bsb11762465	914	33306	da06b58b825e39dbdac3cc265dbf7993d1bdb4a0bcdffb3e37884d97939576a9
bsb11762465	915	33711	801bd2f026eb56bbdda0ce2e4072dff2fcbd2150a2a4b2ed92498bb64382f20a
bsb11762465	916	35264	8b9fbc43d1685ea47a304bb34dcd9762ff53b8eeceface92edde4c0db78283e2
bsb11762465	917	32320	913feae9373880693bfd292a8f110025b1f69726b3c06844c484ebb2c910b8f9
bsb11762465	918	36034	a1ae99b96446ab01aa19400b805530e27580c1fb56a7db05a95266b2b0e6d555
bsb11762465	919	31488	4ae9b36cefa51932f0331812b414dc40e9fd7c5480ddd9dc217a72b094ed2d70
bsb11762465	920	32100	b777d9056b8122d50a0ba1b06c78066b41a43603d860fbfc61bb1084ad3c4f7f
bsb11762465	921	33305	870fc273feedb59ae6645d7e8bdcfa9b4673ff744666781ec6b35dd25b303ec6
bsb11762465	922	31334	3fd5ca01fcda96a2de82bb5699cfc6ffd871e9646871031f2bd86d4f08ae94dc
bsb11762465	923	30712	c5cb1e941d00173724dcabd441dcae62a57f192f4c808fc90d9b6ebf23f93224
bsb11762465	924	33728	fe8710229bdda711a12ff30960f0c28080187824740f5bcf0e5ebe803f3df2d7
bsb11762465	925	35023	06dc9817edbd0c2d49046a3cd7ba46abfe26994c5e0f1d1ee9b5e2e1918bbec2
bsb11762465	926	35962	89ccad74b492e2644b1f067fa579f5c4780e08df32438f658eaa544188ce2c4e
bsb11762465	927	33303	3cde23e8d74c0ba80ec2f17d9e67cfda643aa957f116bd8e3fa4102e1a7eb29d
bsb11762465	928	35129	c46ad0da9c9a964814d302e3af007baf34d3dc670bb7ea577eb5dd8c0b775227
bsb11762465	929	35262	dcbb9774aabdb4447ba97e03769942d914d54cf4495cf06dfbf7beaaa59b9b2e
bsb11762465	930	35328	868b2dcbcf12235a5b8f5f7bf9e357a2ac50870d06acfaad70a1f3427c828922
bsb11762465	931	35805	8d8abe71a9f9c1afd48ca82a47794fbbfe1bc4b9d74ac091796af0478afee0cf
bsb11762465	932	36790	86f284ab04aacfdc0a371f5366c3f1b43bd87ae1f55ed216d1f631ae0d4cfadc
bsb11762465	933	34344	e8dedf5bece745602820ce72ee80a40495102674bf4868d778c43087105d7e21
bsb11762465	934	34580	4c4cad9817aac6e73caaa5e352bd54ba93811ac876e5a7c7d8ebfacc51bfb75f
bsb11762465	935	32713	626c42c0bed9ab99500105e1ff2b1478d0f3423a1d6143e682688a171d706baf
bsb11762465	936	34616	4bc82846abe9c4ca2700482b9368aa7f0cb07d99a7cf0e19b412f5d8680c9f2d
bsb11762465	937	32993	aaf3c7513a74e3e553fe306763f235090568a2260a2156aad2986f0a86225f0e
bsb11762465	938	39545	eb5e0964c2bb44150cef656627eba212273faee1e164e6518958375e5db7570d
bsb11762465	939	32833	6490784c51390cec145082fc48fbef067eddd565c9df9f50ab0172a863198be3
bsb11762465	940	36456	98698995a10f2e03579e488b98da94c9f56608477627679d626c379b3770f08a
bsb11762465	941	34797	6b541d781f01d94b49fb6d3aa1f62be89e9ba0b2eff7dcc18a4b80f3841e4d9c
bsb11762465	942	30504	b9855d806ea43790f5fed7b36208a6f31b00c2bae349117bc3102fc6ff91e074
bsb11762465	943	34514	183d8bdde9494821456aa9ea3a6747f7492422863024678d7b805e298d9c823c
bsb11762465	944	35802	05217026c6e093f2d751b64e6cf1c8c77f6a923c3dc15bd8169fd5afe6417209
bsb11762465	945	31801	6e9e9f887381e262110453ae3c43db97318e744dc3a7ef7cf68938b24122ccb0
bsb11762465	946	32524	181bb0928eacf25d073b31f4640bb45687c909c5f3eb5d5a8ae5a04b1f62d1e1
bsb11762465	947	32639	1946d6b5d584c4499b882137cc3253ef80902dd80818bfcfcf29e3c7243818e5
bsb11762465	948	33841	27d8e28ec89f881b193150ecbbd2afc4fbd492b8bf2edc26e89187da4246cac5
bsb11762465	949	32123	a5eea948938b3ef8c079b8ec2f53f6363318adbad880de3808da4aec840171a2
bsb11762465	950	34063	2baac1d8bcb524a10deda26feb5c63a56953579b5974ff4af2c72d587cbbb5dc
bsb11762465	951	28646	2676b7dd83d4d52ba13219bbd7e657045f565d166d76089dbf278f758c09dae4
bsb11762465	952	32160	5f0bbfe62658fd817c2b3d1e675f3d2a94e2b0a26fd5c16d6443811569753d1f
bsb11762465	953	36132	864062c0dd23f7bfed58eb156a75cf22ae6164ac327922a22921be3cd745205e
bsb11762465	954	32065	ded2e2914b6e2d7aefc498a2e1067ec1709dc692e769ea20fa723c4e0c63bb9c
bsb11762465	955	33279	dd8b68f5c690ffb2403ee0ac15f64c582db4a855ca861f94ea0b083144071b5a
bsb11762465	956	29224	c756cebd157cd473ac705878821c31d7e9c572d80f8586faaa91af6d9141bfff
bsb11762465	957	30019	416d36adaf7f89a9e897074d4058335a1c5a6a6525ef605466c6c40481b21e88
bsb11762465	958	30711	c284d0828b245dacb18ef4f16d7add97115f3baef08bfe22123b5b8596ade144
bsb11762465	959	34066	c70fd10fa883942361b5309597c4c08c512c5f13a54f627da4ab8c8c26d6cc25
bsb11762465	960	32780	bccd929ea500b6554e0a0ab63906f3ea35c8caf3edb33f8f5c12164ef41d702b
bsb11762465	961	33144	306762cdce2d288161cb8349e911e3e2803c7db4313e8a4e3450388b691bbc01
bsb11762465	962	34710	b5c2632be5fdd08ca570386abdcca97da12aa665e581df88afea13a7e980e47f
bsb11762465	963	34812	da1b49c9f9a7679d355f4791ef9472b3d890a11d62708238a8d4fc4e3d32f029
bsb11762465	964	31631	e71820f3601a52139b8b00b3363b3baed91a4eb9d7dffe542d13cdb285c9dec0
bsb11762465	965	31610	c947c7b0af5fd596bd1585db83c3932664b9686eec95f5c1d972fc70819fd843
bsb11762465	966	32248	2772309994586ed6df9d6c786e7b2816cc2268f5c8fda4144e75347a52684186
bsb11762465	967	31680	d09500485eaa4318ab642e6af0e8dc24b643079bb96a09f5a7627bf67093b90e
bsb11762465	968	32657	b9f788380495febaa77d2af42c9ecdb3e1e023019e39a4d9ae2586b90a8669f2
bsb11762465	969	30333	f398c433d6419f8fa7e2cfbf84f60743b176f9a03f5ebc0c7dc72e332935f61a
bsb11762465	970	33875	b6b15bb0cc4ecc1594e327e0d1b4deda9589706808bbc68913c2f5e817abd602
bsb11762465	971	33594	bc46f48c4f0e0e6981e14b6881d27a704c1aaae8eb2b31e51bb86a16d59d7290
bsb11762465	972	32023	1869d5e1d666ecec8349a9af5ff44d906fba0e93117b6061d9cea5afb3d64f04
bsb11762465	973	33715	348565d6ae04414c95226d107e1b5755cd88672ff5403bc122514bf371ca3e97
bsb11762465	974	34817	6f974c4ce2f8e251978b2d570fb31c2ea707ca9606d6263c890ddcd47a746577
bsb11762465	975	32447	92e66b7e704dd448ccd702f5b61318a416a8a587121f4aa949e681eaa73facfa
bsb11762465	976	33350	eacf75b1daf2014372e0fede2da55e97dc11fb477777357c9e6050ac7efe6a1a
bsb11762465	977	34835	b6af07309462907773e5073f5cada3eead11ae332b8ecf3c4e5779792c128a2d
bsb11762465	978	33992	2cdb4544045a16fcd3339346d8b10b945955dd642a6279ec32b464effab99412
bsb11762465	979	34195	4978025acc29d609e41da3e63c83a5be4ea1951d58c38026c24d0670adbbccc6
bsb11762465	980	32617	91106ec03b5bdf9f4543c16e7ca12263f1ef2b8a10f2231a09f5e44da9dcb98a
bsb11762465	981	33415	84038134305c8253662409fb51d1e21cfced726b1b0ca2e38efe2c4be6518932
bsb11762465	982	34688	df529dcbc232ff420cc4d84a55e0c6958039271d03399c7c45a7a2a210244f19
bsb11762465	983	37287	6d8e8582d889706d36de2e9f8ebded267678d6b1fde5f5700f9a0c4307f3106a
bsb11762465	984	31544	617f9e014065dd1126901bac7bd97bef04a676a2b2dce174c84974ce3c195b51
bsb11762465	985	30901	d7014e12e3689d28a44ea792af7afcffda1e934c826c17027f6e67d65e6268d1
bsb11762465	986	30282	2d814520690958b17348f50e2c2482e99fc76b1db8509af103fc6dae867ba956
bsb11762465	987	30730	38e8408ce407fddbd70f22608647bb7437a40645cf0d6509d9c475999e8a449f
bsb11762465	988	34170	b296b15ac323a92b960a36c31f3d36fdc1ff0da59426923bcaabdcd862b5d71c
bsb11762465	989	35224	47aa23d0e72f05af427da4965c7c6463815e592c397a33e4b91767b97cfbecc6
bsb11762465	990	35263	8a1de1a86c5f80fb30d8d5c12f01d3aa9df54e1e20cc1efc27418bf346f0201e
bsb11762465	991	34180	d81e8e5983c84df3466af081d6fec1a382060f9fe368dff5ad21aef884e370ed
bsb11762465	992	30257	1f8e99283781b795c93206416e46bcc0891d49309dbc658e6e43973f1185ef61
bsb11762465	993	33136	6a36f839c3b1421e1d9b8bee604f7429aa6b34b9c06e5c884390fa3ba57247d6
bsb11762465	994	33804	aa6f725ae2accd0bafa111a6f2e65f06926c6a5b3045f6152af19c3389e265f6
bsb11762465	995	33519	1c8dfe201a46b11fcc6b19dd96b30dde973e8f9b128216ad92ecc7d406b2074b
bsb11762465	996	32092	0f7f17c39070b4cec35f6b3bf09be370fd58e14a2584979b25622f5c2f899177
bsb11762465	997	32040	019103edcd078b4a692b60f0cb84377b8ff03cceb4f5bb9a427476f2ebc9fa86
bsb11762465	998	35066	f5fd5dbf5a6345f59583505b5428023bc0c386dd6ebff6357cbdc2b09e1d61cb
bsb11762465	999	33876	8cd6e073967274e83f46add3e1a9336494a26fe7865997aaf7c80ceb832e6f95
bsb11762465	1000	33164	e77115a6601b3ace9e746d1ff2cc3e783d0dcc5bbbfb89762ed4894d2bcd704a
bsb11762465	1001	34188	6d5784bff6399be0e6691463b3c3e5da7bc85fa5faafd9e8cd8322ecb07dcf48
bsb11762465	1002	34679	81d4942b2ae86a5a42f46b8d90dab58c4e41a6cbd86b0f3c40c62d7f823608c0
bsb11762465	1003	33670	eaf698ad92a7949d835aacd507c9f73b2b872bdf3a36d5e35a8b418add43222a
bsb11762465	1004	35097	b5c57d3f93d37ef75c39c7e94f04de31f98496d25c65f8b4e0108b1ef022e6b8
bsb11762465	1005	34178	18fa041f2297ad8ef96cf12e8a57f76a47cf20072edaf4896b4705a4107b6e46
bsb11762465	1006	32732	f97fbcb93b673aa13ec9c7a9b5f5b49747ffe2ce19a3f0e8b607aad8bfaf9132
bsb11762465	1007	30079	42cd19076d5bdede164665d23423ff7786e21605c02f763ca43ec0a070cacc06
bsb11762465	1008	31276	9bd010eed14d5d041240020114cd2c120e9207ab38790aa12579b2a584b80ae2
bsb11762465	1009	32981	57b20881dddc3e7c88ee25956c73d694577943067e53285fef9a4913d8229e00
bsb11762465	1010	34611	c1318e4b36a1b0d52ec5ec897ea91e099af3f8e851e8f23fbcc53304c8bd20c0
bsb11762465	1011	35668	a934c0cca4a7317d5031aa21c7f9f02c210b52c2c676af40a5503521f7e2189a
bsb11762465	1012	31525	e2a8a8fee7267fb1121bb0e65c490281a09d7d4d287315108ff480d915708156
bsb11762465	1013	28407	ed17b1d13e9495e2e3a49dd72fa1841c7aa1949e3ba78b07b112666158dcdb64
bsb11762465	1014	34235	2b5ceec1398312e2adfeef2f18c8d649b7a58a6e91349440a62616c139ba4d59
bsb11762465	1015	31112	4f86614f69cbd053ac00764e9479910685ceddb6562ef0680174e95ea6dea42b
bsb11762465	1016	31856	fe389d460c22c08d95877efd54a815ed70ad0a6904f484f64fc43a19748338f0
bsb11762465	1017	32886	84e3b71be9a8354fa78257666295148af4d8bc3f02c8ed7642b46e83115c362f
bsb11762465	1018	34035	4a2485c1b53bfa6b19b1b14264cd7ba40b35cdfd3e963bd100c7747b3ee3b067
bsb11762465	1019	33839	d8d283f068bc5ad1918bfdc465bd8f8f1c75cfa4ba37078dfdc6cb85f2e51592
bsb11762465	1020	34354	c8bd77df341317731158187589fecec25bd1ae55f434ab7be34410579f3056c8
bsb11762465	1021	34538	1d77190db92fc1e75b32d4146a9470f0ce6254689fe30649eef6e14fde1955f4
bsb11762465	1022	36448	d61c13b17c14cdc258cb3fb532116020f9fb7aa6e4a41513c11c8518a0612912
bsb11762465	1023	29340	f3b84400593e1dfe881f51d8b3aa94c9dc1d3d8fedb6c903d3161c477bf1ddc1
bsb11762465	1024	33895	c9c51bf877542f0acd4a7f7475036f50d971a043c909a353fcb905d0aff01c99
bsb11762465	1025	34642	064e1bf33ec91807d2dd9099bc89299fa8bba97473967a51b9ce52362000693f
bsb11762465	1026	35467	f78908e3d228c4de4373622d877a2717ae53fc1f35066b5be2caf8c0010f2d83
bsb11762465	1027	31208	8bb5568f2db3adeea1037b828f996d55cea2273172eff7d6e10cdbf1912a123f
bsb11762465	1028	34045	394d28a54cb26af05e8d7cb0f39da8d4492bda0f53317c0e486cc027132afc4d
bsb11762465	1029	33202	c0a639fbee1b6c60074f23fc2bf9a9865036c7cb0e1cb543b84603aae388effc
bsb11762465	1030	32641	81e6ceea657c50a6e561d94f1641d9fbf1a419c1631b98f20249458248d98a7d
bsb11762465	1031	30575	8ce3b8043d65adb6ca993f0c2cb7f35157c7888e16f27cfa9eae51ef6b643bc4
bsb11762465	1032	35706	695b282537138287f805119c202187716854d20b4308fc788e2c7c3b3f525516
bsb11762465	1033	34218	8fdcaa7e7125ebd0b5464eb3164b0f7d9ed15eca2290c41d16c07c181aa87950
bsb11762465	1034	35943	665211d51f04f3ef311a0d6009a59766d121354fa54a96ad5f6c4c804e388d40
bsb11762465	1035	36432	cb551c9e2f0e28dd3ce6c41acee17ac4a1b055865ee3d27bdeb4e0776b92eb40
bsb11762465	1036	36479	b0704046ad00ba82bcd7dfca1fedb16413d9206b2b1c30e80aa03f3b41b8a67a
bsb11762465	1037	33344	8c3c7b2a0c339638f1b05540aaefb3dadb0eeef1cb93d1224535878f4fdacdc4
bsb11762465	1038	39254	ee6a1565c5909e169281832a55db00505465c90b69cf14b1f3fe32e72197b9a9
bsb11762465	1039	31810	e018f3a44e6ee6508660a2a73ddda46cb13c5e900c6ef6c962722986c15aa43a
bsb11762465	1040	37116	3793709a274102b53c3ad97219222589ab771be0db39a07e9741f7432c419fa5
bsb11762465	1041	33083	b7cea10c4bd784831f50d6b04e090a3018c587f05ff25e27f1596b4c44479215
bsb11762465	1042	33298	d1b76904f693466b74e2674783f7f7f603b2b5973b90d49401e5c8029fd53b63
bsb11762465	1043	33787	7cb9fd0962264396f1b5dd27d0f2a220a01581eeadcbe86cafebd8d8354c6dfa
bsb11762465	1044	35387	cb18ed602b7824dd9dfee0885eb729abac226a862207df0e127b3ef086218d87
bsb11762465	1045	35269	00951c7768b88a403a9b545bfb3e39812179ad9f9160af4319cace8752f8570f
bsb11762465	1046	32975	4f02f580c60f7b669b30a0ac6b85573f4da06cdf9aefc5e74bc0e77836be4a52
bsb11762465	1047	30163	680723ba3b0e1fe369c49a558e7a03b82f6d705501773934a3b475f9bd84eae0
bsb11762465	1048	32541	0f94d485a9ed46d5174e41a93da15d67c5df71fa2a4cd2c3a292b19856f383e6
bsb11762465	1049	31626	0e69d3e9550e97074466fd34c6da5f032cd8c375e0990cf1bde1279e9227bf9f
bsb11762465	1050	32774	fecc23b2c2af51d285ecdf9c00148cd7184adbfe9351aef64b49358e2b0da17c
bsb11762465	1051	29145	fc947c955fcff7cc52ce4e7cd3678cb2111294c9d7ddd0818c1ee0461dc11895
bsb11762465	1052	31826	53d9c4706b2cd871ef19e0ed7ec8efaef030e1ae65f4e107e2271df4cb0e9536
bsb11762465	1053	31976	8ff6204d699f7bb93834267a7ef6a308d3126c90118e5d2c7f0ee7d2041ef1a6
bsb11762465	1054	35491	9b899ff1e41420d335deefb4859a4b3d94b27209f0b2d50714dbc60c70130bc5
bsb11762465	1055	30857	c5bdaded633d29c2701611363eba32e228eb4788d679b69f4bbb38b81ce02a24
bsb11762465	1056	36331	3dcf786ea74e92cb0302f81b0bef077a2c78d8498f69c722fbc11e97ae3615c5
bsb11762465	1057	32273	93fd652819d8d03046fd3b2a37ceb5f9e0bfb0b4cc3b2dbaa8d675f77583b3de
bsb11762465	1058	33766	28eee0b4ea879bb41da58aa457e3c52a7d9da27e7a349c2d30e2a759be5e5d57
bsb11762465	1059	31660	86401ee3092dab4e549ab0527fe537a97c475e3356268478c3c9ebb1359871bb
bsb11762465	1060	31708	35f32b27ea3ae84696472cb3e464853c13ef8117cb3685494d2e54d7efd6eba8
bsb11762465	1061	34754	88f19975118b7047719af79cf3aed7aba006230940618cea701a8439681e182f
bsb11762465	1062	33851	729f979f30028c0cd41b02f90fb9dd51277d3d80fe374e2aedea42e724456ecf
bsb11762465	1063	31998	c73e9b0fa668e96b1a68954fb4bd20b87b182e3a7c495510cf31dae0de29f6d0
bsb11762465	1064	34118	d7815e4a595fd4ad635cb7687e635c233ffd17df7770753ce530e8e68a45c5d9
bsb11762465	1065	32752	5da56f9c79a83de380dbaec9857b60bd407ebad0dd7e5d1119b6d6487b89fcb2
bsb11762465	1066	30576	d4b99e6a8ca9dfdc20d84cdebd90fe6fb330fbcaf969c62d2289f6571cb8bb3b
bsb11762465	1067	31420	85e49af786c60b67f851e79f40fd54706b2d66c47cbc814f8fb2e83b7306fdac
bsb11762465	1068	33711	5ab6c371fc93f9fae5fcea503282347b248d783f13d1cd2e2f0c69dc7ecba0dd
bsb11762465	1069	32532	3a7e1b6c5c9b3cc36165d17322d604b13127a1bdb5ecef5b2bc2730022cc4ef6
bsb11762465	1070	31873	a5560e849a36610994a6455668004b39b37354a74fa68843b843650fa2e6d749
bsb11762465	1071	32076	90a1f123ddfcf27b154e27cabc77feecb4962399b3c5a5e92dedeeadf5eaf512
bsb11762465	1072	37174	d4c6c967d3aaa5fabac57ea3df00ebeca3cb5784220997a3086a38ff05262cb1
bsb11762465	1073	32970	abccf1ff14e08d10381bfbb7c4e3ca75620bf1fa0df09735602a381191afb9d5
bsb11762465	1074	39413	c1cadea6efb2f77fbd621b261b4494bd0fc7c3beeaa942a5cdff315dd81dee8f
bsb11762465	1075	32125	99f5641d309704c5c9c4505fb5e0282871ab857f018ad838d60ae4ddad09a08d
bsb11762465	1076	32557	adba15d8091b6f1e8a5ea9fcdce23dcadf5d50cd8683bf2c3971eb8d9405bdbc
bsb11762465	1077	29050	5daeedc9a7f51804816a1018b3b47a616d32081e94b09380c1b70497955eaa81
bsb11762465	1078	33970	3939ee3e5a6d9be52e82f69ec8fc4f37734bb8cb1d273d09644dcfe37d317d31
bsb11762465	1079	36796	ae25b4114a432d69d9c6a92af8b7f1653a02145c48487689b6a1e7ef82c44777
bsb11762465	1080	34133	dc511c0693871765972c3955e1c160f97a62381c59fcc5976244ae7754d3a885
bsb11762465	1081	31307	ec3db3f475607700f14272554d522557807634481df223f192316e9ca0ac8d69
bsb11762465	1082	30903	230b3b950103bcb7b3842ec3d11ef95268890544b5a4abc204f13796fb85688b
bsb11762465	1083	31841	cbb989062d5f087945c60175c37573d4e02583e9382c75141bd7ccc6d8635b1d
bsb11762465	1084	33276	f8c5740f4de50ffe6fe4f07d445596052d12d528970a833a9d6b3c0c8228848e
bsb11762465	1085	37480	6deaf543af2e2d66db1d29d19b2784fe5384ea70beb722b5291f058f70df68ba
bsb11762465	1086	33760	965d9021357374af712088a98155e6cd02c05cfbd76103d90fc0ee8d7489834f
bsb11762465	1087	34483	5ebcea2f454d1deb265932bbd8bcf24f0fdd64fe885ec8f9a78ed860624aa65d
bsb11762465	1088	28393	87ace64164cae2d9e1046f4fe2cf57155f1d612373395e2942fa6402bc8ebab6
bsb11762465	1089	32505	905bf1d0914d7c3deeaf1fef988986b775824798f716423ed7e68639c54b1a72
bsb11762465	1090	35065	bd9a2a20f078a0b16cb3f0f774d55fc14a529455d6558dc6c17468ffd09463d3
bsb11762465	1091	31780	15af2092a284a9d64c36e6ba102ca252fd06790b778fb27eaac30360504040ee
bsb11762465	1092	35902	3709bb967854e56141e6d461236c53ca88a254a58ec28d3b769b749f08046a4c
bsb11762465	1093	34491	fa0c9d5afa853abe47b77342574dc777fa71bfb93e9e28f99785a52d3d859958
bsb11762465	1094	35227	2ca5e2c451855e44ad3a3379ae81466dfebeeb60266fb4d5df418af4fbd5e702
bsb11762465	1095	34553	d3ce2538f218e419e5a646d93ce9a689f4ad187fd10d8f4b8b29859b1300be61
bsb11762465	1096	34149	533af93b4bd3ca9ffb24147f91bc24c24f2962b6ad7d7caba6e7d7f461408673
bsb11762465	1097	34392	ed3c76fcfe49a7405f9e5b5303943c528f4f8f5a76409325b739ad85caf66278
bsb11762465	1098	33345	40d18fe8a69d916aca6a8831f956f99361536baa29fc303467a6266b91bdf4ce
bsb11762465	1099	33531	f7e2d4d89a0c84c9bd43d767b6492f7d33d27629dafd9f8a45ead0fc3f8e7de3
bsb11762465	1100	31164	c9cfd77b78b491a4355508a4169c859628bc768346a5e1463da8f767608b0376
bsb11762465	1101	31663	a04011bd57d3cdbfba661cc0f903bc45b77a3ab1ca30bb64f51119bab5bd4cb8
bsb11762465	1102	29485	71182024e0fcf8404841aa4eb2ad4435eece979f4284874241839ae2d81c4387
bsb11762465	1103	31405	8abc82c981255e9b65f715c1f2ce0a2eb1b95a2560eb8d0b95bdf49a2b55d9b2
bsb11762465	1104	32689	2ea4bd0bb2dbefa28d37349cc80098374233a51bdf979bc31ca102ba45ca7e4c
bsb11762465	1105	32723	b3739dd284cfdd9aa686ceb39151740b05d27c49e16d57f50e421faac6bd877b
bsb11762465	1106	37687	61b18b57866b5f40081e9d18a73e402ec3e2481b2035257d238912599c3a4013
bsb11762465	1107	38119	0c3446b688a2bddbc4b29ec7aa7f225b36419388e638653cde9ea98c3d0879d9
bsb11762465	1108	30193	1d4abf38d2b9cbc6d926b66156a10358f1d929c7e1923130aa65985fe2cdd40c
bsb11762465	1109	30740	68f194fb082f1bedca337b542876ef791494387369b01209a00eacb82427befc
bsb11762465	1110	36808	5a4a9910a6b0579a7ab26b9252e31e375723613ab91a434e6998fe0a75785fbd
bsb11762465	1111	27751	f76d2fc6029ed3141acc738f2cff62f67b480300bdce03760fd20cfc62ba0ec6
bsb11762465	1112	32641	1e331d9901fe913116d7d6b02152d47145ccbdebe922c8f8043941ece84c9406
bsb11762465	1113	36751	322a233d279a2ec9c3c88ca16b1981bc54342532cc11f59d450e4e81d1213d98
bsb11762465	1114	31022	61472b4686681be169f73de24ae924ea0462d6ebefd2ed22dad666cabb0ec586
bsb11762465	1115	29323	10950560022ffce92740f1dd491ab12067dfa86a4d80050ffb767e0b2a5b6793
bsb11762465	1116	31467	6880de15c1346e2a50b0d00109a133405ece8962d54394bd59dbbf14ba71f80e
bsb11762465	1117	32494	c6dc4bb22c0f938cd14a007b01557a7b9e19f81d3040aa395bcd50378867993a
bsb11762465	1118	31138	5d729f067c0e3f5673dde207e39afc6f7d8dec0adc83b5161d29b85a0c331af7
bsb11762465	1119	33832	096f1fba6ab82158dc5f9a236b65c913a3c188eca7df66fc3dd5de5dc67b1b6c
bsb11762465	1120	34600	aa1db99df3707ce2496430bd6a5edef5d95a7b279d061f44ab282e4cb7538096
bsb11762465	1121	32753	06d2c66257b619598cce22240ce866d8f32aa733238d762245f873c6451d07ad
bsb11762465	1122	30325	db082d2958d7e1dbbddce774e03940a200867feacc23185bc56624b74d8cd970
bsb11762465	1123	29975	f597dd171f18f79e6b2543e3c2034071b970ebd7ef76c22515595a1e51caa118
bsb11762465	1124	30883	11c002e8bc8130ae08d691a04833a329e1675f0d8c1522d26cd456b5a41ca340
bsb11762465	1125	31439	a6f9a9c0b8e25f0d7ba7d1293fbe63a2a1dc1421c36cd983310b752227f3dbbf
bsb11762465	1126	36263	20c34b098dee76ca8cd0a84054c8802500df7c5f392d79438478219783483e6b
bsb11762465	1127	34022	5384c07c2add503335007cbf6e37cb75822b199d3c8e1211cef7e948cc58ec94
bsb11762465	1128	36425	65e3ef615884ac4b05ed0c21507e3b5ad3bd7f91ccd08d4074743a1abdb80aaa
bsb11762465	1129	28853	ae7ceb2c7dfbbbe8e778ee2b8ad1f17f7733d3b49266904c32112f94c604bc95
bsb11762465	1130	40704	996c6370edb221e0afea1d9eed518a16d2a3326442e2abe522b0763b6d861c53
bsb11762465	1131	32655	b77dc98a7534ac4ac4020cae6d50893e31383ceef30a0c949ea31e559afb1412
bsb11762465	1132	34648	92d6e8d1e501412ab610b8fbc84de47e1201f1499c076d0b936b9659b1b21cba
bsb11762465	1133	34396	7d855c9d28c5f7e0ecd4146d28cd0ddf4cdd01efeda4622045833f8a080528c5
bsb11762465	1134	33212	527a09d77e1d6400df13b7803779334fc14c3905fd85968f479aa16c3beea272
bsb11762465	1135	33323	4947c0de504fea1c0ec62bee0832cde2a4d8f1293786aad095a235a89b67c97b
bsb11762465	1136	29161	167ebb5d49eabe52a9d86ddec307dab80412018ae63737b823cb9c82a2fd8a67
bsb11762465	1137	36507	14ac02251179d869fb2a6db61915a75cc9af790e9cb6b2804efc01c0162b29f0
bsb11762465	1138	33951	afcf2456f9b393301bf0f351ce5d9ec14abc3106c9a918626e2b6f8192e9931e
bsb11762465	1139	33974	24fb1996a655931a2daa5d773eb0acf6f1d5c121babc6278cb121a3f2863f5e4
bsb11762465	1140	33919	cd113bd327bb4f508b081538ebefb4772f2a87839ed671c287d1cec383924171
bsb11762465	1141	32834	ca0c58df235cce3054f14f34ea8c343422bccbfc66ba3effdaa5463993fa2364
bsb11762465	1142	30648	267378ff67f61370e17c1b234a91672e73975d4c03e3661515ff901601b76bf0
bsb11762465	1143	31567	cb4ec0c6f6418b27ba9d6f00498e8705ab6e0f4203b763a78b2149d372ed8bdf
bsb11762465	1144	32211	5d1c889529239411047666cadfdd14d1f17fd859bbc165c9ad6aad738a8ecdbb
bsb11762465	1145	31546	96f29f41a2105bb7e3fcdfa42376b2034fce0485f8f9320ca296f72bbe6cdbef
bsb11762465	1146	34131	fb29b08cdc99dbd73b00d2658c32df1c5e794f693a7d5dbd3aa3f111a34f766e
bsb11762465	1147	25758	bab31172032a65f827cef3d551f22a2c702bf6ddd77bc3b93e3d447af1ff54f8
bsb11762465	1148	29814	29a37c37283270452dd9d2dfe2034108fd5dad5d2ae2b323b25ef7268681b3d6
bsb11762465	1149	30105	e2c8a4ba12f6b07327366da157194bdfcff220ee23368a030795b133588a7efc
bsb11762465	1150	35830	aeac2de9e2982361253a26eba318435906223ddeb0cbc5430b0806bf9b17f59a
bsb11762465	1151	30458	c20237f634c0d70c7cdcae746fb8b449c8fe520b76ce9f13f07e1266b4049e21
bsb11762465	1152	33481	7b61fa5eed6f6beed253e83327b0f52f43e17955c02935cc211219210516c5ac
bsb11762465	1153	25214	69f450a7cb6400904e49e0669f9ddbe3f63b2552989cca3ff7d3787d4526f6bb
bsb11762465	1154	444	94ac467c91893d2d016453098a8ffb59ed371e40630c2c11072401300c68f17c
bsb11762465	1155	444	79990228d149154d09df8c26e26be619945b6cef46a246b5713badc087b95f43
bsb11762465	1156	444	0704b6f58a399d7d62bc23ed3f8fce96fbaf15c1b534a655bf13cc550b730168
bsb11762465	1157	444	bebdd4ad02bf39d1a4618763935c35eb547b313dc6a58fc3886e61ad22e3c125
bsb11762465	1158	504	a197361c3d62102fbebc85c9fa0aa416a054cad8a387b92a1d24cecf40be5dcf
bsb10314207	1	11582	325e704a2740213a9ae47366eb1eef362eafec80295b1cedd472c9f5b5a8c06f
bsb10314207	2	7224	49080aff8c1b6fd67199dffbc478b407509aa6446e0b8c19d715fc1112eb3e5d
bsb10314207	3	31893	832c5493832ffb7bef3cdc2a61dfcb7e0c1551d2878b0bedec185d1a2c312cac
bsb10314207	4	33942	2c2b7845ac299dc135be72b7f6aa09512a4dff195efd7da74655e2c861ff4968
bsb10314207	5	33517	a24f06c47c7d184bd2b1d3b272d4a74562006914d8bbb8b049964f7c4f66cf03
bsb10314207	6	29808	bfec2821f7eba8318c42470c1f47afc975df6b84d59756e6b896029b4971d131
bsb10314207	7	30992	18aec121c6bf5e50c0f621350fc4dafacb6e1e2765e1a4e1607b097c6ebf0bf1
bsb10314207	8	34057	b88c32ed4c1e6e34e055868196d10ee4e18a25cbd1b7348f2c2f44f3696fe0e4
bsb10314207	9	32397	5306826cb4007fcb9ce8b22104b80aa35a2c96e1ac2620334d7d5c65e653ad47
bsb10314207	10	32497	4e279f795da19ad57033d6a8537de921317c37553f0aec14599193a735b2dba5
bsb10314207	11	32444	4434d491ee2ddbf19627fecdd6dc458945467ca3ed0aec10845c2692dcfba43c
bsb10314207	12	34021	f12888ce08fa66f74c886ab3ceaa06f2fae2f2f39facba324f6d44f58f4eb127
bsb10314207	13	32546	db58111152fb42ee322e356e45da3d1609091748aeca598cf5c8440d76648306
bsb10314207	14	38778	3dbd95428dadcb654d088ca96949393db7544166eb0d02bea0f5feeeeab34f0d
bsb10314207	15	32526	111f9190c15d00e7eaf2eb5632c696fcfd4631eb1bd4fb5ed511f6a285d9ef94
bsb10314207	16	37048	dc8353cc9ddd648c5d27cab039ac88b86f185d0b6ceafd6008bfd11cc51176b7
bsb10314207	17	34259	ceadda138298d4803e2676468b0ebe96186317750886f6490bc7505c80af77a2
bsb10314207	18	33066	ed38149971f153a27ecad8430f5d6e9b6216f0e982c88d719dda74787a0cfffe
bsb10314207	19	35594	e8fc34521662299bd1b9a11154513cffacdcd5bc0a95c213ac7f0e9252a0d5cd
bsb10314207	20	34905	0c41677d48b4a65c3db7a33cc0a5bb249bb882a9fb9efa4d5885717ab61705c7
bsb10314207	21	32465	184c55236a27319d365cb51c2fcbb4166e2e27f41c035aaf11018188ee8c4a44
bsb10314207	22	34989	368195aacb02d5def3797d99155a892468a53cd912ff4f77b4f292595f068e93
bsb10314207	23	33799	1dfdc949a46e02a73d27818aa31515acc3f9b8e4c6021fd04001a5612c6d88d6
bsb10314207	24	33296	5c395ef530917d462fa1757fefc65b95f7f4c7cbe7bff747a2ca1db41ff4dbd1
bsb10314207	25	32025	b7a1efba9712415cd90a24a0797b24c9468385eabfe03e27f07fdb46633c2df9
bsb10314207	26	32865	d9939ddd7b26185461e6f594f0c7c4386f416e203f1bc34deb2683271055df82
bsb10314207	27	35332	5fa935d4d12aee4a17db5912e960d1ff3aded1820ff52593f3dc0b4af6134cd9
bsb10314207	28	32817	8f45a060c9e9697a90c98be9921e66402038045a3543a436ad33bfa3b7bc030d
bsb10314207	29	33488	147c7ef332ece5641e99d84f1c696bde99841b46c4fb4ed7c58784ade824da18
bsb10314207	30	33036	126408d9d344c073b1e342c832f2284b380fa1cd017c408b776b84a1317d261a
bsb10314207	31	32627	13ec58d428823f3bf5735937bb2566a61d1b3c4246bba280dbfbe50ab8148207
bsb10314207	32	32827	32bdc2146f00e36963a0487d23951395171f6af1100e33ebb0a51fae259b1cdb
bsb10314207	33	35202	83f034555db6bbcccb673da4ba0fa2900b40f5fbba288aff23b6fe9a77ec4789
bsb10314207	34	33242	7c7ff8cd249cb6b0db19b7d78a0cc520426a26b4ff56008d00d2f0bdd96ca5d9
bsb10314207	35	33205	c0aef8194fcb20b4379076514d1b17ea22b0e72ca9eb6d9568a1efdf31b12db3
bsb10314207	36	36084	d4a94bc386efe1333fa29ecf61a2d204d1d23c984d388cd05097813f4fcd2b7c
bsb10314207	37	33017	88d21ddbda3610bb668cf05a5b89c2d9937138b4133168c91f4843a2770f518c
bsb10314207	38	33802	d809941742792e414ef0af91f38586d32f3586950143b3bc20ef67935d7710a1
bsb10314207	39	30261	ca3d199e84e59b208941888fc060a8b3a99c57ebf334fe307d3b7e7920e5ddad
bsb10314207	40	33476	dc3343d72df90f4de4dbbe39163b2cbc38d2f72fce9615288fdc54eb5b7eacde
bsb10314207	41	35259	d03e32c9cac97b37e4e5dd9cb77b7c4c8680c4b1b412e3d754f1c5880b26e3b9
bsb10314207	42	34679	d639822597c448120a5ae1e1d6bd812ca07665e10893e6f4eb51294f32cc39e4
bsb10314207	43	34777	f6bc3a4c77d0c2a8e2a30ab6a816553d48eda187704c83144fda52f0502dfe68
bsb10314207	44	33762	7ad9be84fa4c790bc14443515fae5c3678b90d92bc6dd616d2710eb1218f4aff
bsb10314207	45	31136	548acb143e64a8d7da14f337d68acaf59d7ffcce3874e44497a94657ac309c44
bsb10314207	46	35043	b430e84667b157608d465cb31984f6f84a01bfdaf1e1c5506c9cfaae7dff70cc
bsb10314207	47	36361	16098663cdae6567a0d16f0094be05177e7204c4923569154bbb84df62b94e4e
bsb10314207	48	36179	3b8a9c7bf146af5f07f0fd2ad3c008b663d88a052d96f86e6d40c99323095676
bsb10314207	49	33470	02915bfd9168226d48aa84bb8c8897dcffc799b2e374b79a5d4ab41b18532352
bsb10314207	50	34059	9e4afbc396eee2a45c2d0e71d7b57e79bce4aab8751f8f34bc75cd0a7d1026bd
bsb10314207	51	38000	978f0d09af21c6e18073dda0fd1075a5df41d9145d6f56c94247fe8fb3baba27
bsb10314207	52	37670	ca2fa2e5b31680f3da21f8edbe605cdd5febc1c501b0e956998d83d2d996a760
bsb10314207	53	32315	033253b5b2dec48985e22e279ac6541772a39b98619c363af9ca697c0ddd28fa
bsb10314207	54	36309	5dd07ef7ba08ccbc4735fdfbc1dd243d467ae5f07ec4a1e9356763f2e1f392d2
bsb10314207	55	35714	ec8b00c66e9559c3c5d32ad35be159bc4b016f34e67c248225262754c2c16315
bsb10314207	56	30213	b56e730447fda48457b54256cc4045e3e70da25b43fa06bb734863e5a802741e
bsb10314207	57	33675	262a02968b7ae90d5ca3351a3e86bf51c844bd1408c93dd29de043beacb0f6c1
bsb10314207	58	32434	6f3b542fe57a80ee1c48af08af96a3dc0d1c9150989e4af67ee46f7c86f0fcc1
bsb10314207	59	29550	6285c0d45298f07eb466fc476cf16369c6b05cf653fd7425b339d30a4b351419
bsb10314207	60	33740	88c15d7500cb8f954b84bee6447d15f93c6d84de24b2c67fae7f04e0f9a36b9b
bsb10314207	61	31743	5927c63df03dc6a7b7f52675fbeba9f402054caaed18a8edab46ee44fabf8017
bsb10314207	62	29884	149c442e4761b1659c2c593119b588b673fb603228b91e935dd56e3dd363c235
bsb10314207	63	32342	1ceba7ce93fc850ee03ede6d50d423f00aa158b8c10c1cb7bf6ce18eedf09704
bsb10314207	64	31909	c517d58cc746edf7d3bdab6e7a3baae345cddfdf64ae6cf9ed388ca07c04c72a
bsb10314207	65	32260	388df10d25cb093f90add2b386644931a12f77024505819a87a8613d26762e06
bsb10314207	66	29966	a5501c7d3c9c0d572ca7098e10454777138f289cb0a88f79a5340ca67ed305aa
bsb10314207	67	29261	2fe6e6a317594c575e6cbdb53ff9828f72b95ec8cc3957789f04a92ae9883a24
bsb10314207	68	30884	d2a922c2b30b385be12a1fb672bfccd38febf5558c260867460aa874648731fa
bsb10314207	69	36925	c692b05f7a5b19243d78f181c830eb305a0b07fce9d9bb1661b7f286cb17d72a
bsb10314207	70	34366	10d2cd8b413f20e5c6a730d438fccade0fd0a0b7ea2ed1c9aaadcb9cb3660f41
bsb10314207	71	29105	a98e6de3c37b6fcfdd59ca41a0dbab96ed3a93ce305a0cb4639d7c84a1e747d8
bsb10314207	72	28631	50aafaa1905353b2d405e4f6989e1ff80f99c41bc007cfdbf4f859dee9360f13
bsb10314207	73	32695	61e84cb2c72edbd7c2bd4e7fec8d8e7554dc5f6e0f8492d577009982e080d6c6
bsb10314207	74	32908	f1866668a42d0cef62daf6b9cc59c593147343180ddbc135cf49ac6865d55de3
bsb10314207	75	36636	6b58aed9abcf7d09bd2c64d4d509e272f546548b686d0b126b9e2126218e0509
bsb10314207	76	33632	86058a1f09e6ad08efebe704b5b51df44722a5aa018cf4a0292e8249183f7b10
bsb10314207	77	34289	809055f96d526da1b73b2ec80331164885f205293349b6c485bf87f112724ae0
bsb10314207	78	33677	cf5cd318a7521868c8285cf50ab634ea5badfad1357730434ec6428b09d85e76
bsb10314207	79	31468	637dbfb105de8451f6a358627852f75365807805cc0491b1b239533e9cc09049
bsb10314207	80	32859	13f9c110dba1bb567de13bcb0b86dc2da15843f181091c5e7bf6e978f0890eb1
bsb10314207	81	32897	4897d1632299d9ead333be480e97a989aa58219dfa3ffd693169e063e8129751
bsb10314207	82	32863	6b527c1c83f238c1ecf8c56345218545042138cbd3782030842b122ed8ac6abf
bsb10314207	83	33699	4fed21089ef3d7487aa60dfc29f86dcf72e11c2e5721f30255fdd70a2c2dbaeb
bsb10314207	84	35822	7f42b710e8d04c036a1d5b8323d923f6a4c0db57372b1f8e2778bc9b16f1972e
bsb10314207	85	35648	5de868a9a8484fc51aaab461d5885b933b3fc92582661004841e032354e8baf8
bsb10314207	86	35992	01af46f789c379157dee953792b63da88fc02ba1fa1d600b2ab4698aa5e61a8d
bsb10314207	87	34953	1bc67549b1456512e971e0006fcebc0a98cfbdf1e3b5fedf887b420237c43aaa
bsb10314207	88	33084	668ee2a9f391a05d54279d757ee3869d8e778d9f61c1c88cad6e6b9ad547648e
bsb10314207	89	30075	44fff60fb25de0f55c4d5cce4b46389356cb4c720a4d0798c94fcf680557d315
bsb10314207	90	35537	a6fd58f50c81c7c16450f9fb6e2965ed49bd800f8bf28a52d483dc396c01f056
bsb10314207	91	30136	d697c128cd939e8c0b950d4a03a50a867fe3729c9fb7794e3ada4f27fc772345
bsb10314207	92	29966	cc14eb49c0e5847833d4a41c36cb6fa1d67bd4127c5800ddc92474a823a4befc
bsb10314207	93	30228	7104871b7946011c5c1644e29de397662d0832a228cb674b291e35421fb70fb4
bsb10314207	94	29236	c7f8e828e1a5d52cc80089e059ff6cfc967fd6539193eec09c52f67055f862cd
bsb10314207	95	31945	b10bf19f4c22ca07f8b0044c3dcfa1caddcaabb07044df246da8841c4cb061a0
bsb10314207	96	30500	aa63d690c98ff2fb9f990f6f5269a748ef43237dac43be9ddfe7b872b75ce2ee
bsb10314207	97	31551	c93b1d0b4dc5f317efd612f80d70ad07e0d8ea007f7d6fb5dfdb392b12d9db53
bsb10314207	98	31233	33eb9d6dd1e16ea56f4b9078d0b99f2c5cc02f46a49f434975365311b9ff0277
bsb10314207	99	33623	15c56df352bbf0bcf230df48f9991fde177b20054d268e60c265caa53cd88bfb
bsb10314207	100	30377	a9e162d95eecf5da52ba0c5e70b5c424ee3cb58a9325b0d8574d7131943980e6
bsb10314207	101	28730	5de3a8ac1f8b98ec16c6109e78cdf04ecf2806bbfd6e036dd940544c104f9ac7
bsb10314207	102	31283	6d6e95fc4a3fb6a3fbe1ae6a2f12e04dab2bc259b2a5ab890f2d6070d1a6315a
bsb10314207	103	31119	6222394fc04e91c2b1252005bd9d0f6c10ec516b4231324ab2d9a9f1d310e9b6
bsb10314207	104	32841	26e8e7fd5be2893d4ecade0c66fbcb59e62ae725fcc5a4a1f3f9a6038b2254ab
bsb10314207	105	32282	6fff0e2f66e3843d50d88964db88aa382fcf73b68b2d9a6891cac735497fbed1
bsb10314207	106	32872	83b1120d5ccf5d859e77797e0e0f8a18412f4a4ec612f8f161ba75efaea06c4f
bsb10314207	107	32502	85c415aa1612116c19aa706cbd752c9a0bb7ca4604c4ace0dd9c079c488160fb
bsb10314207	108	33100	d0cfc03df00136f4b2cf68c63fa4f023236130cf307ccfcd4f176d61fb474316
bsb10314207	109	33861	7f7ab0d5041b966232571f71ee358c10866c2e61e4913f99a9eb3369e1a1ecf3
bsb10314207	110	33502	311aed055f8111c6fb6ec07b85d670113e3321dd95ecc9d40df0ddc920566566
bsb10314207	111	34987	8867265e48434d1bacabeec3dc95256d1f9ef21280c90ac0f9337b898fc5c89d
bsb10314207	112	33395	e8c780af6dcf96b7fc2fc8d21203d760b4bbafaca479733efa7879b2483baa6e
bsb10314207	113	34190	7e349ea73dbcdd8c3eadc77c744e2d57447dbdc93c9387658ca0a18e3ec841b8
bsb10314207	114	34067	17d1ca4c8cb985ebf11892ef36d631843f056f9918e23ddaf2cc0881834c18ac
bsb10314207	115	30771	710a7752490e32104a49117541792f43b73ab787f04623d7d6d12f20fd6d53e7
bsb10314207	116	33982	44297ab16d395118b598694d0cce8e4a81df6f299abbe44b8710ce00de50ed58
bsb10314207	117	31091	99955305d6b78aebd7ad3ea64f48fad61dcdef834caec71d6c6a9dd47dcf8211
bsb10314207	118	33903	7e552638fb2242ca9837734e5662dda0f251b80e568deaf263f7088d09687a7f
bsb10314207	119	33521	72d435036d777feb6e46b62043597e0fa6ffa23a9bbce6bae8eccc66d6437a71
bsb10314207	120	33514	78a440c0a68a348be7e9794a2bdd383b2d369e20a45708eee944f860c0a79e2c
bsb10314207	121	30420	5629842c3092742d076ec4db7e8d29e1072c6342716e1e4a87732244418bef62
bsb10314207	122	32849	be32dd1fc9cae2a27108a0381e61c938da3708646a340749c7b464af2e8e572d
bsb10314207	123	31960	cdbad4e15870a77146321a42999cf741a1d1a85faddf19a7f2113ffe828e6d5c
bsb10314207	124	31554	45a244d846a351e2b3890148fe1995888093b26d2601315a72f61eae5a56885c
bsb10314207	125	31885	0562c2aae53e97debad3f95b7e1aa82e194427388ebca9de76fc6580fee57685
bsb10314207	126	31822	7baaea96d6cadddc40d29591b6c1ef2935828489ab9046f5cfeae3349296fb67
bsb10314207	127	34615	9401543d0cacb4a3f2d3b6482011f9970d8b8ea85166dec0e00a75f4096e9da2
bsb10314207	128	30636	46d8a17c19579fde946ac835b5238b9e092ded36cbb0b392ce8d9aaeab312f6c
bsb10314207	129	30863	7474430a93bb5f9647ae27a7c996962510122ff0971c62b5595cb0d32346cc31
bsb10314207	130	32989	1c019590ceaa2b01d4d48e523d08b2bd24c5f8a4fc9104fa5a6e0f8937d94743
bsb10314207	131	35104	3d7b57b5fd6e04fe0d2160efaf69216f6c7cbf66ab24e071bd7358a3edd3bb72
bsb10314207	132	34311	9d34c3ad11a5f0d6711d94d4f26aea96bfba2de323e40e5d808c104c4f885931
bsb10314207	133	30410	31e0dbf2f0e6e7c62529dbba32e4f83da4a57abf96c5e99f4641509af243ba63
bsb10314207	134	30798	c1c5b77ef60d9ccbfde81a200ddc89d83fa3a25127837398bb03f9b47d8a21e1
bsb10314207	135	32512	6d7d182a85f2594c53b728cfdf1d446d7b4cd6098d69ba847360c4daca8999c5
bsb10314207	136	28113	f69996bdd080a0319ec2f068a4ee23aaead4fb4b877e5c4c68e02d4da0018f27
bsb10314207	137	34439	44d10eb840ec2b9a16bd6077a73c1a908b180f7398a3e746e5f36898f47f9eb9
bsb10314207	138	33429	208ee2a245fee7a91c00fb7bdd32f7d29274f1ae2b6f63eacd2114d8ff4e04a3
bsb10314207	139	31802	5b10aa5670b451187bf78e63892207d548a8697473cb936a565b90acfc175324
bsb10314207	140	34102	b27a090f0440a6dc223eb69aa49dbb3db2b4a4f8420271066512b25dddfa7f2e
bsb10314207	141	31196	4336524c25248ee7e853fc2d969835f272c5b75f0ca912bc3c59bc87713a4271
bsb10314207	142	34839	0b676bfbf46fe55cc93f9154afb3f7fdc3046694d8aa131a3aa0199139b9fb02
bsb10314207	143	34876	6d29a2a4f4df304f204aa47a27552c2c731ee62b0907fe7bc4a98d87a19ec49a
bsb10314207	144	31403	bbd0231aaab448b92f03b757bd30a0404b203e35f6f0a9de8a3a8b5ac82e04d6
bsb10314207	145	36859	d153d5479f70c537d19f47cdbc705b77456d7a4257fb3c922bb3ffd73cc18814
bsb10314207	146	32091	e79e82160a727498a3e63e4cf2ef050a89d2178bc1fb5a07388015b37c83e6b4
bsb10314207	147	32720	c80149455d38d76119ac4a75c32e9e32124cbe15e4347ce15a1e628fd5de448f
bsb10314207	148	33916	81d82d6c1a9d38a398e46c39f4bea9b81b97c7c9efc01145356eea877a4bbd0e
bsb10314207	149	32962	1914fc540dd2fb9d33bcf3cc85e61b03fd0c0f242ef3220996e1e74ecafad36c
bsb10314207	150	29801	674c2e70f86144ee8452238884bfc72c7fe340b06b25b154bd82189b45a63c92
bsb10314207	151	32966	74962a976cf62921c39917b4cadb1b2a1cf23a7f6b944cbb1dae4d88d6c9ff4e
bsb10314207	152	35975	208638e914ed9550e0faf2f41660228677cc5831d745ab8770e612758ece6d9b
bsb10314207	153	34621	f3ca8b27ec3da0ae518af96e8e482c3469362d58958d4adcc70a15855c445f09
bsb10314207	154	32115	2327a52940178babe495a3102545fce51ddf05e20da2c00a3877d61181ec600d
bsb10314207	155	35829	957b15699457f2859944d994b998cd071c5a37a9ed014bcb2cb8c4ecafa6ed85
bsb10314207	156	28811	27d75b6a06c4d618a36e24d88730cab817307817f41363694b65ffea5d37508e
bsb10314207	157	33735	48d61fa077c5d27c38aef75ba79d9d99334babe0e19024d0fab8b41b56d90bf6
bsb10314207	158	33338	ba469427b0d2293860522f0af38a15581edbe35f414aba9d24eeb3ca1c033ee7
bsb10314207	159	32886	ab3426695ae9a013268d903a9c4fa30eab10882a480a47627bf96e00e9c4b9a5
bsb10314207	160	37339	82825bca20d02b56a5cefbf28af7094070cde5b4019d2c83ed987683c5272511
bsb10314207	161	33883	0ec32757127deebf5d0971fa5e93c54b092a3351e0c07bcd9c2cc404eaa9da74
bsb10314207	162	29335	295c7d89f6d0bf42331ee41003953fb93075edbf8090ab4de0a6ae98434cdd99
bsb10314207	163	25620	a53c8e128783f7ad150e1944a694942e349eee2429ebe29f94fff5561caeeffb
bsb10314207	164	34841	af6e59798eb8a2cf331eba12bfb714f171a9ec99a27635b2f520ff4f0748713b
bsb10314207	165	34784	cf65f1077ba05cc37f04d6d44d66caba9dc841fba802dbdd575db265057d588f
bsb10314207	166	37245	33556f1fab8427449198b69f385e8f88fac5514e10def44ae6d819956dd92dfa
bsb10314207	167	35335	4db37544444b8be093a2399d20bb31abccde612ec6f6088617d6fbd605e7551f
bsb10314207	168	33258	74f430f0d592277bc3ae40c03604cb89b2c12424982aea4c2453c5a6edcc6952
bsb10314207	169	33238	ce53df420916bf42f4efc4bf7e98efe86c2c6d1abc52e631071f0edf28ab1850
bsb10314207	170	34341	5f6940e4b6a1b89120c3bcbd6a0d14222a2a1b56bc400f3e2217ff2500036b94
bsb10314207	171	37628	dade6bce94b97792d420a017f1e31adddeec020ee7c0e3d3f0680f96d84795a8
bsb10314207	172	36743	a42478c2268bc2af689e5447fc2f39ab25d822028dbbf9f5db95dd9e4fe41bef
bsb10314207	173	29215	e2658d0c7eed3e5f64fa8d9e59081d2fc0208b546a0ac11b30ca161541261a8a
bsb10314207	174	36270	6792861fea8d3299cb06d9b6dd5f78a646c42af24d8ed2181f5735519df9ed1f
bsb10314207	175	34207	2930ba11464aba3342c1c90a41d4b60423dcaea23ef785a0d3a0b302d1e1dd6d
bsb10314207	176	34770	0715f0b4ef2445e6607697603d4008b2e5e179405080eceb8e5f9d5ec7d32ad4
bsb10314207	177	32393	cd6ba5a38ebe3b4d8085942fd7f3114d01a72e3ca669773e514371bfaf568967
bsb10314207	178	34125	fb06582ce420abf6f5dd831787bfdbd8b50ea554428ef17945e64eb5039b544d
bsb10314207	179	32397	f3a4d6d7e2aae4f183419ce656957cb37b9d710f3601fa74a0d4cd9df49d0a75
bsb10314207	180	32117	9908e74d778ecb1b2d07ad3b0fb2700884306a25147d322b70efdccf69ccf7c8
bsb10314207	181	34847	88dcefa2b6ad954715198651fe2b5c98a6d8ef4c5d59613c5a8a33e2f2e87c30
bsb10314207	182	35102	69d1c7b643e9919e7614adaa4235a7955646a6fe5134314489127c9b84d2bd82
bsb10314207	183	34542	16b909b50ac0e81895a2c9f8b5bc22c709453ee4a45f3f175716ade000f2347e
bsb10314207	184	32596	4ae9963d0d8077d09e61b70d34e13f78d519a4783086ac3ef21d3d4adf6f7ae1
bsb10314207	185	30748	62da63a5a88b7bfe4423ea948341983a613375ce4dbf88da0a8f44df590cece5
bsb10314207	186	31433	becc6118e921439b282b722817eb640b93f8d353ba7309987fc8bfd4343477b1
bsb10314207	187	28592	1623defd427ca4da280b4ecc3670af1bd224e0517d0e9164db1aa728bcaec9c4
bsb10314207	188	30849	e24b558597b8113bfe15f8113e35c39150187426caee9762e5efb69a9f585dad
bsb10314207	189	31545	67955e5587ba7612270ffc8d268322f9ffae2e47f31992f7eb83c1055e3d8e66
bsb10314207	190	32203	311a7156318a27564bca24127e91638fd987a0310dacdfea7a5d50c4cfd63316
bsb10314207	191	33979	b26dc996b8a667f0f3a0b01b46e529b7fe6695037665333121b54d2d37edf15c
bsb10314207	192	30792	174b2f79d3551bb4910cf79c9402a2918d32bcba529c8cb891e78c94c833cc15
bsb10314207	193	33029	0682c8e78f3d3be9bd11c2a8d9da0b7d0de2287cb89a7fb9f6c7be9cb2c4d891
bsb10314207	194	32396	fc1f54c019526ef4d6ef1b6056e68f1e191b76d18028abe40a4818e663c6c6c2
bsb10314207	195	32247	e5fc5caa6fbe936861629a4593f72d70dc94f632a91306615b004e8199cfc8f3
bsb10314207	196	37285	e301106aa311e0ef279884a8cb004557df8ab834d3bf42a91b958273c76f6cd0
bsb10314207	197	34789	516255aa278c38d8484094f3e54ddc48fef207fef9bca0ade46abfab513d540f
bsb10314207	198	31715	2ad1d9e712660c8d834f325a175c5d7b29b39c7090daf166ce815976e2fd38cd
bsb10314207	199	33119	9c250680c4fb723b734af7c11fbb81569ec04d345495db35e6961e4b4c74e082
bsb10314207	200	35563	cefd85b76c1ec97cd1acdf409b301fcb479180282217da14a2712915d01230ba
bsb10314207	201	35620	24772464eea1951520a5e520b4ed009542b7fef6e7675d29fffa5bfafb461120
bsb10314207	202	33906	e2a48e15b4cb0f75037dc6b83ae3e2eb47b33f037bba004b7f11da55bd6a21bd
bsb10314207	203	35733	ae8f111093bde67c011cdbd6b18bdf3dd8b1c863a7b8964ec607d880ae84fe82
bsb10314207	204	39133	f7b7484dbf432741b2f06138fd7eb78080ae3630bb9123de723672bfd8514163
bsb10314207	205	33818	6b8a08f44746c3dbbc20f90f23ade350b8dcbdc46efb011f3721a4bd843823c5
bsb10314207	206	37643	a28cbface473b12df411d9830dd0f48aa322c118d8598c37a07c181596cc7dbe
bsb10314207	207	34471	cc21d050200c443b0250d064090bdcaf3ee97d62b650fae13a5548a6873fc67b
bsb10314207	208	36126	505ede29ad589de90e20225444f3db17dbfd23acd05c6f63d80bd6a19d76e3d3
bsb10314207	209	35011	d581297926c0d9f0fc1018da82fa4f05dce7b141866f18c658e7f4a577f329a1
bsb10314207	210	33110	35539a0f8c9ea241d92793ec4799dfceb52a7bb1534a07169642f2e18a0004c3
bsb10314207	211	36510	667cf6220fdef4d56700f8aa34912e6ba4cc4f2407f8128002ef17a4e9ce54ad
bsb10314207	212	32256	22241da3c72a08d85949789f3d391299d83fa2f63002479f4969897c701ee4f7
bsb10314207	213	32428	f0ff089ed0d10d6867ad8b118473e0f7d2c56f1af855915d4b9ef491362fb919
bsb10314207	214	31508	dd37a936077e267cec1767e42e2cbbd11b7130bb888520b7cbfcde6752317b54
bsb10314207	215	35381	a391e19eda3760466d3817f2de23f092d2714abe91ee805702e291ba277666a4
bsb10314207	216	32999	d1adbabf4bf3355c852735af68c5d59e50a3421db873f1e3653814de84760f02
bsb10314207	217	33339	e0af0b5d7d2809fe5b346e5eccecdd677a5e524a56894e322145ee172b38708d
bsb10314207	218	32326	401b180b8c17593304083a8d6ca41dc9a5b55572113287ca36c1f0b75f30b2b0
bsb10314207	219	28831	e0b734f1f7c17cb8dfefd073f2ae615d049eeb38c4fdcb16fe0266fb95ff0a16
bsb10314207	220	31414	5911bb6a235b40534cd1c83340ae9c0f20d166c2e6d17c9bab16f5b4a6d09ec1
bsb10314207	221	30597	a38d6ff54400bb92e959ba8b7a9dc8806549abda81b7e695353631a659e66236
bsb10314207	222	33713	7fb3eb4b8d18f07c77138bc5d4e912779eed7c89adaa0d8a2c66685378d27ae5
bsb10314207	223	34132	a3e65ef5a236610bc468524ca0c86fb55dc036a1b5084fa5a9b2127590c6382e
bsb10314207	224	32018	77c41463156bcad35e2aa030dc41bf27852d8b594e7754ded33250ab50816a95
bsb10314207	225	29374	aad92e187e6fbd691f9189b734fc7ae0f5b89383afc8a3c47e6fef392ccc447d
bsb10314207	226	31821	f6505260e75da71a1a9fede95c0642fdfb3f4a7a08193ebd35097d9ba9205356
bsb10314207	227	33973	9f532254489fec7ae08460b5b39e076605126b3439bd85d2ebe6108152ddb1f0
bsb10314207	228	32337	bfa33857a51d1050279629ff2825b31ef46b38d2ceba9a7db890da2edcfba504
bsb10314207	229	31628	c5defcd57bb69696e5df0d0aed129f60b80e7f24f3848a0ab175668d680a2314
bsb10314207	230	32330	6b49ed93039ffa9d1df46d37f962ffd6e187abb8196423cbfc170c1e55e2a011
bsb10314207	231	31007	71d88e108bd0abda5b6ca70e3732c770263aae23068a339e77daaf3b90292fc1
bsb10314207	232	32611	0c8b009ac2f1720df8a079fb1f2824c1cb3d73c1f1fa2bf0fb0139c3a6b6a1c6
bsb10314207	233	33096	97aede1bcb636abe496240f557f4107ae7dd855487ec9897950e37d7d9342a15
bsb10314207	234	33921	4adc6fa13ea57653343262ab5def3ba00ba7e8317e2bc775ff04625b8a1adf56
bsb10314207	235	32718	c4a8d353ce227a39efe403b4244ce3433b5693da48d9b432b5a760ec59073008
bsb10314207	236	33820	a4d14f51e2988fbcf6ab4f8af297a0934c26b267df40f5d1f02cc321b2343ab5
bsb10314207	237	33089	272e1c519b7d0d2377de9823cf4c9bb155781583eebfc5734655a633980dae52
bsb10314207	238	31268	04b072fd2815b4ddf5d9c68d7816448c96727f315d1b1ca2acf6fb68f83571f1
bsb10314207	239	33142	323d3173b13aa0d42c2f7292ef49725bb4bae74f4d1326a2bc380f5e68afeb61
bsb10314207	240	31424	877a61f4fac857587e6e56d87b55801c00ad5dde18540e5922b9da53c16e8ac7
bsb10314207	241	32102	cbecb43a91364b42efa0c59e81139410f532e2a2790df38ed7e6e0c5e6819c7d
bsb10314207	242	31366	592d8949e7882ef0f2ff384d46f6dd1234ab2b84b29d89260ccae2d01cb582cd
bsb10314207	243	32822	5e04e1de4b8b4a557f4c3de0fa8412e09b1c63dfe6f3edc4c9b1a2883d7e69de
bsb10314207	244	32458	e1b5e1b55ea9767ed5474189815704fdd1d7d40252331a176d7e7a73fbdff4df
bsb10314207	245	34066	391be3b50c98ecf834bf81e88338a505d6c7386eed32c6c07111b02af92060a3
bsb10314207	246	33016	1e95d1649fc599484a852107da00da0606488f91c919b41cf4f409bafe24d176
bsb10314207	247	34053	d1d1623dae865ba093f1d2114536bc250486ea03c043744cd039cf95b2c9c0e1
bsb10314207	248	35253	7d6715fcd96ee60d218984e28ce82bdbcd4668708ff5c7befae2507b741035c3
bsb10314207	249	33572	2232280ceab825418d18ca509a422321b862a36b41bd50fdca9770d0a3054f46
bsb10314207	250	30327	0741f939ed3fe75e72de837e6a304fcb0111bb8880b685fa0645309d7b7e89bf
bsb10314207	251	33362	8db4022e664a52a63d5002e499ef9bc1fa0616856d9379ef932f94344d9def52
bsb10314207	252	31850	78ef1f6137341120bb71aec378e36ac2aaaaf97d7b4ed1749d09849afe263818
bsb10314207	253	33298	bbb99ca83b09910532e5b51097b41dcf853e58bac5fa8c9d4f46e314f8561f9d
bsb10314207	254	34926	5e091a87dc47f74f172cb1a7365d9dba100378591d9a71c0659ef9e5badbc115
bsb10314207	255	35745	cb6ae8c1230d43e88ab0b0fe817dedbd418fb9cf28c2b0dd21331dee3333e435
bsb10314207	256	34461	345ac80f943492250bfb8aee326ad47cc1b2feea52b77e9b3ae92305cf9e5ca3
bsb10314207	257	32797	a33da2e1ef436f60038aa80fc0d040a43eca818bf2137d9f3a37eaf6ce327940
bsb10314207	258	28728	b79666a329ac6e8eeb8700be3be682d13e3ced81ae87ff9cfa7c343c5c647349
bsb10314207	259	34178	7fd41a1e153708a2b0ea3459fd4e7b8a513b55c5fd587f5b04e523f768bcffdf
bsb10314207	260	33561	9de2697e0187884a253a878e718ef7a4fd9b879f4fa333b59b84cc544d21eb87
bsb10314207	261	34522	1d1d31d2f9dfe98d933d1f29ea3b5bdd5ca47eeb9ed7098e72a7266acd4ec08a
bsb10314207	262	34010	916f36bd989dfa41ec93bb8f4ac9693fd9ee602c4954525739c1af49b3cab6d0
bsb10314207	263	34354	3502aeb842917c5dd86b4ee95de3d67fc205d0ebadfc651212078aff808068ec
bsb10314207	264	32682	c45cd4b3dcd837f5a840724bf54ecd47c7c63dc6846be7d74fc976cf0e4eff89
bsb10314207	265	32437	81324d10e94a4a580e540efe6a194ac3638ffbf50f7e557674e8b8f778d4f1e3
bsb10314207	266	31228	5bcdb2ef5a6c4abf52db810c7247d997c9c8f8162ef07222a0fad1fae865170a
bsb10314207	267	33913	6bd3f205489a430aa5c5d9fa9d0a4ed34063479e3225a562764f84dff45a9c97
bsb10314207	268	31823	46242cc782c150ae38458dd9357bb0c4f415625cfa722d3f346ccd86efebbd81
bsb10314207	269	29234	207ac0eeff7db819373c23fe25b1bf4a961dfea98697eb145b4cfca0d8abd3fb
bsb10314207	270	32948	f0e3d26992c0d21fe3a2572ac65e2c7192d110286ac3a1e3e2dac0707f69d9b0
bsb10314207	271	31351	add6a15eb87cfc6c08f6d11d3e975f679cbe001478d5a79e849329361d75bd25
bsb10314207	272	25419	f270d5912a03dd6ba3a31b7706b7c576314c8d8a61893d6fb5e3fc65a184bb36
bsb10314207	273	7864	b93ee9e24f3d026dfbe92eb20b07ec9901d4dc3f557abc817230961fdcd7ef6d
bsb10314207	274	443	b28a99345d75acdcb29bed6576bdb155ed9340510934930a6986e3f451ed8f1b
bsb10314207	275	681	b8aad6b022d87cda51356e9d7b067d6473043b8287c656a07323eb797a2c8dd4
bsb10314207	276	443	4f1b68019c1d52c71a71eb31063cf2190df14763bd207906d569537e4b27d342
