volume	scan	headword_ocr	token
bsb10314207	3	Tachrinnen .	tinnorim
bsb10314207	3	Taffel .	luach
bsb10314207	3	Taffel .	farnim
bsb10314207	3	Tagen .	Gallic
bsb10314207	4	Täglich .	iomiom
bsb10314207	4	Täglich .	iomiom
bsb10314207	4	Täglich .	becoli
bsb10314207	4	Tamarisch staude .	beratſon
bsb10314207	5	a-	charts
bsb10314207	5	a-	ibbor
bsb10314207	5	xifch chail .	gebhura
bsb10314207	5	Za	Kis
bsb10314207	5	Za	alkut
bsb10314207	6	Taubheit .	becherifch
bsb10314207	7	Ta	tabhal
bsb10314207	8	Tempel .	herbal
bsb10314207	11	Thal .	chelek
bsb10314207	11	Thal .	helkah
bsb10314207	11	Thal .	manah
bsb10314207	11	Thal .	cha
bsb10314207	11	Theilen .	chalak
bsb10314207	11	Th	natach
bsb10314207	11	Th	thar
bsb10314207	11	Th	chatlah
bsb10314207	11	Thier .	beiroth
bsb10314207	11	Thür ......	petach
bsb10314207	11	Thür ......	deleth
bsb10314207	12	Thürangel .	haddeleth
bsb10314207	12	Thürhüter .	fchoer
bsb10314207	12	Thår offenen .	patach
bsb10314207	12	Thår offenen .	patach
bsb10314207	12	pfoft .	ail
bsb10314207	12	pfoft .	mediud
bsb10314207	13	Thür zerbrechen .	fchabhar
bsb10314207	13	Thür zerbrechen .	fchabhar
bsb10314207	13	Thür zuschliessen .	fagar
bsb10314207	13	Thür zuschliessen .	fagar
bsb10314207	13	Thor / Pforte .	fchaar
bsb10314207	13	Thor / Pforte .	petach
bsb10314207	13	Thun .	afah
bsb10314207	13	Thun .	paal
bsb10314207	13	Tieff .	amok
bsb10314207	13	Tieffe .	hom
bsb10314207	14	Tochter .	bath
bsb10314207	14	Tochter .	fephiah
bsb10314207	14	Tode ..	debher
bsb10314207	14	Tode ..	maggephah
bsb10314207	16	To	Chiccah
bsb10314207	16	Todtschlag .	redach
bsb10314207	16	To	harag
bsb10314207	16	To	katal
bsb10314207	16	To	paga
bsb10314207	16	To	ratfach
bsb10314207	18	Tolch .	romach
bsb10314207	18	Topff / Hafen .	fictilis
bsb10314207	18	Topff / Hafen .	dud
bsb10314207	18	Topff / Hafen .	parur
bsb10314207	18	Topff / Hafen .	kallachat
bsb10314207	18	Topff / Hafen .	mon
bsb10314207	18	Töpffer .	otſer
bsb10314207	18	Ther .	euil
bsb10314207	18	Ther .	mefchygga
bsb10314207	19	Torheit .	tia
bsb10314207	19	Torheit .	iffeler
bsb10314207	19	Torheit .	nebhal
bsb10314207	19	Creans fibi malum .	purah
bsb10314207	19	Tråg sein	hithhat
bsb10314207	19	Tråg sein	pigger
bsb10314207	19	Tragen .	cilcel
bsb10314207	19	Tragen .	nafchak
bsb10314207	21	gange Traube .	olelah
bsb10314207	21	Trawm .	chalom
bsb10314207	21	Trawren .	daag
bsb10314207	21	Trawren .	daabh
bsb10314207	21	Trawren .	abhal
bsb10314207	21	Trawren .	iagah
bsb10314207	22	Trawrigkeit .	dagah
bsb10314207	22	Trawrigkeit .	iagon
bsb10314207	22	Trawrigkeit .	ebhel
bsb10314207	23	Treiben .	ors
bsb10314207	23	Trennen .	badal
bsb10314207	23	Trennen .	parad
bsb10314207	23	Trennen .	palah
bsb10314207	23	Treschen .	charatswoch
bsb10314207	23	Treschen .	bbed
bsb10314207	23	Tr	dfaam
bsb10314207	23	Trewung .	dfáam
bsb10314207	24	Trew / Glaube .	Emunah
bsb10314207	24	Tr	fchathah
bsb10314207	24	Tr	fabha
bsb10314207	24	Tr	fchaGræc
bsb10314207	24	Tringen .	ots
bsb10314207	24	Tritt .	taad
bsb10314207	24	Tritt .	fchaath
bsb10314207	25	Troster .	menachem
bsb10314207	25	Trommet / Posaun .	fchophar
bsb10314207	25	Trommet / Posaun .	-io
bsb10314207	25	Trommet / Posaun .	takoa
bsb10314207	26	Trommeten .	taka
bsb10314207	26	Tr	delepi
bsb10314207	26	Tr	mar
bsb10314207	26	Tr	refifim
bsb10314207	26	Tr	galim
bsb10314207	26	Tropffen .	dalaph
bsb10314207	26	Tropffen .	ataph
bsb10314207	26	Tropffen .	ataph
bsb10314207	26	Tropffen .	rapharap
bsb10314207	27	Trucknen .	Græc
bsb10314207	27	Truncken .	tehiecor
bsb10314207	27	Trunckenheit .	chiccaron
bsb10314207	31	Thurn .	migdal
bsb10314207	31	Thurn .	ophel
bsb10314207	31	Thurn .	daiek
bsb10314207	34	Vatter .	Græc
bsb10314207	37	Vberfahren .	heebhir
bsb10314207	37	Vberflüßig .	Græc
bsb10314207	37	Vberflüßigkeit .	chepha
bsb10314207	37	Vb	thron
bsb10314207	37	Vb	ferach
bsb10314207	37	Vb	odeph
bsb10314207	37	Vb	chear
bsb10314207	37	Vberflüßig seyn	athar
bsb10314207	37	Vberflüßig seyn	rach
bsb10314207	37	Vberflüßig seyn	adaph
bsb10314207	38	Vb	heebhir
bsb10314207	38	Vbergeben .	mafar
bsb10314207	38	Vbergeben .	nathan
bsb10314207	38	Vbergeben .	hiphkid
bsb10314207	38	Pbergchen .	chalaph
bsb10314207	38	Vbrig .	cher
bsb10314207	38	Vbrig .	later
bsb10314207	38	Vbrig seyn .	farad
bsb10314207	38	Vberkommen .	Kanab
bsb10314207	38	Vberkommen .	matfa
bsb10314207	39	Vbermuht .	geuth
bsb10314207	39	Vbermuht .	dadon
bsb10314207	39	Vberschiffen .	heebhir
bsb10314207	39	Vberschreiten .	adhar
bsb10314207	40	Vbertreffen .	gabha
bsb10314207	40	Vbertretten .	abarque
bsb10314207	40	Vbertretten .	maal
bsb10314207	40	Vbertrettung .	abherah
bsb10314207	40	Vbertrettung .	maal
bsb10314207	40	wechsel .	temurah
bsb10314207	41	Vberwinder .	menatſticach
bsb10314207	41	Vberwindung .	netfach
bsb10314207	41	Vherziehen .	tippa
bsb10314207	41	Vherziehen .	ciffah
bsb10314207	41	Ve	badfah
bsb10314207	41	Ve	kalal
bsb10314207	42	Veralten .	balah
bsb10314207	43	Ve	fathar
bsb10314207	43	Ve	chabha
bsb10314207	43	Ve	tsaphan
bsb10314207	43	Ve	alam
bsb10314207	43	Ve	cash
bsb10314207	43	Ve	cachad
bsb10314207	43	Ve	caman
bsb10314207	43	Verbundtnuß .	berith
bsb10314207	43	nuß nicht halten .	afah
bsb10314207	43	nuß nicht halten .	afah
bsb10314207	44	Verborgen sein .	niftar
bsb10314207	44	Verborgen sein .	chabah
bsb10314207	45	Verbrennen .	faraph
bsb10314207	45	Verbrennen .	hibhir
bsb10314207	45	Verbrennen .	hititfith
bsb10314207	45	Verbrennen .	hokod
bsb10314207	45	Verbrennen .	abh
bsb10314207	45	Verbrennen .	abh
bsb10314207	45	Verdammen .	hirfchiah
bsb10314207	45	Verdammen .	chiiebh
bsb10314207	46	Verdammung .	ibbed
bsb10314207	46	Verdammung .	cillah
bsb10314207	46	Verdammung .	gimmer
bsb10314207	46	Verdammung .	abad
bsb10314207	46	Verdammung .	alagamar
bsb10314207	46	Verdammung .	aphaphas
bsb10314207	47	Mensch .	ratchara
bsb10314207	47	Be	abhaddon
bsb10314207	47	Be	debher
bsb10314207	47	Paffiue .	houa
bsb10314207	47	Paffiue .	Græc
bsb10314207	47	Clades .	ibbad
bsb10314207	48	Verdienst .	achár
bsb10314207	48	Verdingen .	achar
bsb10314207	48	Verdorren .	chaabh
bsb10314207	49	Verdunckeln .	hechefchich
bsb10314207	49	Verdunckeln .	chidah
bsb10314207	49	Verendern .	chanah
bsb10314207	49	Verendern .	chalaph
bsb10314207	49	Verendern .	haphach
bsb10314207	49	Verenderung .	chaliphah
bsb10314207	49	Verenderung .	thahaphuchah
bsb10314207	49	Verfaulen .	neclach
bsb10314207	50	Verfaulet .	nealach
bsb10314207	50	Verfluchen .	Græc
bsb10314207	50	Verflucht .	arur
bsb10314207	50	Verfluchung .	plurale
bsb10314207	50	Verfluchung .	kelalah
bsb10314207	50	Verfolgen .	radaph
bsb10314207	50	Verfüren .	pittah
bsb10314207	50	Verfüren .	hichichi
bsb10314207	50	Verfüren .	hitcha
bsb10314207	50	Vergeben .	ach
bsb10314207	52	Ve	fchaf
bsb10314207	52	Ve	fchaf
bsb10314207	54	De	calah
bsb10314207	54	Vergeltung .	gemul
bsb10314207	54	Vergeltung .	fchillunı
bsb10314207	54	Vergessen .	chachacha
bsb10314207	54	Gall Vergeßligkeit .	chiah
bsb10314207	56	Vergleichen .	himichil
bsb10314207	56	Vergleichen .	rach
bsb10314207	56	Vergülden .	tippah
bsb10314207	56	Vergülden .	tippah
bsb10314207	56	Vergunnen .	than
bsb10314207	56	Vergunnen .	hinniach
bsb10314207	56	Verhålen .	heelim
bsb10314207	56	Verhålen .	cachad
bsb10314207	56	Verhålen .	fah
bsb10314207	56	Verhalten .	hithappek
bsb10314207	57	Verharren .	amad
bsb10314207	57	Verharrung .	nathan
bsb10314207	57	Verharrung .	hinniach
bsb10314207	57	Verhcerung .	ſchammah
bsb10314207	58	Ve	hifchah
bsb10314207	58	Ve	hechedfik
bsb10314207	58	Verhertet .	Kafcheh
bsb10314207	58	Verhertet werden .	Kafchah
bsb10314207	58	Verhertet werden .	chadſak
bsb10314207	58	Verhertung .	Kochi
bsb10314207	58	Verhüten .	fcha
bsb10314207	58	Veriagen .	henis
bsb10314207	58	Item .	chil
bsb10314207	58	Verjagter .	vana
bsb10314207	59	Ve	nimchar
bsb10314207	59	Verkeren .	Græc
bsb10314207	59	Verfert .	præpofterus
bsb10314207	60	Verklagen .	hilfchin
bsb10314207	60	Verklagter .	chaiiabh
bsb10314207	60	Verkündigen ,	higgid
bsb10314207	60	Verlachen .	laag
bsb10314207	61	Verlacher .	metſachek
bsb10314207	61	Verlachung .	techok
bsb10314207	61	Verlaffen .	chamarianach
bsb10314207	61	Verlauffen .	cha
bsb10314207	61	Be	heerich
bsb10314207	61	Verleken .	innah
bsb10314207	62	Ve	cachach
bsb10314207	62	Vermackeln .	timme
bsb10314207	62	Vermacklung .	temah
bsb10314207	63	Vermercken .	dorari
bsb10314207	63	Vermehren .	birbah
bsb10314207	63	Vermehren .	hofiph
bsb10314207	64	Vermischen .	arabhalach
bsb10314207	64	Vermischen .	maach
bsb10314207	64	ond Mannes .	miſchgal
bsb10314207	64	ond Mannes .	miſchgal
bsb10314207	65	Ve	mifchabh
bsb10314207	65	Ve	fchechobheth
bsb10314207	65	Vermågen .	iachol
bsb10314207	65	Vermüglich .	achol
bsb10314207	65	Vermüglich .	abhir
bsb10314207	65	Vermüglich .	gibbor
bsb10314207	65	Vermüglich .	cabhad
bsb10314207	65	Vermüglich .	iccholeth
bsb10314207	65	Vermüglich .	gebhurab
bsb10314207	65	Vermüglich .	choach
bsb10314207	65	Vernichtigen .	niets
bsb10314207	65	Vernichtigen .	badfah
bsb10314207	65	Vernunfft .	taam
bsb10314207	65	Vernunfft .	efchbon
bsb10314207	65	Vernunfft .	efchbon
bsb10314207	66	Vernünfftig .	chocheb
bsb10314207	66	Vernünfftig .	mafcil
bsb10314207	66	Verpflicht .	chaibh
bsb10314207	66	Verpflichten .	chiiebh
bsb10314207	66	Verpichen .	caphar
bsb10314207	67	Verrchter .	megalleh
bsb10314207	67	Versagen .	men
bsb10314207	68	Verschämen .	hebiſch
bsb10314207	68	Mensch .	noads
bsb10314207	68	Mensch .	ads
bsb10314207	68	Mensch .	ads
bsb10314207	69	Verschaffen .	afah
bsb10314207	69	Verschaffen .	paal
bsb10314207	69	Versch .	rah
bsb10314207	71	Verschleiffen .	dachch
bsb10314207	71	Verschlucken .	iccel
bsb10314207	71	Verschlucken .	bala
bsb10314207	72	Verschlinden .	bala
bsb10314207	72	Verschlinden .	Græc
bsb10314207	72	Verschlindung .	thom
bsb10314207	72	Verschnittener .	faris
bsb10314207	72	Verschonen .	chamal
bsb10314207	73	Verschwinden .	Grac
bsb10314207	73	Verseken .	dfathach
bsb10314207	74	Verspotten .	lots
bsb10314207	74	Verspotten .	laag
bsb10314207	74	Ve	lotfets
bsb10314207	74	Versteinigen .	fakal
bsb10314207	74	Versteinigen .	Græc
bsb10314207	75	Aftligere lapidum imbri .	bina
bsb10314207	75	Aftligere lapidum imbri .	tebhurah
bsb10314207	75	Verstehen .	bonchacham
bsb10314207	75	Verstendig .	chacham
bsb10314207	75	Verstendig .	matcil
bsb10314207	75	Verstopffen .	atar
bsb10314207	76	Versonen .	cipper
bsb10314207	76	Versonen .	falach
bsb10314207	76	Versoner .	mechap
bsb10314207	76	Versoner .	fallach
bsb10314207	76	Versónung .	cippur
bsb10314207	76	Versónung .	feli
bsb10314207	76	ren .	Grac
bsb10314207	77	Versuchung .	nilaion
bsb10314207	77	Versucher .	menaffch
bsb10314207	77	Vertilgen .	hischmid
bsb10314207	78	Vertrawen .	batach
bsb10314207	78	Vertrawen .	chaah
bsb10314207	78	haben .	Grx
bsb10314207	78	haben .	batach
bsb10314207	78	Ve	garach
bsb10314207	78	Ve	dachah
bsb10314207	78	Vertreiben .	garaich
bsb10314207	79	Verunreinigen .	timme
bsb10314207	79	Verwandlen .	chalaph
bsb10314207	79	Verwandlen .	haphach
bsb10314207	79	Verwandlung .	tahaphuchah
bsb10314207	79	Verwandter .	abham
bsb10314207	79	Verwandtschafft .	chathanuth
bsb10314207	79	Verwandtschafft .	mifchdachah
bsb10314207	80	Verwechseln .	hecheliph
bsb10314207	80	Verwerffen .	gal
bsb10314207	81	Verwickeln .	fabhach
bsb10314207	81	Verwickelt .	fabuch
bsb10314207	81	Verwicklung .	febhach
bsb10314207	81	Verwüsten .	fchafa
bsb10314207	81	Verwüsten .	ſchadah
bsb10314207	81	Verwunden .	pata
bsb10314207	81	Verwunden .	machats
bsb10314207	81	Verwunden .	dakar
bsb10314207	82	Verwundern .	tamam
bsb10314207	82	Verwundern .	chamah
bsb10314207	82	Verwunderung .	tim
bsb10314207	82	De	chyllal
bsb10314207	82	Verzagen .	aach
bsb10314207	82	Verzagt .	patch
bsb10314207	83	Verzeihung .	miffio
bsb10314207	83	Verzeihung .	chemlah
bsb10314207	83	Veftigen .	chidſeſek
bsb10314207	84	Vfer / Gcftadt .	pagado
bsb10314207	84	Vich .	behemah
bsb10314207	84	Vich .	bei
bsb10314207	84	Vich .	bei
bsb10314207	84	Vich .	ton
bsb10314207	85	Vichhirt .	boker
bsb10314207	85	Viel .	cabled
bsb10314207	88	Vi	laath
bsb10314207	88	bawm / Rustbawm .	tidhar
bsb10314207	88	Vmb .	fabhibh
bsb10314207	90	Vmbfallen .	naphal
bsb10314207	90	A	hippil
bsb10314207	90	A	migger
bsb10314207	90	Vmbgang .	fabhib
bsb10314207	90	Vmbgang .	labhabh
bsb10314207	90	Vmbgang .	fachat
bsb10314207	90	Vmbgang .	catharatar
bsb10314207	90	Vmbgang .	agal
bsb10314207	90	Vmbgang .	rapharchagag
bsb10314207	91	Vmbkeren ,	haras
bsb10314207	91	Vmbkeren ,	nafach
bsb10314207	91	Vmbhawen .	mol
bsb10314207	91	Vmbhawen .	namal
bsb10314207	92	Vimbreiffen .	haras
bsb10314207	92	Vimbreiffen .	fchibber
bsb10314207	92	Vimbreiffen .	natats
bsb10314207	92	Vmbschliessen .	fatham
bsb10314207	92	Vmbschliessen .	atfam
bsb10314207	92	Vmbschliessen .	tar
bsb10314207	92	Vmbschliessen .	Kaphats
bsb10314207	92	Vmbschliessen .	chalam
bsb10314207	92	Vmbschliessen .	balam
bsb10314207	92	Vmschrenckung .	mesucha
bsb10314207	92	Vmschrenckung .	fugah
bsb10314207	93	Vmb sonst .	chianam
bsb10314207	93	Vmb sonst .	fchaf
bsb10314207	93	Vmb sonst .	scheker
bsb10314207	93	Vmbwenden .	haphach
bsb10314207	96	Inbarmherzig .	achdar
bsb10314207	96	Inbarmherzig .	Kafcheh
bsb10314207	96	Vnbefleckt .	tamim
bsb10314207	96	Vnbefleckt .	tahor
bsb10314207	97	Onbestendig .	metaltel
bsb10314207	98	Inbetrieglich .	tamim
bsb10314207	98	Inbetrieglich .	pethi
bsb10314207	98	Inbetrieglich .	tahor
bsb10314207	98	Inbetriegligkeit .	tom
bsb10314207	98	Inbetriegligkeit .	rohar
bsb10314207	98	Vnbiegig .	Kafcheh
bsb10314207	98	Vnbiegig .	ads
bsb10314207	98	Vnbilligkeit .	ofchek
bsb10314207	99	Vnbilliger .	urious
bsb10314207	99	Inbrechhafft .	tamim
bsb10314207	99	Vnbrüchig .	Græc
bsb10314207	100	Vnderbett .	Vide
bsb10314207	100	Untergang .	maarabh
bsb10314207	100	Untergang .	chor
bsb10314207	100	nen .	mebho
bsb10314207	100	nen .	mebho
bsb10314207	100	Untergehen .	hafchichemefch
bsb10314207	101	Vntergraben .	adar
bsb10314207	101	Vntergraben .	nakad
bsb10314207	101	Vnterpfandt .	erab
bsb10314207	101	Unterreden .	dibber
bsb10314207	102	Vn	chanyccah
bsb10314207	102	Unterrichten .	anchanach
bsb10314207	102	Unterrichten .	ahmed
bsb10314207	102	Vnterfah .	mifchan
bsb10314207	102	Unterscheid .	hebdhelprum
bsb10314207	102	Unterscheid .	hephrech
bsb10314207	102	Ba	badal
bsb10314207	102	Ba	parach
bsb10314207	102	Ba	parad
bsb10314207	102	Ba	atfal
bsb10314207	102	Ba	lah
bsb10314207	102	Ba	natar
bsb10314207	103	Vaterseßen .	fam
bsb10314207	103	Vaterseßen .	fam
bsb10314207	103	Vn	hiphil
bsb10314207	103	Vn	hiphil
bsb10314207	103	Vnterfpreiten .	raphad
bsb10314207	103	Vnterfpreiten .	hititia
bsb10314207	103	Vnterfpreiten .	bits
bsb10314207	104	Item .	hol
bsb10314207	104	Item .	iaga
bsb10314207	104	Vnterstehung .	ickum
bsb10314207	104	Vn	faad
bsb10314207	104	Vn	famach
bsb10314207	104	Vn	tamach
bsb10314207	104	Vnterſtükung .	mifad
bsb10314207	105	Vn	hir
bsb10314207	105	Unterweilen .	liphanim
bsb10314207	105	Vnterweisen .	horah
bsb10314207	105	Unterweiser .	melabbed
bsb10314207	105	Unterweiser .	more
bsb10314207	105	Unterweisung .	intorah
bsb10314207	105	Unterweisung .	talmud
bsb10314207	105	Unterweisung .	chanyccah
bsb10314207	105	Unterwerffen .	hirdah
bsb10314207	105	Vnterzelen .	faphar
bsb10314207	105	Vnterzelen .	cafas
bsb10314207	106	Vnehr .	cherpa
bsb10314207	106	Vnehr .	celimah
bsb10314207	106	Vnehr .	calon
bsb10314207	106	Vnehr .	bofcheh
bsb10314207	106	Vnehrlich .	nikleh
bsb10314207	107	Vneinig sein .	nechelak
bsb10314207	108	Vnfürscher .	cefil
bsb10314207	108	Vnfürscher .	nimhar
bsb10314207	109	Vnflat .	droham
bsb10314207	109	Vnflat .	chelah
bsb10314207	110	Vufruchtbar .	akar
bsb10314207	110	Vnfruchtbarkeit .	akarah
bsb10314207	111	Vngefelscht	akitahor
bsb10314207	111	Vugehorsam .	forer
bsb10314207	111	Vugehorsam .	mored
bsb10314207	111	Ungehorsamkeit .	arah
bsb10314207	115	vngewitter .	fearah
bsb10314207	115	vngewitter .	fuphah
bsb10314207	116	Vn	dfaaph
bsb10314207	116	Vn	dfaaph
bsb10314207	116	Waffer .	iam
bsb10314207	116	Waffer .	iam
bsb10314207	118	Ongewitter ...	far
bsb10314207	118	Ongewitter ...	ruach
bsb10314207	118	Ongewitter ...	fuphah
bsb10314207	118	Vnglaubich .	forer
bsb10314207	118	Vugleich	domeb
bsb10314207	119	Vugleich seyn .	hifchthannch
bsb10314207	119	Vugleich seyn .	hithes
bsb10314207	122	Vngunst .	tinah
bsb10314207	122	Vngunst .	bhah
bsb10314207	122	Vngunst .	fonc
bsb10314207	122	Vngunst .	iebh
bsb10314207	122	Vngunst .	iebh
bsb10314207	122	Vngunst .	fatan
bsb10314207	122	ge wolluft .	Gaither
bsb10314207	124	Vn	inchohhalach
bsb10314207	124	Vn	hechlich
bsb10314207	124	Vnlauterfeit .	tamah
bsb10314207	126	Vnnüşer Mensch .	ich
bsb10314207	126	Vnnüşer Mensch .	ich
bsb10314207	129	Vusanfft .	Kachch
bsb10314207	129	Vnfauberkcit .	tomah
bsb10314207	130	schamhafftig .	ads
bsb10314207	130	Vu	fch
bsb10314207	130	Vu	fch
bsb10314207	131	Pnschuldt .	nikaion
bsb10314207	131	Vnschüldig seyn .	kah
bsb10314207	131	Vnsinnig .	meſchygga
bsb10314207	132	Vnsinnigkeit .	fchiggaon
bsb10314207	135	Vnuerborgen .	noda
bsb10314207	135	Vnuerborgen .	galoi
bsb10314207	135	Vnuerborgen .	nirch
bsb10314207	135	Vnucrbunden .	chophſchi
bsb10314207	137	Vnuermeint .	pithom
bsb10314207	137	Vnuermeint .	perha
bsb10314207	138	Vnwarhafftig .	codfebh
bsb10314207	140	Vogel .	volatile
bsb10314207	140	Vogel .	tippor
bsb10314207	140	Vogel .	aiit
bsb10314207	141	Vogelbawr .	Cauca
bsb10314207	141	Voigt .	pakid
bsb10314207	141	Voigtey .	pekyddah
bsb10314207	141	Volck .	goi
bsb10314207	141	Volck .	oleom
bsb10314207	142	Volkommen .	chalem
bsb10314207	142	Volkommen .	chalem
bsb10314207	142	Volkommenheit .	tomchelemuth
bsb10314207	142	Vo	male
bsb10314207	142	trincken .	uahabhak
bsb10314207	143	Vo	ide
bsb10314207	143	Vo	chalak
bsb10314207	143	Vo	chatah
bsb10314207	144	Vo	mit
bsb10314207	144	Vo	mit
bsb10314207	145	Von fernen .	merachok
bsb10314207	147	Voreltern .	abhoth
bsb10314207	148	Item :	nafi
bsb10314207	148	Item :	katin
bsb10314207	148	Item :	alluph
bsb10314207	148	Item :	pecha
bsb10314207	148	Vorhoff .	vlam
bsb10314207	148	Vorkommen .	kiddim
bsb10314207	149	Prsach .	alilah
bsb10314207	149	Prsach .	fibbah
bsb10314207	149	Prsach .	anah
bsb10314207	149	Prsach .	doth
bsb10314207	149	Prsach .	doth
bsb10314207	150	Vrsprung .	makor
bsb10314207	150	fprechen .	don
bsb10314207	150	fprechen .	pillel
bsb10314207	150	Wachen .	ſchakad
bsb10314207	150	Wachen .	Grec
bsb10314207	150	wache .	achumroth
bsb10314207	151	Wachsen .	gadal
bsb10314207	151	Wachsen .	fagah
bsb10314207	151	Wachsen .	gaah
bsb10314207	151	Wachsen .	rabha
bsb10314207	151	Wachsen .	almuth
bsb10314207	151	Wa	parats
bsb10314207	151	Wa	tſoph
bsb10314207	151	Wachtel	trachalaf
bsb10314207	152	Waffen .	kelim
bsb10314207	152	Waffen .	adfenim
bsb10314207	152	Waffen .	nefchek
bsb10314207	152	Wag .	modienaim
bsb10314207	152	Wag .	kaGrxc
bsb10314207	153	POSTICA .	mercaba
bsb10314207	153	POSTICA .	agalab
bsb10314207	153	Wagenteif ...	magal
bsb10314207	154	Wa	iaar
bsb10314207	154	Wa	chorefchah
bsb10314207	155	Wa	arod
bsb10314207	156	Wand .	Korah
bsb10314207	156	Wand .	Kir
bsb10314207	157	Wandeln .	mir
bsb10314207	157	Wandeln .	Græc
bsb10314207	157	Wanderer .	orchach
bsb10314207	157	Wanderer .	orchach
bsb10314207	158	Warhafftig .	neeman
bsb10314207	158	Warhafftiglich .	beemeth
bsb10314207	158	Warheit .	Kocher
bsb10314207	159	Warlich .	amnam
bsb10314207	159	Warlich .	achen
bsb10314207	159	Warsager .	mabhi
bsb10314207	159	mahnen .	dabar
bsb10314207	160	Warumb .	lamma
bsb10314207	160	Warumb .	maddua
bsb10314207	161	Wasserbäche .	venæ
bsb10314207	162	Waſſerfurt .	mabbarah
bsb10314207	162	eymer .	cad
bsb10314207	164	Wechter .	comer
bsb10314207	164	Weg .	nathibh
bsb10314207	164	Weg .	chibhil
bsb10314207	164	Weg .	mefillah
bsb10314207	164	Weg .	michol
bsb10314207	164	Wegen .	fchakal
bsb10314207	164	Wegen .	ididien
bsb10314207	165	Wegreifen .	halach
bsb10314207	165	Wegreifen .	chakak
bsb10314207	165	Weg senden .	chalach
bsb10314207	167	We	beodenni
bsb10314207	167	We	beodenni
bsb10314207	168	4 Weichen .	for
bsb10314207	168	4 Weichen .	for
bsb10314207	168	We	fog
bsb10314207	168	We	mot
bsb10314207	168	Weichigkeit .	uliebritas
bsb10314207	168	Weichigkeit .	raccuth
bsb10314207	169	Weich werden .	rachach
bsb10314207	169	Weiden .	alix
bsb10314207	169	Weiden .	arabh
bsb10314207	169	Weide .	Græc
bsb10314207	169	Weiden .	raah
bsb10314207	170	Weyhe .	daah
bsb10314207	170	Weyhe .	raah
bsb10314207	170	Weyrauch .	lebhonah
bsb10314207	171	Wein .	fobhe
bsb10314207	171	Wein .	melah
bsb10314207	174	We	gephen
bsb10314207	174	We	forck
bsb10314207	174	We	forekah
bsb10314207	174	We	bachah
bsb10314207	174	We	dama
bsb10314207	175	Weinmon .	marche
bsb10314207	175	Weinung .	Græc
bsb10314207	175	Weise .	michat
bsb10314207	176	Weisen .	hirah
bsb10314207	176	Weiß .	chacham
bsb10314207	176	Weiß .	nabhon
bsb10314207	176	Weifheit .	chochmahebhunah
bsb10314207	177	Weißlich .	bechochma
bsb10314207	177	Weißlich .	bithochu
bsb10314207	177	Weyfi .	chur
bsb10314207	177	Weisse .	lobhon
bsb10314207	177	Weisse .	chelbon
bsb10314207	178	Weiffen .	hilbin
bsb10314207	178	Weit .	rauach
bsb10314207	178	Weit .	rauach
bsb10314207	178	Weite .	rochabh
bsb10314207	178	Weit machen .	hirchibh
bsb10314207	178	Weiße .	chittah
bsb10314207	179	Welt .	olam
bsb10314207	179	Welt .	tebel
bsb10314207	180	Welken .	galal
bsb10314207	180	Welkung .	megillah
bsb10314207	180	Wenn .	mathai
bsb10314207	180	Wenden .	iarat
bsb10314207	180	Wenden .	fatah
bsb10314207	180	Wenden .	atah
bsb10314207	180	Werben .	harrachal
bsb10314207	180	Werber .	focher
bsb10314207	180	Werber .	chủ
bsb10314207	181	Werbung .	fechorah
bsb10314207	181	Werbung .	yllah
bsb10314207	181	Werbung .	yllah
bsb10314207	181	Werbung .	kenaah
bsb10314207	181	Gall . marchandise .	pifchteh
bsb10314207	181	Gall . marchandise .	coreth
bsb10314207	181	Item :	poal
bsb10314207	181	Item :	melacha
bsb10314207	181	Item :	melacha
bsb10314207	181	Item :	ali
bsb10314207	181	Item :	poc
bsb10314207	181	Werth .	ratfui
bsb10314207	181	Wehrt machen .	higdil
bsb10314207	181	Wehrt machen .	cibbed
bsb10314207	181	Wehrt machen .	Græc
bsb10314207	181	Werffen .	adhachah
bsb10314207	182	Wehrhafftig sein .	dor
bsb10314207	182	Wehrhafftig sein .	mafchach
bsb10314207	182	Werme .	chumchammah
bsb10314207	182	Werme .	farabh
bsb10314207	182	Wespe .	tirah
bsb10314207	182	Wessern .	hiruah
bsb10314207	182	Wessern .	hifchtiph
bsb10314207	183	Wickeln .	chittel
bsb10314207	183	Wickeln .	bachfrag
bsb10314207	183	Wieder / Hammet .	ail
bsb10314207	184	Wi	neged
bsb10314207	184	Wi	karah
bsb10314207	184	Wi	paga
bsb10314207	184	Widergelten .	fchillem
bsb10314207	184	Widerholung .	miſchnah
bsb10314207	185	Widerkehrung .	thefehubah
bsb10314207	185	Widerfpenfig .	forer
bsb10314207	185	Widerfpenfig .	mored
bsb10314207	186	Widerftreiten .	marad
bsb10314207	186	Widerftreiten .	marah
bsb10314207	186	Widerftreiten .	pafcha
bsb10314207	186	Widerumb .	fchenith
bsb10314207	186	Widerumb .	fchubh
bsb10314207	186	ten / geben .	chillem
bsb10314207	188	ten aufferwecken .	hekim
bsb10314207	188	ten aufferwecken .	hekim
bsb10314207	190	Widwe .	almanah
bsb10314207	190	Wie ? Interrogat .	hech
bsb10314207	190	Item .	caafcher
bsb10314207	191	Wieg / Kindtswing .	mifchcabh
bsb10314207	191	Wieg / Kindtswing .	mifchcabh
bsb10314207	192	Schwein .	chadfir
bsb10314207	192	Schwein .	chadfir
bsb10314207	193	Wilde thier .	chaiioth
bsb10314207	195	Wildniß ......	midbar
bsb10314207	195	Wildniß ......	arabbah
bsb10314207	195	Will .	rationenchophets
bsb10314207	195	Will .	cbhch
bsb10314207	196	: Will Gott .	iaadfor
bsb10314207	196	: Will Gott .	nadibh
bsb10314207	196	: Will Gott .	roteh
bsb10314207	196	: Will Gott .	cha
bsb10314207	196	Williglich	bindabhah
bsb10314207	196	Winek .	radiam
bsb10314207	197	Windel .	chittul
bsb10314207	197	Windel .	lippuph
bsb10314207	198	Winter .	choreph
bsb10314207	198	Winter .	fethaf
bsb10314207	198	Wintermond .	corem
bsb10314207	199	Wireken .	paal
bsb10314207	199	Wireken .	afah
bsb10314207	199	Wirckung .	pol
bsb10314207	199	Wi	nichbad
bsb10314207	199	Wirdigen .	cibledhada
bsb10314207	201	Wiesel .	cho
bsb10314207	201	Wischen . 1	machah
bsb10314207	202	Widtfraw .	almanah
bsb10314207	202	Wizig .	nabhon
bsb10314207	202	Wizig .	mafcil
bsb10314207	202	Woch .	chebhua
bsb10314207	202	Wohn / meinung .	daath
bsb10314207	203	Wolcke .	ananabh
bsb10314207	203	Wolcke .	nefiim
bsb10314207	203	Wolcke .	cappalim
bsb10314207	203	Wolcke .	balim
bsb10314207	204	Wolthat erzeigen .	alah
bsb10314207	204	Wolthat erzeigen .	alah
bsb10314207	206	Wo	ratah
bsb10314207	206	Wo	chaphets
bsb10314207	206	Wo	Vide
bsb10314207	206	Wo	nachobh
bsb10314207	206	Vellus	ferinum
bsb10314207	207	Wolluft .	Græc
bsb10314207	207	Wolluft haben .	hithannag
bsb10314207	208	Wollüftc .	tanugim
bsb10314207	208	Wonen .	cha
bsb10314207	208	Wonen .	dor
bsb10314207	208	Wonen .	chanab
bsb10314207	209	Wornach streben .	fah
bsb10314207	209	Wornach streben .	chaphets
bsb10314207	209	Wornach streben .	taabh
bsb10314207	209	Wornach streben .	chamad
bsb10314207	209	Wucher .	tarbit
bsb10314207	210	Wuchern .	lauah
bsb10314207	210	Wuchern .	afchah
bsb10314207	210	Wu	arabhah
bsb10314207	210	Wufte machen .	fchadad
bsb10314207	210	Wufte machen .	ſchimmem
bsb10314207	210	Wüten .	fchaga
bsb10314207	211	Wu	fchiggaon
bsb10314207	211	Wunde .	peta
bsb10314207	211	Wunde .	machats
bsb10314207	211	Wunden heilen .	pahahah
bsb10314207	212	Wundmal .	tarebbeth
bsb10314207	212	Wunder ding .	oth
bsb10314207	212	Wunder ding .	mopheth
bsb10314207	212	Wunder ding .	pele
bsb10314207	212	Wundsch .	taauah
bsb10314207	213	Wurffschauffel .	midfre
bsb10314207	213	Wurım .	immah
bsb10314207	213	Veraltung .	mak
bsb10314207	214	Wurzeln .	hifchrich
bsb10314207	214	Baghaftig .	rachhalleth
bsb10314207	214	Baghaftig .	rachhalleth
bsb10314207	215	Zan .	fchen
bsb10314207	215	Zan .	galal
bsb10314207	215	Zan .	metallioth
bsb10314207	215	Banck .	madon
bsb10314207	215	Banck .	atifa
bsb10314207	215	Banck .	atifa
bsb10314207	215	Banck .	otfmah
bsb10314207	215	Banck .	meribah
bsb10314207	215	Bancken .	rob
bsb10314207	215	Bancken .	don
bsb10314207	215	Bancken .	natah
bsb10314207	215	Bancken .	garah
bsb10314207	216	Zang .	melkachaiim
bsb10314207	216	Zarte .	morech
bsb10314207	216	Zauberey .	chaſchaph
bsb10314207	216	Zauberey .	lachatch
bsb10314207	216	Zauberey .	Gallicempoiffonnement
bsb10314207	217	Ba	ciſchſcheph
bsb10314207	217	Ba	mechaſcheph
bsb10314207	217	Zauberin .	mechaſchſchephah
bsb10314207	217	Zaum .	fen
bsb10314207	217	Zaum .	meteg
bsb10314207	217	Zaun ...	meuchab
bsb10314207	217	Zaun ...	fugah
bsb10314207	217	Zaunsteck .	mot
bsb10314207	218	Zech .	mischte
bsb10314207	218	Zech .	feudah
bsb10314207	218	Zechen .	chatah
bsb10314207	218	Zechen .	labbah
bsb10314207	218	Zechen .	gamah
bsb10314207	218	Zechen .	rauah
bsb10314207	218	Bechgesell .	fobhe
bsb10314207	218	Zeichen .	mopheth
bsb10314207	218	Zeit .	moed
bsb10314207	218	Zeit .	cheled
bsb10314207	218	Zeit .	onah
bsb10314207	218	Zeit .	onah
bsb10314207	220	Zeitlich .	beitto
bsb10314207	221	Zehlen .	phar
bsb10314207	221	Zelt .	obhel
bsb10314207	221	Zelt .	Kybbah
bsb10314207	221	Zelt .	fchaprir
bsb10314207	221	Be	lon
bsb10314207	221	Be	ahal
bsb10314207	221	Be	taka
bsb10314207	221	Be	taka
bsb10314207	222	Ze	por
bsb10314207	222	Ze	naphats
bsb10314207	222	Ze	natasharas
bsb10314207	222	Ze	patat
bsb10314207	222	Zerbrochen .	nifchbar
bsb10314207	222	Bergehen .	abhad
bsb10314207	222	Bergehen .	naphal
bsb10314207	222	Be	fchaſaph
bsb10314207	222	Be	palach
bsb10314207	222	Be	bathak
bsb10314207	222	Zerreiffen .	parak
bsb10314207	222	Zerreiffen .	Karah
bsb10314207	222	Zerreiffen .	param
bsb10314207	222	Zerschtahen .	atlats
bsb10314207	223	Zerschleiffen .	haphach
bsb10314207	223	Zerschleiffen .	chibber
bsb10314207	223	Zerschleiffen .	tats
bsb10314207	223	Zerschneiden .	bittia
bsb10314207	223	Zerstoffen .	cathach
bsb10314207	223	Zerstoffen .	dachachhalam
bsb10314207	223	Zerſtümpelen .	Katar
bsb10314207	223	Zerstumpelt .	uncatus
bsb10314207	224	Zertheilen .	palag
bsb10314207	224	Zertheilen .	palag
bsb10314207	224	Zertheilung .	-machio
bsb10314207	224	Zertrennen .	badal
bsb10314207	224	Zertrennen .	parach
bsb10314207	224	Zertrennen .	palah
bsb10314207	224	Zertrennen .	palah
bsb10314207	224	Zertretten .	bos
bsb10314207	224	Zertretten .	raphas
bsb10314207	224	Zertretten .	dalach
bsb10314207	224	Zertretten .	alas
bsb10314207	224	Zertretten .	baat
bsb10314207	225	Be	fohed
bsb10314207	225	Zeugnuß geben .	heid
bsb10314207	225	Zeugnuß geben .	anah
bsb10314207	226	Bi	thephirah
bsb10314207	226	Ziegel .	lebhanah
bsb10314207	226	Zierd .	Gallic
bsb10314207	227	Zieren .	hadar
bsb10314207	227	Zieren .	hadar
bsb10314207	227	Biet .	mattarah
bsb10314207	228	Zimmerman .	charaſch
bsb10314207	228	Zimmerman .	charaſch
bsb10314207	228	Zinn .	iect
bsb10314207	229	Zischen / Pfeiffen .	fcharak
bsb10314207	229	Sibila rauca ſonans .	fcher
bsb10314207	229	Zitteren .	charad
bsb10314207	229	Zitteren .	ragads
bsb10314207	229	Zitteren .	raad
bsb10314207	229	Zitteren .	natat
bsb10314207	230	Zimmerman .	charaſch
bsb10314207	230	Zimmerman .	charaſch
bsb10314207	230	Zinn .	chophar
bsb10314207	230	Zinf / Vngelt .	mas
bsb10314207	231	Zischen / Pfeiffen .	charak
bsb10314207	231	Sibila rauca ſonans .	fcher
bsb10314207	231	Zitteren .	charad
bsb10314207	231	Zitteren .	ragads
bsb10314207	231	Zitteren .	raad
bsb10314207	231	Zitteren .	natat
bsb10314207	232	Zitterung .	charadah
bsb10314207	232	Zitterung .	rogeds
bsb10314207	232	Zitterung .	readabetet
bsb10314207	232	Zorn .	charon
bsb10314207	232	Zorn .	charon
bsb10314207	232	Zorn .	chemah
bsb10314207	232	Zorn .	rogeds
bsb10314207	232	Zorn .	blirah
bsb10314207	232	Zorn .	dfoam
bsb10314207	232	Zorn .	daaph
bsb10314207	232	Zorn .	daaph
bsb10314207	232	Zorn .	Ketſeph
bsb10314207	233	Zornig	Ardenti
bsb10314207	236	Zucht / Demuth .	anauah
bsb10314207	236	Züchtig	mua
bsb10314207	236	Zuchtig sein .	thana
bsb10314207	236	Zuchtigung .	tocechah
bsb10314207	238	Zu .	Gallic
bsb10314207	238	Zu einem gehen .	karabh
bsb10314207	238	Zu einem gehen .	agach
bsb10314207	238	Zu einem gehen .	for
bsb10314207	238	Zufall .	mikreh
bsb10314207	238	Begeben ,	Græc
bsb10314207	239	Zu fuß fallen .	hischtahauah
bsb10314207	241	Zugleich	iachdaf
bsb10314207	241	Zu Himmel fahren .	dere
bsb10314207	241	Zu Himmel fahren .	coelos
bsb10314207	241	Zu Himmel fahren .	afcendere
bsb10314207	243	Bu	fchillem
bsb10314207	243	Bu	cil
bsb10314207	243	Bu	bitta
bsb10314207	243	Zu Mittage .	ſumto
bsb10314207	244	Zu Mitternacht .	bacharfoth
bsb10314207	244	Zu Mitternacht .	bacharfoth
bsb10314207	245	Bu	parah
bsb10314207	245	Bu	rabha
bsb10314207	245	Zunge .	ſchon
bsb10314207	246	Zu Raht gehen .	noats
bsb10314207	247	Zurichten .	hechin
bsb10314207	247	Zurichten .	arach
bsb10314207	248	Item .	Græc
bsb10314207	249	Zusammen binden	kachar
bsb10314207	249	Zusammen fågen .	hid
bsb10314207	249	Zusammen fågen .	chibber
bsb10314207	249	Zusammen fågen .	biluah
bsb10314207	249	Zusaminen halten .	tabhariagar
bsb10314207	249	Zusaminen halten .	kabhats
bsb10314207	249	Zusaminen halten .	canas
bsb10314207	249	Zusaminen halten .	atfar
bsb10314207	250	Zusammen ordnen .	ratfats
bsb10314207	250	Zusammen ordnen .	ratafch
bsb10314207	252	Acker .	alpaph
bsb10314207	252	Zuschliessen .	fagar
bsb10314207	252	Zuschliessen .	naal
bsb10314207	252	Zuschen .	raah
bsb10314207	252	Zuschen .	hibbit
bsb10314207	253	Zu	hofiph
bsb10314207	253	Zu Stuel gehen .	caffah
bsb10314207	253	Zu Stuel gehen .	caffah
bsb10314207	253	Zu viel .	meod
bsb10314207	254	Zu 1	bedorenu
bsb10314207	254	Zu 1	beeth
bsb10314207	254	Zu 1	beeth
bsb10314207	254	Zu	nibba
bsb10314207	254	Zu	herah
bsb10314207	254	Herrschen .	baarets
bsb10314207	254	Herrschen .	baarets
bsb10314207	254	Zu wiſſen thun .	dia
bsb10314207	254	Zu wiſſen thun .	horah
bsb10314207	255	Zweiffel .	fephekah
bsb10314207	255	Zw	hif
bsb10314207	255	Zweiffelhafftig .	fokeph
bsb10314207	255	nes Baums .	anaph
bsb10314207	255	nes Baums .	faiph
bsb10314207	256	Ziv	fabhach
bsb10314207	256	Ziv	noph
bsb10314207	256	Ziv	demorah
bsb10314207	256	Ziv	demorah
bsb10314207	256	Ziv	ionek
bsb10314207	256	Ziv	netfer
bsb10314207	256	Ziv	chelach
bsb10314207	256	Ziv	Grec
bsb10314207	257	Zwiebel .	inabiliter
bsb10314207	257	Zwiebel .	inabiliter
bsb10314207	257	Zwiebel .	batfal
bsb10314207	257	Zwilling .	tomim
bsb10314207	257	Zwilling gebeeren .	saledah
bsb10314207	257	Zwilling gebeeren .	eth
bsb10314207	257	Zwilling gebeeren .	eth
bsb10314207	257	ລິ w	patas
bsb10314207	257	ລິ w	-ca
bsb10314207	257	Stadt .	Keſcher
bsb10314207	257	Stadt .	Keſcher
bsb10314207	258	Zwitrechtigkeit .	machloketh
bsb10314207	264	Im Sommer .	chom
bsb10314207	266	Im Herbste .	bachoreph
bsb10314207	267	Im Winter .	biftaf
bsb11762465	24	mium	Demittere
bsb11762465	24	mium	Demittere
bsb11762465	55	Daß .	nebbelah
bsb11762465	55	Daß .	mappalah
bsb11762465	55	Daß .	peger
bsb11762465	55	Ab	natah
bsb11762465	55	Ab	fatah
bsb11762465	55	Ab	atah
bsb11762465	55	Abbrechen .	arah
bsb11762465	55	Abbrechen .	lakat
bsb11762465	55	Abdrucken .	mots
bsb11762465	55	Abdrucken .	matfah
bsb11762465	56	Abend .	ereb
bsb11762465	56	Abend .	nefcheph
bsb11762465	56	bendmal .	aruchat
bsb11762465	56	bendmal .	aruchat
bsb11762465	57	Ab	baereblr
bsb11762465	59	Abendstern	helel
bsb11762465	59	Abendstern	nogah
bsb11762465	59	Aberglaub ,	aboda
bsb11762465	59	Aberglaub ,	aboda
bsb11762465	59	Aberglaub ,	POETICE
bsb11762465	60	Abermal .	fchenith
bsb11762465	60	Abermal .	chub
bsb11762465	60	Ab	hifchtaggea
bsb11762465	60	Ab	Kalal
bsb11762465	60	Abfall .	mappelah
bsb11762465	60	Item :	pecha
bsb11762465	60	Item :	mered
bsb11762465	60	Abfallen .	naphal
bsb11762465	61	Ab	pafcha
bsb11762465	61	Ab	marad
bsb11762465	61	Ab	marah
bsb11762465	61	Götter .	gillulim
bsb11762465	61	Götter .	gillulim
bsb11762465	61	Götter .	cmim
bsb11762465	61	Götter .	fitim
bsb11762465	61	Götter .	tabim
bsb11762465	61	Götter .	iphleſeth
bsb11762465	61	ehren .	coletis
bsb11762465	62	Abgrund .	tchoin
bsb11762465	62	Abhalten .	Hirchik
bsb11762465	62	Ab .	baka
bsb11762465	62	Ab .	lach
bsb11762465	62	Ab .	palach
bsb11762465	62	Ab .	barack
bsb11762465	62	Abkauffen .	iaah
bsb11762465	62	Abkauffen .	facha
bsb11762465	63	ab	iaah
bsb11762465	63	ab	fachah
bsb11762465	63	Abfragen .	machah
bsb11762465	63	Ablaffen .	chadal
bsb11762465	63	Ablaffen .	chabhath
bsb11762465	63	Ablaffen .	parah
bsb11762465	63	Ablaffen .	amad
bsb11762465	64	Ablassung .	fchabbath
bsb11762465	64	Ablassung .	delaif
bsb11762465	64	Abmalen .	catab
bsb11762465	64	Abmalen .	cha
bsb11762465	64	• Abnemen .	chafer
bsb11762465	64	• Abnemen .	gharah
bsb11762465	64	• Abnemen .	meat
bsb11762465	64	Item .	Kaam
bsb11762465	65	Abschaffen	bittel
bsb11762465	65	Abschaffen	parar
bsb11762465	65	Abschaffen	hifchbiht
bsb11762465	65	Abscheiden .	halach
bsb11762465	65	Abscheiden .	adfal
bsb11762465	65	Abscheiden .	nafa
bsb11762465	65	Abschewen haben .	taabh
bsb11762465	65	Abschewen haben .	chakats
bsb11762465	65	Abschewen haben .	rachak
bsb11762465	65	Abschewen haben .	naddah
bsb11762465	65	Abschewen haben .	maas
bsb11762465	65	Item :	meen
bsb11762465	65	Item :	farabh
bsb11762465	65	Item :	Kichefch
bsb11762465	65	Item :	mana
bsb11762465	65	Abschneiden .	Karath
bsb11762465	65	Abschneiden .	amal
bsb11762465	65	Abschneiden .	chatach
bsb11762465	66	lichen dings .	peſoleth
bsb11762465	66	Abschrecken .	biet
bsb11762465	66	Abschreiben .	aphar
bsb11762465	66	Abschreiben .	aphar
bsb11762465	66	Ab	horid
bsb11762465	66	Ab	hefir
bsb11762465	67	Ab	badal
bsb11762465	67	Ab	parach
bsb11762465	67	Ab	parad
bsb11762465	67	Ab	palah
bsb11762465	67	Ab	adfal
bsb11762465	67	Ab	natar
bsb11762465	67	Item :	chater
bsb11762465	67	Item :	dauah
bsb11762465	67	Absteigen .	iarad
bsb11762465	67	Absteigen .	nachad
bsb11762465	67	Absteigung .	morad
bsb11762465	67	Ab	moth
bsb11762465	67	Ab	gauah
bsb11762465	67	Abstoffen .	horid
bsb11762465	67	Abstoffen .	mig
bsb11762465	67	Abstoffen .	graph
bsb11762465	67	Abstreiffen .	patal
bsb11762465	67	Abstreiffen .	Kalaph
bsb11762465	68	Abereiten .	taah
bsb11762465	68	Abtränniger .	pofchea
bsb11762465	68	Abtränniger .	moreh
bsb11762465	68	Abweiden .	raah
bsb11762465	68	Abweiden .	raah
bsb11762465	68	Ab	arab
bsb11762465	68	Ab	fachar
bsb11762465	68	Abwechselung .	char
bsb11762465	68	Abwenden .	natah
bsb11762465	69	Ab	patah
bsb11762465	69	Abwerffen .	ramah
bsb11762465	69	Abwerffen .	-na
bsb11762465	69	Abwerffen .	nakaph
bsb11762465	69	Abwischen .	machah
bsb11762465	69	Item .	chalal
bsb11762465	69	Ach .	hoi
bsb11762465	69	Acht .	galuth
bsb11762465	69	Achten .	chachabh
bsb11762465	69	Achten .	schaar
bsb11762465	70	Ack	fchakad
bsb11762465	70	Ack	chard
bsb11762465	70	Item :	deagah
bsb11762465	70	Acker .	fadeh
bsb11762465	70	Acker .	chelka
bsb11762465	70	Acker .	iageb
bsb11762465	70	Ackerbaw .	charifch
bsb11762465	70	Ackerbaw .	abodath
bsb11762465	70	Ackerbaw .	haadamah
bsb11762465	71	Ack	telem
bsb11762465	71	ger .	ikkar
bsb11762465	71	ger .	polcah
bsb11762465	71	ger .	gebh
bsb11762465	71	ger .	obed
bsb11762465	71	ger .	adamah
bsb11762465	71	ger .	choreſch
bsb11762465	71	Ackern / Pflügen .	charaſch
bsb11762465	71	Ackern / Pflügen .	palach
bsb11762465	72	Ackerfchollen .	gufch
bsb11762465	72	Ackerfchollen .	gabh
bsb11762465	72	Ackerfchollen .	megiaphah
bsb11762465	72	Adamant .	mir
bsb11762465	72	Adder / Nater .	epheh
bsb11762465	72	Adel .	addir
bsb11762465	72	Adel .	fchahadur
bsb11762465	72	Adel .	Karu
bsb11762465	72	Adel .	nichbad
bsb11762465	72	Adel .	nodah
bsb11762465	73	Adelkeit .	eder
bsb11762465	73	Adelkeit .	heder
bsb11762465	73	Adelkeit .	cabhod
bsb11762465	74	blutader .	verid
bsb11762465	74	blutader .	gid
bsb11762465	74	Adler .	nefcher
bsb11762465	75	Affe .	Kobh
bsb11762465	75	Aff	ragal
bsb11762465	75	Aff	ragal
bsb11762465	75	Affterreder .	malfchin
bsb11762465	75	Affterreder .	rachil
bsb11762465	75	Affterreder .	rogen
bsb11762465	75	Affterredung .	geduphah
bsb11762465	75	Affterredung .	regiluth
bsb11762465	75	Aher / Kornaher .	chibbo-
bsb11762465	76	Ah	mælilah
bsb11762465	76	Alle .	col
bsb11762465	77	Allein .	lebaddo
bsb11762465	77	Allein .	badad
bsb11762465	77	Allein .	iachid
bsb11762465	77	Aduerbialiter .	lebadh
bsb11762465	77	Aduerbialiter .	rak
bsb11762465	77	Alle Menschen .	col
bsb11762465	77	Alle Menschen .	col
bsb11762465	77	Alle Menschen .	col
bsb11762465	77	Alle Menschen .	col
bsb11762465	78	Al	fchau
bsb11762465	78	Al	amal
bsb11762465	78	Allenthalben .	becol
bsb11762465	78	Allenthalben .	becol
bsb11762465	79	Allermeist .	rob
bsb11762465	79	Allermeist .	meod
bsb11762465	80	Alles / alle ding .	col
bsb11762465	82	Al	caaſcher
bsb11762465	82	Als bald .	petha
bsb11762465	82	Als bald .	pithom
bsb11762465	83	Also .	ken
bsb11762465	85	Item :	diiknah
bsb11762465	85	Item :	dfekunin
bsb11762465	85	Item :	febab
bsb11762465	85	Item :	beli
bsb11762465	86	Alter man .	zaken
bsb11762465	86	Alter man .	fabh
bsb11762465	86	Alter man .	baleh
bsb11762465	86	Alter man .	iaſciſch
bsb11762465	87	Alt weib .	diekenah
bsb11762465	87	Alt werden .	dakan
bsb11762465	87	Alt werden .	fobh
bsb11762465	87	Alt werden .	balah
bsb11762465	87	Ambof .	feden
bsb11762465	88	Am dritten tage .	baiiom
bsb11762465	88	Am dritten tage .	baiiom
bsb11762465	88	Ameifs .	nemalah
bsb11762465	89	Amethist .	athlamah
bsb11762465	89	Gerichte .	baiiom
bsb11762465	89	Gerichte .	baiiom
bsb11762465	92	Am leben straffen .	moth
bsb11762465	92	Am leben straffen .	moth
bsb11762465	92	Ampt .	pekyddah
bsb11762465	92	Ampt .	abhodah
bsb11762465	93	Amptman .	pakid
bsb11762465	93	Amptman .	chibber
bsb11762465	93	Amptman .	hipak
bsb11762465	93	Amptman .	Kachar
bsb11762465	93	Amptman .	afar
bsb11762465	93	Amptman .	and
bsb11762465	93	Amptman .	akad
bsb11762465	93	Amptman .	atham
bsb11762465	93	Amptman .	Græc
bsb11762465	93	An	fagad
bsb11762465	93	An	hifchtliachauah
bsb11762465	93	Anbetung .	hifchtachauiiah
bsb11762465	93	Anblasen .	poach
bsb11762465	93	Anblasung .	nefchamah
bsb11762465	95	Item .	talah
bsb11762465	95	Ander .	fchen
bsb11762465	95	Ander .	acher
bsb11762465	96	Anderst sein .	nechelak
bsb11762465	96	Anderthalb schuch .	ammah
bsb11762465	96	Anderthalb schuch .	gomed
bsb11762465	97	An	hithdappek
bsb11762465	97	An	hithdappek
bsb11762465	97	Anfall / anlauffung .	geduld
bsb11762465	97	Anfall / anlauffung .	pega
bsb11762465	97	Anfang ,	refcit
bsb11762465	97	Anfang ,	techillah
bsb11762465	97	Anfang ,	rofch
bsb11762465	98	Anfang der Welt .	ollam
bsb11762465	98	Anfang der Welt .	ollam
bsb11762465	98	Anfang der Welt .	beriali
bsb11762465	98	Anfang des Lebens .	hachaiiah
bsb11762465	98	Anfang des Lebens .	techillath
bsb11762465	98	Anfenglich .	berefchit
bsb11762465	98	Anfenglich .	-bat
bsb11762465	99	Angeboren freund .	fcheer
bsb11762465	99	Angeboren freund .	baar
bsb11762465	99	, Angehen .	paga
bsb11762465	99	, Angehen .	pafchat
bsb11762465	99	Angel . Fischhamel .	chakkah
bsb11762465	99	Angel . Fischhamel .	agmon
bsb11762465	99	Angenem .	ratfui
bsb11762465	99	Angenem .	mirthfch
bsb11762465	100	An	panim
bsb11762465	100	An	appaiim
bsb11762465	100	Angesicht bedecken .	hiftir
bsb11762465	100	Angesicht bedecken .	hiftir
bsb11762465	100	Angesicht bedecken .	tarah
bsb11762465	100	Angesicht bedecken .	eagal
bsb11762465	101	Anhangen .	dabhek
bsb11762465	101	Anhangen .	lauah
bsb11762465	101	Anhangen .	tamad
bsb11762465	101	An	hilfchin
bsb11762465	101	An	hochiach
bsb11762465	101	Anklager .	malfchin
bsb11762465	101	Anklager .	mochiach
bsb11762465	101	Anklagung .	tochechaitnah
bsb11762465	102	Anleitung .	alilah
bsb11762465	102	Anleitung .	thoanah
bsb11762465	102	Annemen .	Kibbel
bsb11762465	102	Annemen .	lakach
bsb11762465	103	Anreiken .	patah
bsb11762465	103	Anreiken .	foth
bsb11762465	103	Anreiken .	nafcha
bsb11762465	103	Anråren .	naga
bsb11762465	103	Anråren .	nagas
bsb11762465	103	Anråren .	bisher
bsb11762465	103	Anråren .	higgid
bsb11762465	103	Anråren .	hodia
bsb11762465	103	Anschawen .	raah
bsb11762465	103	Anschawen .	ippit
bsb11762465	103	Anschawen .	fcha
bsb11762465	103	Anschawen .	panah
bsb11762465	103	Anschawen .	fchaal
bsb11762465	103	Anschawen .	faphatchadfabh
bsb11762465	104	Anfchen .	haccarath
bsb11762465	104	Anfchen .	haccarath
bsb11762465	104	Anfchen .	maſſo
bsb11762465	104	Anfchen .	maſſo
bsb11762465	104	Anfchen .	maccir
bsb11762465	104	Anfchen .	maccir
bsb11762465	104	Anfchen .	nofe
bsb11762465	104	Anfchen .	nofe
bsb11762465	105	Item :	natan
bsb11762465	105	Item :	natan
bsb11762465	105	Item :	diber
bsb11762465	105	Item :	diber
bsb11762465	105	An	fchabbath
bsb11762465	105	An	fchabbath
bsb11762465	105	Anstoffen	cafchal
bsb11762465	105	Anstoffen	nakach
bsb11762465	105	Anstoffen	labat
bsb11762465	105	Anstoffig / Nahe .	Karobh
bsb11762465	105	Anstoffig / Nahe .	Karobh
bsb11762465	105	Anstoffen .	gebhul
bsb11762465	105	Anstoffen .	galil
bsb11762465	106	An	fabah
bsb11762465	106	An	cachal
bsb11762465	106	Antwort .	maaneh
bsb11762465	106	Antwort .	-te
bsb11762465	106	Antworten .	anah
bsb11762465	106	Antworten .	hefchibh
bsb11762465	106	Anzeichnen .	rafcham
bsb11762465	106	Anzeichnen .	faman
bsb11762465	106	Anzeichnen .	catham
bsb11762465	106	Anzeichnen .	tabh
bsb11762465	106	Anzeigung .	rafchum
bsb11762465	107	An	hodia
bsb11762465	107	An	horah
bsb11762465	107	An	hirah
bsb11762465	107	An	chiffa
bsb11762465	107	An	fipper
bsb11762465	107	An	tanah
bsb11762465	107	An	chaah
bsb11762465	107	An	mia
bsb11762465	107	Anzeigung .	raalah
bsb11762465	107	Anzeigung .	achvah
bsb11762465	107	Anzeigung .	achvah
bsb11762465	107	An	iakad
bsb11762465	107	An	hitstfith
bsb11762465	107	An	hidlik
bsb11762465	107	An	hiflik
bsb11762465	107	An	biar
bsb11762465	107	Apffel .	tappuach
bsb11762465	108	Apoteck .	lium
bsb11762465	108	Apotecker .	rakkach
bsb11762465	108	Apotecker .	rokeach
bsb11762465	108	Ap	thechukah
bsb11762465	108	Ap	gemdah
bsb11762465	108	Aprill .	iar
bsb11762465	110	Afflictæ fortunæ .	fchuch
bsb11762465	110	Arm am Leibe .	ammah
bsb11762465	110	Armbrust .	catapulta
bsb11762465	111	Armut .	miskenuth
bsb11762465	111	Arm werden .	dalal
bsb11762465	111	Arm werden .	rofch
bsb11762465	112	Arf .	chor
bsb11762465	112	Artig .	charutzma
bsb11762465	113	Frkney .	riphuth
bsb11762465	113	Frkney .	aruchah
bsb11762465	113	Frkney .	gehah
bsb11762465	113	Frkney .	Kehah
bsb11762465	113	Frkney .	teruphah
bsb11762465	113	Frkney .	madfor
bsb11762465	113	Frkney .	chaiah
bsb11762465	114	Arkt .	rophe
bsb11762465	115	Arkneyen .	rapha
bsb11762465	115	Arkneyen .	gahah
bsb11762465	115	Aft	defchen
bsb11762465	115	Aft	aphar
bsb11762465	115	Aft / Zweig .	anaph
bsb11762465	115	Aft / Zweig .	faiph
bsb11762465	115	Aft / Zweig .	fabhach
bsb11762465	115	Aft / Zweig .	fir
bsb11762465	115	Aft / Zweig .	phe
bsb11762465	115	Aft / Zweig .	phe
bsb11762465	115	Aft / Zweig .	tammereth
bsb11762465	115	Aft / Zweig .	daliiah
bsb11762465	115	Aft / Zweig .	charach
bsb11762465	115	Aft / Zweig .	amir
bsb11762465	115	Aft / Zweig .	nophonck
bsb11762465	115	Athem .	nefchamah
bsb11762465	115	Athem .	mappach
bsb11762465	115	Athem .	Kitor
bsb11762465	116	Athem holen .	nippafch
bsb11762465	117	Item / Auffblasen .	ippiach
bsb11762465	117	Auffbrechen .	fchib
bsb11762465	117	Auffdas .	maan
bsb11762465	118	Au	abhar
bsb11762465	118	Au	abhar
bsb11762465	118	Teſtudineludere .	niggen
bsb11762465	119	Au	tapaph
bsb11762465	120	Aufferzihen .	giddel
bsb11762465	120	Aufferzihung .	giddul
bsb11762465	120	Morgen .	midsrach
bsb11762465	121	Au	icceb
bsb11762465	121	Au	ikkebh
bsb11762465	121	Auffhaltung .	iccub
bsb11762465	121	Auffheben .	díakaph
bsb11762465	121	Item :	talah
bsb11762465	121	Item :	iaka
bsb11762465	122	Au	fchabGall
bsb11762465	122	Auffkommen .	toph
bsb11762465	122	Aufflauff	Kefcher
bsb11762465	122	Aufflauff	mehuma
bsb11762465	122	Aufflauff	machaloketh
bsb11762465	123	Au	har
bsb11762465	123	Au	Kabatf
bsb11762465	123	Au	Kahal
bsb11762465	123	Au	canas
bsb11762465	123	Au	lakat
bsb11762465	123	Au	tabKalat
bsb11762465	123	Au	atlar
bsb11762465	123	Au	Kauah
bsb11762465	123	Aufflosen .	patach
bsb11762465	123	Aufflosen .	hittir
bsb11762465	123	Aufflosen .	pathar
bsb11762465	123	Auffmercken .	Kafchabh
bsb11762465	123	Auffmercken .	heedfin
bsb11762465	123	Auffmercken .	facath
bsb11762465	123	Auffmercken .	chamah
bsb11762465	124	Auffrecht .	nachon
bsb11762465	124	Auffrecht .	tamim
bsb11762465	124	Auffrecht .	fchalem
bsb11762465	125	Auffschieben .	ichar
bsb11762465	125	Auffschliessen .	patach
bsb11762465	126	Au	catabh
bsb11762465	126	Au	rafcham
bsb11762465	126	Auffschreibung .	rachum
bsb11762465	126	Auffsehen .	bibbith
bsb11762465	126	Auffsehen .	enaf
bsb11762465	129	Auffstehen .	Kom
bsb11762465	129	Bette .	hiſchkim
bsb11762465	130	Auffwachen .	helkits
bsb11762465	130	Auffwachen .	Græc
bsb11762465	130	Auffwecken .	heir
bsb11762465	130	Auffwecken .	hekim
bsb11762465	130	Aug.	aiin
bsb11762465	131	Augapffel .	ifchon
bsb11762465	131	Augapffel .	babath
bsb11762465	131	Augapffel .	bath
bsb11762465	131	schlagen .	hippil
bsb11762465	131	schlagen .	hippil
bsb11762465	131	deckel .	aphappaiim
bsb11762465	131	deckel .	fchemuroth
bsb11762465	132	Augen zuthun .	atſam
bsb11762465	132	Augen zuthun .	atſam
bsb11762465	132	Au	elul
bsb11762465	132	Ausarbeiten .	harafch
bsb11762465	132	Ausarbeiten .	hiſchlim
bsb11762465	133	Ausblasen .	afchan
bsb11762465	133	Ausblasen .	Katar
bsb11762465	133	Ausblasen .	hip
bsb11762465	133	Ausblasung .	Kitor
bsb11762465	133	Ausbleiben .	fchabli
bsb11762465	133	Ausbreiten .	chatach
bsb11762465	133	Ausbreiten .	matach
bsb11762465	133	Ausbreiten .	raka
bsb11762465	133	Ausbreiten .	natafch
bsb11762465	133	Ausbreiten .	atah
bsb11762465	133	Ausbreiten .	dad
bsb11762465	133	Ausbrechen .	parts
bsb11762465	134	Au	achare
bsb11762465	134	hittilmicol - ra .	mibbaith
bsb11762465	134	oder stoffen .	fchillach
bsb11762465	134	oder stoffen .	fchillach
bsb11762465	134	oder stoffen .	garaſch
bsb11762465	134	oder stoffen .	garaſch
bsb11762465	134	oder stoffen .	halach
bsb11762465	134	oder stoffen .	halach
bsb11762465	135	Au	natah
bsb11762465	135	Au	natah
bsb11762465	135	kommen .	bus
bsb11762465	135	kommen .	bus
bsb11762465	135	kommen .	nimlat
bsb11762465	135	kommen .	nimlat
bsb11762465	135	Au	iatſa
bsb11762465	135	Au	iatſa
bsb11762465	135	Ausdrücklich .	bebitur
bsb11762465	135	Ausdrücklich .	bebherur
bsb11762465	136	Auserkoren .	bachur
bsb11762465	136	Auserkoren .	barur
bsb11762465	136	Auserwehlen .	bachar
bsb11762465	136	Auserwehlen .	barar
bsb11762465	136	Auserwehlen .	barah
bsb11762465	136	Auffallen .	bhal
bsb11762465	136	Auffallen .	parat
bsb11762465	136	Auß fcindschafft .	beebha
bsb11762465	136	Auß fcindschafft .	befinah
bsb11762465	136	Auffliessen .	ca-
bsb11762465	137	Au	afah
bsb11762465	137	Au	afah
bsb11762465	137	Aufgang ..	mota
bsb11762465	137	Aufgang ..	totsaah
bsb11762465	137	Aufgeben .	hotf
bsb11762465	137	Aufgeben .	hotf
bsb11762465	137	Aufgeben .	chalak
bsb11762465	137	Aufgeben .	fachan
bsb11762465	137	Aufgehen .	pok
bsb11762465	137	Aufgehen .	gach
bsb11762465	137	Aufgehen .	pacha
bsb11762465	138	Au	betham
bsb11762465	138	Au	betham
bsb11762465	138	Au	beli-mirmah
bsb11762465	138	Aufhawen .	Karats
bsb11762465	138	Aufhawen .	gadfar
bsb11762465	138	Aufholen .	carah
bsb11762465	139	Auffündigen .	Karah
bsb11762465	139	Auffündigen .	hifchmia
bsb11762465	139	Auffündigen .	hodia
bsb11762465	139	Außlassen .	patar
bsb11762465	139	Außlassen .	cha
bsb11762465	139	Auflegen .	beer
bsb11762465	139	Auflegen .	parach
bsb11762465	139	Auflegen .	pafchar
bsb11762465	139	Auflegen .	pathar
bsb11762465	139	Außleger .	mebhaer
bsb11762465	139	Außleger .	mepharefch
bsb11762465	139	Außleger .	pother
bsb11762465	139	Außleger .	nabhi
bsb11762465	139	Auflegung .	beur
bsb11762465	139	Auflegung .	pithron
bsb11762465	139	Auflegung .	peſcher
bsb11762465	139	Auflegung .	parafchah
bsb11762465	140	Au	lauah
bsb11762465	140	Ausleiher .	maluch
bsb11762465	140	Ausleschen .	machachamad
bsb11762465	140	Ausleschen .	Kata
bsb11762465	140	Auslesen .	rots
bsb11762465	140	Auslesen .	rots
bsb11762465	140	Ausmeffen .	madad
bsb11762465	140	Ausmeffen .	for
bsb11762465	141	Ausmeffer .	moded
bsb11762465	141	Auspolieren .	marat
bsb11762465	141	ziehen .	galah
bsb11762465	141	ziehen .	galah
bsb11762465	141	ziehen .	taah
bsb11762465	141	ziehung .	mafia
bsb11762465	141	ziehung .	galuth
bsb11762465	141	fen .	chachabh
bsb11762465	141	Ausrechnung .	chefch
bsb11762465	142	fprechen .	amar
bsb11762465	142	fprechen .	dibber
bsb11762465	142	fprechen .	focheach
bsb11762465	142	fprechen .	nabha
bsb11762465	142	fprechen .	hagah
bsb11762465	142	Außreiffen .	parats
bsb11762465	142	Außreiffen .	Græ
bsb11762465	142	Aufreuten .	ikker
bsb11762465	142	Aufrichten .	Cil
bsb11762465	142	Aufrichten .	mille
bsb11762465	143	Aufruffen .	Karah
bsb11762465	143	Aufruffen .	taak
bsb11762465	143	Aufruffen .	hifchmia
bsb11762465	143	Aufrupffen .	ikke
bsb11762465	143	Aufrupffen .	nathak
bsb11762465	143	Aufrupffen .	nafach
bsb11762465	143	Aufrupffen .	marat
bsb11762465	143	Plaut . Exugere , exorbere	matats
bsb11762465	143	Auffak .	taraath
bsb11762465	144	pfeiffen .	fcharak
bsb11762465	144	Aufschicken .	fchalach
bsb11762465	144	schreiben .	cathabh
bsb11762465	144	schreiben .	fcham
bsb11762465	144	Auffeniger .	tarua
bsb11762465	144	Auffeniger .	-me
bsb11762465	145	Aufſpreiten .	badfar
bsb11762465	145	Aufſpreiten .	padar
bsb11762465	145	Aufſpreiten .	dara
bsb11762465	145	Aufſpreiten .	darah
bsb11762465	145	Aufsſpenden .	chalak
bsb11762465	145	Aufsſpenden .	palag
bsb11762465	145	Aufsſpenden .	bitter
bsb11762465	145	aufreden .	amar
bsb11762465	145	aufreden .	dibber
bsb11762465	145	aufreden .	nabha
bsb11762465	146	Aufstoffen .	tard
bsb11762465	146	Aufstoffen .	iarach
bsb11762465	146	außrecken .	paras
bsb11762465	146	außrecken .	matach
bsb11762465	146	außrecken .	atah
bsb11762465	146	außrecken .	naſaſch
bsb11762465	146	Auftrincken .	fabha
bsb11762465	146	Auftrincken .	fchakah
bsb11762465	146	Aufweisen .	Græc
bsb11762465	147	Aufwendig .	michuts
bsb11762465	147	Ausziehen .	chalats
bsb11762465	147	Ausziehen .	fchalaph
bsb11762465	147	Ausziehen .	chalal
bsb11762465	147	Ausziehen .	paſchat
bsb11762465	147	Au	halach
bsb11762465	147	Au	for
bsb11762465	147	Au	chalaph
bsb11762465	147	Außzucken .	chalaph
bsb11762465	147	Außzucken .	herik
bsb11762465	148	Awe .	hoi
bsb11762465	148	Awe .	hoi
bsb11762465	148	Awe .	ahah
bsb11762465	148	Are	cffchil
bsb11762465	148	Are	garden
bsb11762465	148	Are	Kardom
bsb11762465	149	Backofe .	tannur
bsb11762465	149	Badt .	marchetſeth
bsb11762465	150	Lauare & lauari , Balneare ,	achats
bsb11762465	150	Bader .	rachatfan
bsb11762465	150	Bader .	baal
bsb11762465	150	Bader .	baal
bsb11762465	150	Badstub .	beth
bsb11762465	150	Badstub .	beth
bsb11762465	151	Back .	lechi
bsb11762465	151	Backenftreich .	maltaah
bsb11762465	151	Båhr .	Gall
bsb11762465	152	Balck .	Korah
bsb11762465	152	Bald .	pithom
bsb11762465	152	Bald .	bepheta
bsb11762465	153	Balbierer .	gallabh
bsb11762465	153	Balbierhaus .	beth
bsb11762465	153	Balbierhaus .	beth
bsb11762465	153	Ball .	caddur
bsb11762465	153	Ball .	chidor
bsb11762465	154	Bandt .	moferah
bsb11762465	154	Bandt .	chebhel
bsb11762465	154	Bandt .	chebhel
bsb11762465	154	Bandt .	bboth
bsb11762465	154	Bandt .	bboth
bsb11762465	155	Bangigkeit .	tarah
bsb11762465	155	Bangigkeit .	akah
bsb11762465	155	Bangigkeit .	tukah
bsb11762465	155	seyn .	for
bsb11762465	155	seyn .	for
bsb11762465	155	seyn .	tok
bsb11762465	156	Barbarisch .	loeds
bsb11762465	156	Vårmutter .	rechem
bsb11762465	156	Vårmutter .	ten
bsb11762465	156	Barfuß .	iacheph
bsb11762465	156	Ba	channum
bsb11762465	156	Ba	rachum
bsb11762465	156	Barmherzigkeit .	chemlah
bsb11762465	156	Bappen .	hidik
bsb11762465	156	Bappen .	hirpik
bsb11762465	157	Ba	dſakkan
bsb11762465	157	Bart abschneiden .	gillach
bsb11762465	157	Bart abschneiden .	gillach
bsb11762465	157	Bauch .	beten
bsb11762465	157	Bauch .	gachon
bsb11762465	157	Bauch .	ceres
bsb11762465	158	Bawen .	banah
bsb11762465	158	Bawmeister .	boneh
bsb11762465	158	Bawr .	iagabh
bsb11762465	158	Bawr .	obedadamah
bsb11762465	158	Bawr .	obedadamah
bsb11762465	158	Bawr .	iccar
bsb11762465	158	Bawr .	choreach
bsb11762465	159	Bawrenheußlein .	yeah
bsb11762465	159	Bawrenheußlein .	melunah
bsb11762465	160	Bawm .	fiach
bsb11762465	160	Bawm .	efahel
bsb11762465	160	Bawm .	afcherah
bsb11762465	160	Bawm .	edfrach
bsb11762465	161	Bawrenhoff .	copher
bsb11762465	161	Bawrenhoff .	chatfer
bsb11762465	161	Bawrenhoff .	chaffa
bsb11762465	161	Bawrenhoff .	grafch
bsb11762465	161	Bawrenhoff .	chaiah
bsb11762465	161	Bawrenhoff .	perad
bsb11762465	161	Beben .	charad
bsb11762465	162	Be	ragads
bsb11762465	162	Be	ratch
bsb11762465	162	Be	rathat
bsb11762465	162	Be	ratat
bsb11762465	162	Becher .	cos
bsb11762465	162	Becher .	gabhia
bsb11762465	162	Becker .	ophe
bsb11762465	162	Becken .	fephel
bsb11762465	162	Becken .	cephora-
bsb11762465	162	Becken .	midfrak
bsb11762465	162	Bedecken .	cafah
bsb11762465	162	Bedecken .	chaphah
bsb11762465	162	Bedecken .	facach
bsb11762465	162	Bedecken .	talal
bsb11762465	162	Bedecken .	phah
bsb11762465	162	Bedecken .	faphan
bsb11762465	162	Bedecken .	ataph
bsb11762465	162	Bedecken .	alaphat
bsb11762465	163	Be	chahabh
bsb11762465	163	Be	fameth
bsb11762465	163	Be	fameth
bsb11762465	164	Be	hoa
bsb11762465	164	Bedürffen .	chafer
bsb11762465	164	Bedürffen .	tarach
bsb11762465	164	Beduncken .	chaſchabh
bsb11762465	165	Befehl .	mit
bsb11762465	165	Befehl .	pekudim
bsb11762465	165	Befehl ausrichten .	afah
bsb11762465	165	Befehl ausrichten .	afah
bsb11762465	165	Be	tip
bsb11762465	165	Be	chamarth
bsb11762465	165	Be	chamarth
bsb11762465	165	Befestigen .	badfar
bsb11762465	165	Befestigen .	chidſak
bsb11762465	166	Befestigung .	ftella
bsb11762465	166	Befestigung .	metfudah
bsb11762465	166	Befestigung .	metfurah
bsb11762465	166	Befreyct .	choph
bsb11762465	167	Be	nathan
bsb11762465	167	Be	iahabh
bsb11762465	167	Be	hedibh
bsb11762465	167	Begeben .	karah
bsb11762465	167	Begeben .	ialad
bsb11762465	167	Begeben .	paga
bsb11762465	167	Be	karah
bsb11762465	167	Be	paga
bsb11762465	167	Be	pagafch
bsb11762465	167	Begeren .	taabh
bsb11762465	167	Begeren .	casaph
bsb11762465	167	Begeren .	chachak
bsb11762465	167	Begeren .	camah
bsb11762465	167	Begeren .	cillah
bsb11762465	168	Begierligkeit .	taafah
bsb11762465	168	Begierligkeit .	thaabhala
bsb11762465	168	Begierligkeit .	chemiah
bsb11762465	168	Begierligkeit .	cheGræc
bsb11762465	168	Begierlich sein .	chapers
bsb11762465	168	Begierlich sein .	iffah
bsb11762465	168	Begierlich sein .	ahabhaabh
bsb11762465	168	Begierlich sein .	cillah
bsb11762465	168	Begierlich sein .	cataph
bsb11762465	168	Begierlich sein .	chamah
bsb11762465	168	Begierlich sein .	ſchaaph
bsb11762465	169	Be	bare
bsb11762465	170	Begraben werden .	nikbar
bsb11762465	171	Begräbnis .	Kebhurah
bsb11762465	171	Be	chads
bsb11762465	171	Be	taphas
bsb11762465	171	Be	lachad
bsb11762465	172	Behalten .	fchamar
bsb11762465	172	Behalten .	natar
bsb11762465	172	Behalten .	natar
bsb11762465	172	Be	michmar
bsb11762465	172	Be	otar
bsb11762465	172	Behaufung .	baiith
bsb11762465	172	Behaufung .	auch
bsb11762465	172	Behaufung .	michan
bsb11762465	172	Behaufung .	michan
bsb11762465	172	Behaufung .	tirah
bsb11762465	172	Behaufung .	birah
bsb11762465	172	Behaufung .	hechal
bsb11762465	173	ren / vberlieffern .	nathan
bsb11762465	173	ren / vberlieffern .	hebhi
bsb11762465	173	ren / vberlieffern .	hikaribhasar
bsb11762465	173	ren / vberlieffern .	ahabh
bsb11762465	173	ren / vberlieffern .	hobhil
bsb11762465	173	Beicht / bekendtniß .	todah
bsb11762465	174	Beichten / bekennen .	hithuddah
bsb11762465	174	halten .	chadak
bsb11762465	174	halten .	chadak
bsb11762465	174	Beyfallen .	iaath
bsb11762465	174	Beyfallen .	ratah
bsb11762465	174	Beyfallen .	abhah
bsb11762465	174	Bey nachte .	ballailah
bsb11762465	176	Beinhaus .	beth
bsb11762465	176	Beinhaus .	beth
bsb11762465	176	Bey sich fürnemen .	amar
bsb11762465	176	Bey sich fürnemen .	chalchash
bsb11762465	176	Briffen .	nafchach
bsb11762465	176	Briffen .	parafch
bsb11762465	177	Beutel .	Kis
bsb11762465	177	Beutel .	charith
bsb11762465	177	bey vnsern zeiten .	bedorenu
bsb11762465	178	Bekandt .	iadua
bsb11762465	178	Bekandt machen .	hodia
bsb11762465	178	Bekandtnih .	todah
bsb11762465	178	Bekennen .	iadah
bsb11762465	178	Bekümmern .	innah
bsb11762465	178	Bekümmern .	bahal
bsb11762465	178	Bekümmern .	heetfish
bsb11762465	178	Bekümmern .	hichibh
bsb11762465	178	Bekümmernih .	animum
bsb11762465	178	Bekümmernih .	cians
bsb11762465	178	Bekümmernih .	cians
bsb11762465	178	Bekümmernih .	tarah
bsb11762465	178	Bekümmernih .	daa
bsb11762465	179	Bekümmert seyn .	caabh
bsb11762465	179	Bekümmert seyn .	atſabh
bsb11762465	179	Bekümmert seyn .	iagah
bsb11762465	179	Bekümmert seyn .	daag
bsb11762465	179	Bekleiden .	labhach
bsb11762465	179	Bekleiden .	cafah
bsb11762465	179	Ve	beged
bsb11762465	179	Ve	beromin
bsb11762465	179	Ve	lebusch
bsb11762465	179	Ve	malbufchmad
bsb11762465	179	Ve	celi
bsb11762465	179	Zeladen .	taan
bsb11762465	179	Zeladen .	aaaa
bsb11762465	179	Zeladen .	tarar
bsb11762465	180	Belagerung .	metfurah
bsb11762465	182	Belken / Propffen	fchathal
bsb11762465	184	Berauben .	badfah
bsb11762465	184	Berauben .	fchadad
bsb11762465	184	Berauben .	fchafah
bsb11762465	185	Be	patah
bsb11762465	185	Beredtsamkeit .	tachut
bsb11762465	187	B : rg .	har
bsb11762465	187	B : rg .	gebha
bsb11762465	187	B : rg .	pifga
bsb11762465	187	B : rg .	rechafim
bsb11762465	189	Be	nacho
bsb11762465	189	Be	muchan
bsb11762465	189	Be	hechin
bsb11762465	190	Bereuchern .	katar
bsb11762465	190	Be	hithalle
bsb11762465	190	Be	gaa
bsb11762465	190	Verumpt .	chachubh
bsb11762465	191	Be	nichbad
bsb11762465	191	Be	mechillal
bsb11762465	191	Be	noda
bsb11762465	193	Berhumung .	gaauah
bsb11762465	193	Berhumung .	gaauah
bsb11762465	193	Bericht .	morah
bsb11762465	193	fen .	mad
bsb11762465	193	fen .	mad
bsb11762465	193	fen .	horah
bsb11762465	194	Beruffen / fordern .	kara
bsb11762465	194	Beruffen / fordern .	draak
bsb11762465	194	Beruffen / fordern .	dabhak
bsb11762465	194	Beruffen / fordern .	mafchafch
bsb11762465	194	Beruffen / fordern .	gachach
bsb11762465	194	gewalt .	fchittuk
bsb11762465	194	Beschämen .	hebhich
bsb11762465	194	Beschämen .	hichlim
bsb11762465	195	Be	nichlam
bsb11762465	195	Beschawen .	histaccel
bsb11762465	195	Beschawen .	traphah
bsb11762465	195	Beschawen .	raah
bsb11762465	195	Beschawen .	hifchlach
bsb11762465	195	Beschawen .	nichkaph
bsb11762465	195	Befchedigen .	hera
bsb11762465	195	Befchedigen .	athak
bsb11762465	197	Be	fchamar
bsb11762465	197	Beschlaffen .	fchachabh
bsb11762465	197	Beschlaffen .	fagal
bsb11762465	197	Beschliessen .	de-
bsb11762465	197	teuk oder raht .	gadfar
bsb11762465	197	teuk oder raht .	minnah
bsb11762465	197	Beschlieffung .	fegirah
bsb11762465	199	Beschreiben .	commen
bsb11762465	199	Beschreiben .	cham
bsb11762465	200	Beschuldigen .	hilfchin
bsb11762465	200	Beschwåret .	hifchbia
bsb11762465	200	Beschwerung .	lachaſch
bsb11762465	200	Beschwerung .	cafchaph
bsb11762465	201	Be	iach
bsb11762465	201	Be	matate
bsb11762465	201	Beseffen Mensch .	hagah
bsb11762465	201	Beseffen Mensch .	chaſchabh
bsb11762465	201	Beseffen Mensch .	histaccel
bsb11762465	201	Befißen .	achads
bsb11762465	201	Befißen .	irafch
bsb11762465	201	Befißen .	achal
bsb11762465	201	Cic . Poffeffor , dominus	ochaal
bsb11762465	201	Cic . Poffeffor , dominus	ochaal
bsb11762465	201	Besoldung .	fachar
bsb11762465	201	Besoldung .	nedeh
bsb11762465	202	Be	pachad
bsb11762465	202	Besprengen .	darak
bsb11762465	202	Befferen .	tikken
bsb11762465	202	Beftchen .	kom
bsb11762465	202	Beftchen .	amad
bsb11762465	202	Beftchen .	iachaabh
bsb11762465	202	Beftchen .	chon
bsb11762465	205	Bestendigkeit .	chodſek
bsb11762465	205	Bestendigkeit .	chadskah
bsb11762465	205	Bestendigkeit .	gebhurah
bsb11762465	205	Beftettigen .	hekim
bsb11762465	205	Beftettigen .	immets
bsb11762465	205	Beftettigen .	chidsdek
bsb11762465	205	Beftettigen .	hechin
bsb11762465	205	Bestimmen .	iaad
bsb11762465	205	Bestimmen .	dimmen
bsb11762465	206	Beſtimpter tag .	moed
bsb11762465	206	Bestreichen .	toach
bsb11762465	206	Bestreichen .	infach
bsb11762465	206	Bestreichen .	machach
bsb11762465	207	Be	gaal
bsb11762465	207	Beten .	hitpallel
bsb11762465	207	Beten .	foach
bsb11762465	207	Beten .	athar
bsb11762465	207	Beten .	hithchannan
bsb11762465	207	Beten .	paga
bsb11762465	207	Bettelen .	ſchaal
bsb11762465	208	Betteler .	ebhiion
bsb11762465	208	Betteler .	rachdal
bsb11762465	208	Betteler .	mifcan
bsb11762465	208	Beth .	mittah
bsb11762465	208	Beth .	ercs
bsb11762465	208	Beth .	fua
bsb11762465	209	Bett machen .	rabad
bsb11762465	209	Bett machen .	ripped
bsb11762465	209	Bethlchem .	bethléchem
bsb11762465	210	Bethoren .	fchigga
bsb11762465	210	Bethoren .	ficcel
bsb11762465	210	Bethoret	mefchygga
bsb11762465	210	Bethoret	fachal
bsb11762465	210	Bethoret	fchiggaon
bsb11762465	210	Bethoret	fichluth
bsb11762465	210	Betrüben .	iftfeb
bsb11762465	210	Betrüben .	bahal
bsb11762465	210	Betrüben .	innah
bsb11762465	210	Betrüben .	hichibh
bsb11762465	211	Be	Keebh
bsb11762465	211	Be	machobh
bsb11762465	211	Be	abhel
bsb11762465	211	Be	coeb
bsb11762465	211	Be	atſubh
bsb11762465	211	Betrübt seyn .	iagah
bsb11762465	211	Betrübt seyn .	daabhaag
bsb11762465	211	Betrübt seyn .	caabh
bsb11762465	211	Betrübt seyn .	caah
bsb11762465	211	Betrübt seyn .	neetfabh
bsb11762465	213	Betriegen .	rimmah
bsb11762465	213	Betriegen .	ram
bsb11762465	213	Betriegen .	ram
bsb11762465	213	Betriegen .	hetel
bsb11762465	213	Betriegen .	pittah
bsb11762465	214	Betriegen .	kaph
bsb11762465	214	Betriegen .	aram
bsb11762465	214	Betriegen .	hethel
bsb11762465	214	Betriegen .	pittah
bsb11762465	214	Betriegligkeit .	mirmah
bsb11762465	214	Betriegligkeit .	toch
bsb11762465	214	Betriegligkeit .	ormah
bsb11762465	214	Betriegligkeit .	okbab
bsb11762465	214	Betriegligkeit .	nechalim
bsb11762465	216	Beweinen .	abhal
bsb11762465	216	Beweinen .	bachah
bsb11762465	216	Beweinen .	nahah
bsb11762465	216	Beweinen .	faphad
bsb11762465	216	Beweinen .	nen
bsb11762465	216	Bewahren .	fchamar
bsb11762465	216	Bewahren .	natfar
bsb11762465	216	Bewahren .	atar
bsb11762465	216	Bewahren .	atar
bsb11762465	216	Bewahren .	atfal
bsb11762465	216	Bewegen .	henia
bsb11762465	216	Bewegen .	henid
bsb11762465	216	Bewegen .	heniph
bsb11762465	216	Bewegen .	titel
bsb11762465	216	Bewegen .	hecherid
bsb11762465	217	Be	tenuah
bsb11762465	217	Be	dfeauah
bsb11762465	217	Be	chered
bsb11762465	219	Be	fchillem
bsb11762465	219	Be	hefchbh
bsb11762465	219	Bezeugen .	anah
bsb11762465	219	Bezeugen .	fahad
bsb11762465	219	Bi	cala
bsb11762465	219	Bi	atar
bsb11762465	219	Bibel .	mikra
bsb11762465	219	Bicken .	Græc
bsb11762465	220	Bier .	chechar
bsb11762465	221	Bildgieffer .	metſaiiet
bsb11762465	222	Bildniß .	felem
bsb11762465	222	Bildniß .	demuth
bsb11762465	222	Bildniß .	mafchal
bsb11762465	222	Bildniß .	temunah
bsb11762465	222	Bildniß .	turah
bsb11762465	222	Bildniß .	femel
bsb11762465	222	Bildniß .	tabhnith
bsb11762465	222	Bildung .	chefchbon
bsb11762465	222	Bildung .	mafchith
bsb11762465	222	Billigkeit .	tedaka
bsb11762465	223	Binden .	Kachar
bsb11762465	223	Binden .	tfarar
bsb11762465	223	Binden .	alar
bsb11762465	223	Binden .	akad
bsb11762465	223	Binden .	chabhatch
bsb11762465	223	Binden .	chathal
bsb11762465	223	Binden .	chachak
bsb11762465	223	Binden .	chaſchar
bsb11762465	223	Bien .	debhorah
bsb11762465	223	Bireth .	migbaah
bsb11762465	223	Pischoff .	cohen
bsb11762465	223	Pischoff .	cohen
bsb11762465	224	Bischoffshut .	mitsnepheth
bsb11762465	224	Bif ans Ende .	foph
bsb11762465	224	zeit .	haiom
bsb11762465	225	Bih in die Nacht .	hallilah
bsb11762465	225	1 Bitt .	fchelah
bsb11762465	225	1 Bitt .	tephilah
bsb11762465	225	1 Bitt .	lachafch
bsb11762465	225	1 Bitt .	fiach
bsb11762465	225	1 Bitt .	techinnah
bsb11762465	225	Bitten .	cha
bsb11762465	225	Bitten .	hithpallel
bsb11762465	225	Bitten .	foach
bsb11762465	225	Bitten .	athar
bsb11762465	225	Bitten .	hithchannen
bsb11762465	227	Eitt erhören .	heedfin
bsb11762465	227	Eitt erhören .	chama
bsb11762465	227	Eitt erhören .	fchabh
bsb11762465	230	Bitter .	mar
bsb11762465	230	Bitter .	cha
bsb11762465	231	Bitterfeit .	meriruth
bsb11762465	231	Bladt .	daph
bsb11762465	231	Bladt .	aleh
bsb11762465	231	Bladt .	aleh
bsb11762465	231	Bladt .	tereph
bsb11762465	232	Bleich .	iatok
bsb11762465	232	Bleich .	tahab
bsb11762465	232	Blciche Farbe .	ierakon
bsb11762465	233	Blafe .	feeth
bsb11762465	234	Blasen .	naphach
bsb11762465	234	Blasen .	nafchaph
bsb11762465	234	Blasen .	ichabh
bsb11762465	235	Blah .	cha
bsb11762465	235	Blah .	viam
bsb11762465	235	Blech .	pach
bsb11762465	235	Blech .	lahabh
bsb11762465	235	Blech .	lahat
bsb11762465	235	Bley .	ophered
bsb11762465	236	Bleywage .	peles
bsb11762465	236	Bleywage .	anach
bsb11762465	236	Bleiben .	gor
bsb11762465	236	Bleiben .	dor
bsb11762465	236	Bleiben .	iafchabhabha
bsb11762465	236	Blindt .	ffer
bsb11762465	236	Blindt .	ffer
bsb11762465	237	Cuius oculi lucis egent .	Iucundo
bsb11762465	237	Blik .	barak
bsb11762465	238	Blof .	erom
bsb11762465	238	Blosen .	arah
bsb11762465	238	Blosen .	para
bsb11762465	239	Bl	parach
bsb11762465	239	Bl	nots
bsb11762465	239	Bl	hopha
bsb11762465	239	Blume .	perach
bsb11762465	240	Weiber .	niddah
bsb11762465	240	Blumen brechen .	lakat
bsb11762465	241	Blut .	netfach
bsb11762465	242	Blutfreunde .	fcheer
bsb11762465	242	Blutfreunde .	bafar
bsb11762465	243	Bork .	fair
bsb11762465	243	Bork .	tapir
bsb11762465	243	Bork .	attud
bsb11762465	243	Regenbogen .	Kelchet
bsb11762465	244	Bogen spannen .	darach
bsb11762465	244	Bogen spannen .	darach
bsb11762465	244	Bon .	Gall
bsb11762465	244	Borgen .	laua
bsb11762465	245	Bo	iffah
bsb11762465	245	Bo	caphaph
bsb11762465	245	Bo	hichriah
bsb11762465	245	Bo	hefchach
bsb11762465	245	Blocken .	gaah
bsb11762465	246	Bof .	fatan
bsb11762465	246	Bof .	lifiathan
bsb11762465	247	Bo	scheman
bsb11762465	247	Bo	scheman
bsb11762465	247	Bo	taphach
bsb11762465	248	Bofwicht / bube .	ich
bsb11762465	248	Bofwicht / bube .	ich
bsb11762465	249	Bolen .	ramab
bsb11762465	249	Bolk / Pfeil .	fcheus
bsb11762465	249	Vo	chel
bsb11762465	249	Vo	folelah
bsb11762465	249	Börcke Rinde .	petalah
bsb11762465	249	Borer .	makkebeth
bsb11762465	250	Bo	hiluah
bsb11762465	250	Bo	beer
bsb11762465	250	Bo	bor
bsb11762465	250	Bo	geblie
bsb11762465	250	Bo	berecha
bsb11762465	250	Bordt / Randt .	choph
bsb11762465	250	Bordt / Randt .	gebhul
bsb11762465	250	Item Gürtel .	dior
bsb11762465	250	Item Gürtel .	chagorah
bsb11762465	250	Item Gürtel .	dfach
bsb11762465	250	Bo	canaph
bsb11762465	250	Bo	titfith
bsb11762465	250	Bo	laphall
bsb11762465	250	Vord sticker .	rokem
bsb11762465	250	Vord sticker .	metfiaier
bsb11762465	252	Boßheit .	raah
bsb11762465	252	Boßheit .	ikke
bsb11762465	252	Bot .	mebhaf
bsb11762465	252	Bot .	ſchaluach
bsb11762465	252	Bot .	magidir
bsb11762465	253	Botschafft .	beforah
bsb11762465	253	Botschafft .	malachuth
bsb11762465	253	Brach .	fchemittah
bsb11762465	253	Brach .	fchahath
bsb11762465	253	Brach .	fchahath
bsb11762465	253	Brachmon .	tamuds
bsb11762465	254	Brandt .	lap
bsb11762465	254	chen .	nikkud
bsb11762465	255	Braffer .	folel
bsb11762465	256	Br	falah
bsb11762465	256	Br	Kalah
bsb11762465	256	Br	charach
bsb11762465	256	Bratens .	tali
bsb11762465	256	Bratens .	Kalui
bsb11762465	256	Brauch .	minha
bsb11762465	256	Brauch .	orach
bsb11762465	256	Brauch .	dibhrah
bsb11762465	256	Brauch .	hergel
bsb11762465	256	Brauchen .	Kanah
bsb11762465	257	Braut .	callah
bsb11762465	257	Brautbeth .	chyp
bsb11762465	257	Brautbeth .	yéres
bsb11762465	257	Brautbeth .	mittah
bsb11762465	257	Brautlauff .	chatynnah
bsb11762465	258	Brechen .	fcindere
bsb11762465	258	Brechen .	fcindere
bsb11762465	258	Brechen .	cha
bsb11762465	258	Brechen .	porratiats
bsb11762465	258	Brechen .	rats
bsb11762465	258	Brechen .	pathath
bsb11762465	258	Brechen .	araph
bsb11762465	258	ren .	hidbik
bsb11762465	258	riem .	feroch
bsb11762465	259	Breit .	cafchchil
bsb11762465	259	Breit .	maatſad
bsb11762465	259	brám .	firah
bsb11762465	259	Brennen .	faraph
bsb11762465	259	Brennen .	bier
bsb11762465	259	Brennen .	iakad
bsb11762465	259	Brennen .	tarabh
bsb11762465	259	Brennen .	charah
bsb11762465	259	Brennen .	atfath
bsb11762465	260	Bret oder Diel .	daph
bsb11762465	260	Brdutgam .	chatan
bsb11762465	260	Brautgamführer .	chalafch
bsb11762465	260	Brieffe / Miffiue .	iggerethegil
bsb11762465	260	Brieffe / Miffiue .	gillation
bsb11762465	260	Brieffe / Miffiue .	Ketabh
bsb11762465	260	Brieffe / Miffiue .	epher
bsb11762465	261	brechen .	pathach
bsb11762465	261	brechen .	pathach
bsb11762465	261	Gall . plier les lettres .	Kele
bsb11762465	261	Gall . plier les lettres .	Kele
bsb11762465	262	Bringen .	hebhi
bsb11762465	262	Bringen .	hobhil
bsb11762465	262	Bringen .	nafa
bsb11762465	262	Brennen .	baar
bsb11762465	262	Brennen .	faraph
bsb11762465	262	Brennen .	dalak
bsb11762465	262	Brennen .	iakad
bsb11762465	262	Brennen .	iatfath
bsb11762465	262	Brennen .	chara
bsb11762465	262	Brennend Fewer .	efchboarah
bsb11762465	262	Brennend Fewer .	efchboarah
bsb11762465	262	Brennend Fewer .	lahabh
bsb11762465	262	Brennend Fewer .	labbath
bsb11762465	262	Brennend Fewer .	labbath
bsb11762465	262	Br	hanner
bsb11762465	262	Br	hanner
bsb11762465	262	Brünstig / Hefftig .	lahut
bsb11762465	262	Brocken . 2	path
bsb11762465	262	Brocken . 2	pelach
bsb11762465	262	Brocken . 2	chathichab
bsb11762465	262	Brocken . 2	nethack
bsb11762465	263	oder born .	mako
bsb11762465	263	oder born .	ian
bsb11762465	263	Brofem .	par
bsb11762465	264	Brodt .	leche
bsb11762465	265	Brodbecker .	opheh
bsb11762465	265	Bruch .	chehrerets
bsb11762465	265	Bruch .	bedek
bsb11762465	265	Brücke .	gefcher
bsb11762465	265	Brücke .	dobherah
bsb11762465	265	Brücke .	raphsodah
bsb11762465	266	Brüllen .	remuirere
bsb11762465	266	Brüllen .	naham
bsb11762465	266	Brummen .	ragan
bsb11762465	266	Brummen .	raam
bsb11762465	266	Brummen .	raam
bsb11762465	266	Br	makor
bsb11762465	267	Brunk .	bachthanah
bsb11762465	267	laffen .	hiſchtin
bsb11762465	267	Brunsscherb .	abbit
bsb11762465	268	Brunk verhalten .	michnas
bsb11762465	268	Bub / Lecker .	iſch
bsb11762465	268	Bub / Lecker .	iſch
bsb11762465	269	Bubenstück .	chefed
bsb11762465	269	Bubenstück .	Cherpa
bsb11762465	269	Bubenstück .	nebhalah
bsb11762465	269	Bubenstück .	tebhel
bsb11762465	269	Bu	afa
bsb11762465	269	Bu	afa
bsb11762465	269	Buch .	fepher
bsb11762465	269	Buch .	gillaion
bsb11762465	269	Buch .	megillah
bsb11762465	270	Buchbawm .	tidhar
bsb11762465	270	Buchsbawm .	berofch
bsb11762465	270	bent .	mechebber
bsb11762465	270	Buchtrucken .	hidpis
bsb11762465	270	Buchdrucker .	dopes
bsb11762465	270	staben .	dephus
bsb11762465	271	Buchführer .	-mo
bsb11762465	271	Buchführer .	-mo
bsb11762465	271	gehen .	are
bsb11762465	271	gehen .	chibber
bsb11762465	271	Bücken .	Kadad
bsb11762465	271	Bücken .	hittah
bsb11762465	271	Bücken .	hefchach
bsb11762465	271	Bücken .	hichia
bsb11762465	271	Buch	didah
bsb11762465	271	Buch	raiah
bsb11762465	271	Buch	ahubha
bsb11762465	272	Büffel .	Gallic
bsb11762465	272	Bulen .	baalaabh
bsb11762465	272	Buler .	balohebh
bsb11762465	273	Bündel .	maffa
bsb11762465	273	Bu	agyddah
bsb11762465	273	Bu	alymma
bsb11762465	273	Bu	fabbath
bsb11762465	273	Bu	gadiſch
bsb11762465	273	Bundgenossen .	beale
bsb11762465	273	Bundgenossen .	beale
bsb11762465	273	Bunge / Trummel .	toph
bsb11762465	274	Bu	taphaph
bsb11762465	274	Bungenschleger .	meropheph
bsb11762465	274	ſcheuft .	midfrak
bsb11762465	275	Bu	gal
bsb11762465	276	Bu	maffa
bsb11762465	276	Burg .	mig
bsb11762465	276	Burg .	mibhtar
bsb11762465	276	Burg .	fidah
bsb11762465	276	Burg .	ophel
bsb11762465	276	Burg .	madfor
bsb11762465	276	Burg .	daiek
bsb11762465	276	Bürge .	rebh
bsb11762465	276	Bürge .	rebh
bsb11762465	276	Bürge .	tokea
bsb11762465	276	Bürgermeister .	orts
bsb11762465	278	Bu	chebra
bsb11762465	278	Bu	Græc
bsb11762465	278	Burschgesell .	chabber
bsb11762465	278	Burschgesell .	Græc
bsb11762465	278	Busch .	iaar
bsb11762465	278	Busch .	-chore
bsb11762465	278	Busch .	afche
bsb11762465	278	Eusse .	theſchubha
bsb11762465	278	Pænitere facinus .	fchobh
bsb11762465	278	Pænitere facinus .	formera
bsb11762465	278	Pænitere facinus .	formera
bsb11762465	278	Butter .	chemah
bsb11762465	279	Buken .	matfats
bsb11762465	279	Buken .	matah
bsb11762465	279	Busscheer .	melkachaiim
bsb11762465	279	Cameel .	gamal
bsb11762465	279	Cameel .	bacchar
bsb11762465	280	Cameel .	bimah
bsb11762465	280	Cankter .	rofchaf
bsb11762465	280	Cankter .	rofchaf
bsb11762465	280	Capittelhauf .	lifchkah
bsb11762465	280	Carfunckelstein .	bunculus
bsb11762465	280	Carfunckelstein .	ekdach
bsb11762465	281	Cake	chatul
bsb11762465	281	chartanotetur .	ereds
bsb11762465	281	chartanotetur .	ets
bsb11762465	281	chartanotetur .	ets
bsb11762465	281	chartanotetur .	oren
bsb11762465	282	Circkel .	chug
bsb11762465	282	Circkel .	agulah
bsb11762465	282	Circkel .	galgal
bsb11762465	283	Compaß .	tel
bsb11762465	283	Compaß .	tel
bsb11762465	284	Corallen .	amoth
bsb11762465	284	Co	mochiach
bsb11762465	284	Co	medaiiek
bsb11762465	284	Corrigiren / befferen .	tikken
bsb11762465	284	rung .	diiuk
bsb11762465	285	Creuk .	cts
bsb11762465	285	Creusigen .	talah
bsb11762465	286	Cristall .	dſechuchith
bsb11762465	287	Vaſto corpore .	felfelim
bsb11762465	287	Vaſto corpore .	chaliſchim
bsb11762465	287	Balcke .	korah
bsb11762465	288	Dachs .	ethil
bsb11762465	288	Damm .	folelah
bsb11762465	288	Dammen .	fabbar
bsb11762465	288	Dampff / Dunft .	achan
bsb11762465	288	Dampff / Dunft .	Kitor
bsb11762465	288	Dampff / Dunft .	lil
bsb11762465	288	Dampff / Dunft .	timmot
bsb11762465	289	Rauchloch .	arybbah
bsb11762465	289	Danck .	todah
bsb11762465	289	Danckbar .	chanum
bsb11762465	290	Dancken .	hodah
bsb11762465	291	Dank .	mecholah
bsb11762465	291	Danken .	rakad
bsb11762465	291	Danken .	Kaphats
bsb11762465	291	Danken .	thar
bsb11762465	291	Danken .	palach
bsb11762465	291	Danken .	ratad
bsb11762465	293	Darnach .	achar
bsb11762465	293	Darnach .	achar
bsb11762465	293	Darnach .	achare
bsb11762465	293	Darnach .	achare
bsb11762465	293	Da	nathan
bsb11762465	293	Da	malar
bsb11762465	293	Da	machar
bsb11762465	293	Da	fagar
bsb11762465	293	Da	himf
bsb11762465	293	Da	haribh
bsb11762465	293	Darumb . D	alken
bsb11762465	294	fupp .	merkachah
bsb11762465	295	Abrogare leges ..	chaphah
bsb11762465	295	Abrogare leges ..	chaphah
bsb11762465	295	Abrogare leges ..	para
bsb11762465	295	Abrogare leges ..	para
bsb11762465	297	Daum .	bohen
bsb11762465	298	Deck / Deckbeth .	micheh
bsb11762465	298	Deck / Deckbeth .	mafach
bsb11762465	298	Deck / Deckbeth .	Græc
bsb11762465	303	De	hiccah
bsb11762465	303	De	hiccah
bsb11762465	304	den .	arach
bsb11762465	304	den .	arach
bsb11762465	308	Derhalben .	cen
bsb11762465	311	Der tag darnach .	machar
bsb11762465	311	Der tag darnach .	mimmachorath
bsb11762465	312	Deuten .	horah
bsb11762465	312	Deuten .	hodia
bsb11762465	312	fleren .	beer
bsb11762465	312	fleren .	beer
bsb11762465	312	Deutschlandt .	erets
bsb11762465	312	Deutschlandt .	afchkenats
bsb11762465	313	Dewen .	ichel
bsb11762465	313	Dichten .	iatfar
bsb11762465	313	Dichten .	chibber
bsb11762465	313	Dichter .	iotfer
bsb11762465	313	Dichter .	hamechabber
bsb11762465	313	Di	ieter
bsb11762465	313	Dick .	bari
bsb11762465	313	Dick .	abh
bsb11762465	313	Dicke .	maabhee
bsb11762465	314	Die andern .	cheerim
bsb11762465	314	Die andern .	acherum
bsb11762465	315	Diebstall .	genebhah
bsb11762465	315	Die Ehe trennen .	chillach
bsb11762465	315	Die Ehe trennen .	chillach
bsb11762465	315	Die Ehe trennen .	nathan
bsb11762465	315	Die Ehe trennen .	nathan
bsb11762465	315	Die fürnembſten .	rachim
bsb11762465	315	Die fürnembſten .	fametinim
bsb11762465	316	Die flucht geben .	barach
bsb11762465	316	Die flucht geben .	nosarak
bsb11762465	317	Jong .	bed
bsb11762465	317	Jong .	nar
bsb11762465	318	Di	mefcharath
bsb11762465	318	Di	naarah
bsb11762465	318	Di	chipcha
bsb11762465	318	Di	ama
bsb11762465	318	feit .	boda
bsb11762465	318	feit .	cehynnah
bsb11762465	319	Dienstleisten .	Græc
bsb11762465	324	Dinte .	deio
bsb11762465	324	Dipffel .	nekudah
bsb11762465	324	Dipffel .	okets
bsb11762465	324	Difch .	fchylchan
bsb11762465	325	ten .	cibis
bsb11762465	325	ten .	arach
bsb11762465	325	ten .	arach
bsb11762465	325	Diftel .	rduus
bsb11762465	325	Diftel .	dardar
bsb11762465	325	Dohn / Laut .	Kol
bsb11762465	325	Dohn / Laut .	hemiah
bsb11762465	325	dingen .	teruah
bsb11762465	326	Dörffen .	chafer
bsb11762465	326	Dolmetschen .	pathar
bsb11762465	326	Dolmetschen .	rech
bsb11762465	326	Dolmetschen .	rech
bsb11762465	326	Dolmetschen .	heetik
bsb11762465	326	Dolmetschen .	heetik
bsb11762465	327	klap .	Græ
bsb11762465	327	klap .	Græ
bsb11762465	328	Stral .	barak
bsb11762465	328	Donnern .	raam
bsb11762465	328	Donnern .	hamah
bsb11762465	329	Doppelt .	Græc
bsb11762465	329	Dorff .	chafer
bsb11762465	329	Dorff .	migrafch
bsb11762465	329	Dorff .	pirdfah
bsb11762465	329	Dorff .	chaffah
bsb11762465	330	Dorn .	fillon
bsb11762465	330	Dorn .	Kimmufch
bsb11762465	331	Drabant .	ſchoter
bsb11762465	331	Drach .	tannin
bsb11762465	331	Drach .	nachach
bsb11762465	331	Drach .	lifiathan
bsb11762465	332	Dr	efchkol
bsb11762465	332	Dreck .	atchpah
bsb11762465	332	Dreck .	roi
bsb11762465	332	Dreck .	galal
bsb11762465	332	Dreck .	taphiah
bsb11762465	333	Drey .	fchlofch
bsb11762465	333	Drengen .	farar
bsb11762465	333	Drengen .	dalak
bsb11762465	333	Drengen .	ots
bsb11762465	333	Drefchen .	charats
bsb11762465	333	Drefchen .	chib
bsb11762465	334	Dromedari .	bigrah
bsb11762465	334	Dromedari .	ekeph
bsb11762465	334	Dromedari .	purah
bsb11762465	334	Drücken .	rar
bsb11762465	334	Drücken .	heik
bsb11762465	334	Drücken .	dachak
bsb11762465	335	Dumkun .	nimhar
bsb11762465	336	Dunckel .	der
bsb11762465	336	Dunckel .	aphel
bsb11762465	336	Dunckel .	cehah
bsb11762465	337	Dunckel werden .	afchach
bsb11762465	337	Dunckel werden .	arabh
bsb11762465	337	Dunne machen .	dakak
bsb11762465	338	Du	abech
bsb11762465	338	Du	arab
bsb11762465	338	sehen .	Karats
bsb11762465	339	Per ſigna loqui , dicere ,	Karats
bsb11762465	339	Dürrhcie .	iabbaschab
bsb11762465	339	Dürrhcie .	chorob
bsb11762465	339	Dürrhcie .	tsiiah
bsb11762465	339	Dürrhcie .	negeb
bsb11762465	339	Dürrhcie .	tech
bsb11762465	339	Dürrholk .	cts
bsb11762465	339	Dürrholk .	cts
bsb11762465	340	Dürr machen .	becheribh
bsb11762465	340	Dürr machen .	tsalah
bsb11762465	340	Dürr machen .	Kalah
bsb11762465	340	Dürr werden .	charabh
bsb11762465	340	Durst .	tamah
bsb11762465	340	Durst .	tfimeah
bsb11762465	340	Dürsten .	tamah
bsb11762465	341	Durstig .	tame
bsb11762465	341	Durst leschen .	reftinguere
bsb11762465	341	Düfterlich .	bachofcheth
bsb11762465	341	Düfterlich .	bekadruth
bsb11762465	342	Du	ſchadaiim
bsb11762465	343	Eben .	char
bsb11762465	343	Eben .	chauch
bsb11762465	343	Ebene / Fläche .	michmor
bsb11762465	344	Ebenfeldt .	bikah
bsb11762465	344	Ebenfeldt .	ciccar
bsb11762465	345	Edel .	nodah
bsb11762465	345	Edel .	nichbad
bsb11762465	345	Edel .	addir
bsb11762465	345	Edel .	meiychas
bsb11762465	345	Stamm .	achas
bsb11762465	345	Stamm .	cabo
bsb11762465	345	Edelgestein .	cben
bsb11762465	345	Edelgestein .	cben
bsb11762465	347	Egel / Eile .	alukah
bsb11762465	347	Ehe .	chatynnah
bsb11762465	348	Ehebrechen .	naaph
bsb11762465	348	Ehebrecher .	nocph
bsb11762465	348	Ehebrecherin .	pheth
bsb11762465	349	Ehemann .	baaliſch
bsb11762465	349	Ehe scheidung .	Kerithuth
bsb11762465	349	Cheweib .	Græc
bsb11762465	350	Ehr .	heder
bsb11762465	350	Ehr .	tipharah
bsb11762465	350	Ehr .	geuth
bsb11762465	350	Ehr .	caboth
bsb11762465	350	Ehr .	bhi
bsb11762465	350	Gloria .	hadar
bsb11762465	350	Gloria .	Kibhed
bsb11762465	354	Ehrlich .	edar
bsb11762465	354	Eichbaum .	robur
bsb11762465	355	Eickel .	dara
bsb11762465	355	Eickel .	dara
bsb11762465	356	Eide .	fchebuah
bsb11762465	356	Eidtgenof .	baal
bsb11762465	356	Eidtgenof .	baal
bsb11762465	356	Ciffer .	Kinnah
bsb11762465	356	Ciffern .	kinne
bsb11762465	357	Eigen Gut .	fegyllah
bsb11762465	357	Eigenschafft .	middah
bsb11762465	357	Eigenschafft .	teha
bsb11762465	358	Eilen .	maher
bsb11762465	358	Eilen .	bahal
bsb11762465	358	Eilen .	nachats
bsb11762465	358	Eilen .	choch
bsb11762465	358	Eilen .	choch
bsb11762465	358	Eilen .	tos
bsb11762465	358	Eilend .	mahir
bsb11762465	358	Eilung .	meherah
bsb11762465	364	Eingedenck .	docher
bsb11762465	364	Eingedenck .	fachur
bsb11762465	365	Eingedenck seyn .	diachar
bsb11762465	365	Ei	techok
bsb11762465	365	Ei	techok
bsb11762465	365	Eingeweid .	Kerehmern
bsb11762465	366	Eingieffen .	iatfak
bsb11762465	366	Ei	ifch
bsb11762465	366	Ei	ifch
bsb11762465	367	Ein Hauß bawen .	banaeth
bsb11762465	367	Ein Hauß bawen .	banaeth
bsb11762465	367	tigkeit .	iechidah
bsb11762465	367	tigkeit .	ratfon
bsb11762465	367	tigkeit .	ratfon
bsb11762465	368	Einhorn .	reem
bsb11762465	368	Ei	echad
bsb11762465	368	Einreden .	lon
bsb11762465	369	Einschencken .	hiſchkah
bsb11762465	369	Einschencker .	maſcheke
bsb11762465	369	Einſidler .	badad
bsb11762465	369	Einſidler .	achid
bsb11762465	369	tereinander .	dich
bsb11762465	369	tereinander .	dich
bsb11762465	369	Ei	libbo
bsb11762465	369	Ei	libbo
bsb11762465	369	Ein steinern Herk .	lebhebben
bsb11762465	369	Ein steinern Herk .	lebhebben
bsb11762465	370	Eintragen .	hebhi
bsb11762465	370	Eintragen .	hichnis
bsb11762465	370	Einwohner .	edfrach
bsb11762465	371	Ei	hifchrifch
bsb11762465	371	Eif .	Kerach
bsb11762465	373	Eitel / leichtfertig .	rek
bsb11762465	373	Eitel / leichtfertig .	batlantum
bsb11762465	373	tigkeit .	hebhel
bsb11762465	373	tigkeit .	fchaf
bsb11762465	373	tigkeit .	fcheker
bsb11762465	374	Cubitus , & cubitum , vlna ,	ammal
bsb11762465	374	Geplagt .	ani
bsb11762465	375	Elend / Veriagung .	Græc
bsb11762465	376	Elender / Veriagter .	golchager
bsb11762465	377	Eltern .	aboth
bsb11762465	377	Eltern .	kenim
bsb11762465	378	Endt .	foph
bsb11762465	378	Endt .	charith
bsb11762465	378	Endt .	tachlit
bsb11762465	378	Endt .	Kate
bsb11762465	378	Endt .	iarec
bsb11762465	379	Endern .	chalaph
bsb11762465	379	Endern .	hemir
bsb11762465	379	Enderung .	cheleph
bsb11762465	379	Enderung .	temurah
bsb11762465	379	Enderung .	táchath
bsb11762465	379	Eng .	tlar
bsb11762465	379	Eng .	ats
bsb11762465	379	Engel .	malach
bsb11762465	379	Engel .	faraph
bsb11762465	379	Engel .	chachal
bsb11762465	379	Engel .	ruach
bsb11762465	379	Engel .	elohim
bsb11762465	381	Engstig .	coeb
bsb11762465	381	Engstig .	abhel
bsb11762465	381	Engstig .	dearbh
bsb11762465	382	Engstig sein .	abal
bsb11762465	382	Engstig sein .	iagah
bsb11762465	382	Engstig sein .	daag
bsb11762465	382	Engstig sein .	caabh
bsb11762465	382	Engstig sein .	attabh
bsb11762465	382	Engstig sein .	caah
bsb11762465	382	En	hig
bsb11762465	382	En	biffer
bsb11762465	382	En	chiffah
bsb11762465	382	über .	minne
bsb11762465	383	lauffen .	Kara
bsb11762465	383	Enthalten / meiden .	maas
bsb11762465	383	Enthalten / meiden .	rachak
bsb11762465	383	Enthalten / meiden .	Kata
bsb11762465	383	Enthalten / meiden .	Græc
bsb11762465	383	Entlauffen .	natal
bsb11762465	383	Entlauffen .	chalats
bsb11762465	383	Entledigen .	himlit
bsb11762465	383	Entledigen .	hitſtfilchillets
bsb11762465	383	Entledigen .	patah
bsb11762465	384	Entlehnen .	launafchah
bsb11762465	384	Entschlaffen .	inchfchen
bsb11762465	384	Entschlaffen .	hirdan
bsb11762465	384	Entschlaffen .	henim
bsb11762465	384	Entschuidigen .	hithnatſttel
bsb11762465	384	Entschuldigung .	hithna
bsb11762465	384	Entspringen .	Kom
bsb11762465	384	Entspringen .	iata
bsb11762465	384	Entspringen .	Kor
bsb11762465	384	Entwehnen .	gamal
bsb11762465	384	Enkunden .	bier
bsb11762465	384	Enkunden .	hokid
bsb11762465	384	Enkunden .	hittith
bsb11762465	384	Enhåndung .	bearah
bsb11762465	384	Enhåndung .	dalleth
bsb11762465	385	Erbarmen .	mal
bsb11762465	385	Erbarmen .	mal
bsb11762465	385	Erbarmen .	chos
bsb11762465	385	Erbarmen .	chanan
bsb11762465	385	C. Labor , & labosudor	iegia
bsb11762465	385	C. Labor , & labosudor	telaah
bsb11762465	385	C. Labor , & labosudor	tfcbh
bsb11762465	385	C. Labor , & labosudor	tfcbh
bsb11762465	386	Erbitten .	pittah
bsb11762465	386	Erbitten .	hethir
bsb11762465	386	Erbitten .	chaal
bsb11762465	386	Erbfünde .	retfer
bsb11762465	386	Erbfünde .	retfer
bsb11762465	386	Erdt .	rets
bsb11762465	388	Erdtbebung sein .	raafchahhaarets
bsb11762465	388	Erdtbebung sein .	raafchahhaarets
bsb11762465	390	Erfahren .	nachach
bsb11762465	390	Erforschen .	chakar
bsb11762465	390	Erforschen .	cha
bsb11762465	390	Erforschen .	fchichar
bsb11762465	390	Erforschen .	ragal
bsb11762465	390	Erforschen .	chaphar
bsb11762465	390	Erforschen .	fchot
bsb11762465	390	Erforschen .	bare
bsb11762465	390	Erforschung .	chéphes
bsb11762465	390	Erforschung .	bakkarah
bsb11762465	390	Erforschung .	bakkafchah
bsb11762465	390	Erforschung .	tor
bsb11762465	390	Erfrewet werden .	famach
bsb11762465	390	Erfrewet werden .	fos
bsb11762465	390	Erfrewet werden .	gol
bsb11762465	390	Erfrewet werden .	chadah
bsb11762465	390	Erfrewet werden .	thahal
bsb11762465	390	Erfrewet werden .	alaslats
bsb11762465	390	Erfrewet werden .	dots
bsb11762465	391	Ergern .	tafchal
bsb11762465	391	Ergern .	kach
bsb11762465	391	Ergern .	pok
bsb11762465	391	Ergern .	agaph
bsb11762465	391	Ergern .	labad
bsb11762465	391	Ergernis .	michſchol
bsb11762465	391	Erhangen werden .	ihlah
bsb11762465	391	Erheben .	nafa
bsb11762465	391	Erheben .	higbiah
bsb11762465	391	Erheben .	higbiah
bsb11762465	391	Erheben .	iffa
bsb11762465	392	Excitare ad memoriam .	hidir
bsb11762465	393	Honorifice fepultus eſt .	nikbar
bsb11762465	393	Honorifice fepultus eſt .	nikbar
bsb11762465	395	Er	ich
bsb11762465	395	Er	ich
bsb11762465	396	Socrate fanctior eſt .	ichiere
bsb11762465	396	Socrate fanctior eſt .	ichiere
bsb11762465	397	Er	gaah
bsb11762465	397	Er	gabah
bsb11762465	397	Er	ihar
bsb11762465	398	Patoli diuitiis diues eſt .	Kabeth
bsb11762465	400	Erkleren .	parach
bsb11762465	400	Erkleren .	beer
bsb11762465	400	Erkleren .	pathar
bsb11762465	400	Erkleren .	pafchar
bsb11762465	401	Erklerung .	parafchah
bsb11762465	401	Erklerung .	peſcher
bsb11762465	401	Erklerung .	pithron
bsb11762465	401	Erlangen .	Kanah
bsb11762465	401	Erlangen .	hilfigh
bsb11762465	401	Erlangen .	achats
bsb11762465	401	Erlauben .	nathan
bsb11762465	401	Erlauben .	hinniach
bsb11762465	403	Er lobet sich selbs .	hithhallel
bsb11762465	403	Ermelrock .	cethoneth
bsb11762465	403	Ermelrock .	meil
bsb11762465	403	Ernehren .	chiiah
bsb11762465	403	Ernehren .	iddel
bsb11762465	403	Ernehren .	bbach
bsb11762465	403	Ernewern .	chinnah
bsb11762465	404	Erndt .	Karfir
bsb11762465	404	Erndten / Meyen .	Katfar
bsb11762465	404	Erquicken .	heichibh
bsb11762465	404	Erquicken .	heichibh
bsb11762465	404	Erscheinen .	nirah
bsb11762465	405	Er	chitteth
bsb11762465	405	Er	bieth
bsb11762465	405	Er	hibhil
bsb11762465	405	Er	hiph
bsb11762465	407	Erstarren .	tamah
bsb11762465	407	Erstarren .	fchaah
bsb11762465	407	Erstarret .	cha-
bsb11762465	407	Erstarret .	miſchtach
bsb11762465	407	Erstarrung .	timmahon
bsb11762465	407	Erstarrung .	chara
bsb11762465	408	Erstatten .	gamal
bsb11762465	408	Erstattung .	tfchl
bsb11762465	408	Erstechen .	dakar
bsb11762465	408	Erstechen .	machats
bsb11762465	409	Erwarten .	Kiffah
bsb11762465	409	Erwarten .	iechel
bsb11762465	409	Erwarten .	fchibber
bsb11762465	409	Erwarten .	chiccha
bsb11762465	409	Erwarten .	tapah
bsb11762465	409	Erwarten .	dom
bsb11762465	409	Erwehlen .	bachar
bsb11762465	409	Erwehlen .	barar
bsb11762465	409	Erwehlen .	ratfah
bsb11762465	409	Er	iktibh
bsb11762465	409	Er	hurrah
bsb11762465	409	Erzehlen .	fipper
bsb11762465	409	Erzehlen .	hig
bsb11762465	409	Erzehlen .	chiffah
bsb11762465	409	Erzehlen .	innah
bsb11762465	409	Erzehlen .	Ichanan
bsb11762465	409	Erzehlen .	diber
bsb11762465	410	Efel .	chamor
bsb11762465	410	Efel .	Gall
bsb11762465	411	Es felt mir ein .	facharti
bsb11762465	411	Es gefelt mir .	tobli
bsb11762465	411	Es gefelt mir .	tobli
bsb11762465	411	Es gefelt mir .	iafchar
bsb11762465	411	Es gefelt mir .	iafchar
bsb11762465	419	Es	chacachi
bsb11762465	419	Es	ſchiti
bsb11762465	420	Es	nod
bsb11762465	425	wird .	theda
bsb11762465	426	Efche / Eschbawm .	adiectiu
bsb11762465	426	Efche / Eschbawm .	berofch
bsb11762465	426	Essen .	achal
bsb11762465	426	Essen .	barah
bsb11762465	427	Eischen / Fordern .	chaal
bsb11762465	427	Eischen / Fordern .	baah
bsb11762465	428	Estrich / Bodem .	Karka
bsb11762465	428	Estrich / Bodem .	ritfpah
bsb11762465	428	Estrich / Bodem .	martſephet
bsb11762465	428	Es wird Abend .	arabh
bsb11762465	429	seyn .	tob
bsb11762465	429	seyn .	tob
bsb11762465	429	Es	nigah
bsb11762465	430	Et	gaal
bsb11762465	430	Et	ſchakats
bsb11762465	430	Ewiglich .	Ico
bsb11762465	431	Ex	mafchal
bsb11762465	431	Ex	dimion
bsb11762465	431	Ey .	bet-
bsb11762465	431	Fabel .	mafchal
bsb11762465	431	Fabel .	fcheninah
bsb11762465	432	Fackel .	lappid
bsb11762465	433	Fadem .	pethal
bsb11762465	433	Fadem .	tikual
bsb11762465	433	Fahen .	iakaſch
bsb11762465	433	Fahen .	lachadachadspinchadTak
bsb11762465	433	Fahstricke .	kefchim
bsb11762465	433	Fahstricke .	refchet
bsb11762465	433	Fayg / Forchtfam .	rach
bsb11762465	433	Fayg / Forchtfam .	rach
bsb11762465	434	Fall .	mappelah
bsb11762465	434	Fall / Zufellig ding .	mikreh
bsb11762465	435	Falsch .	codebh
bsb11762465	435	Fangen .	chabhataphas
bsb11762465	435	Farb	teba
bsb11762465	435	Farb	arch
bsb11762465	435	Farb	aiin
bsb11762465	436	Fa	tabha
bsb11762465	436	Fahren .	chabh
bsb11762465	437	Fay / Gefäß .	celi
bsb11762465	437	Fay / Gefäß .	faph
bsb11762465	437	Faffen .	achads
bsb11762465	438	Fasten .	tham
bsb11762465	438	Fasten .	innah
bsb11762465	438	Faftung .	tom
bsb11762465	438	Faftung .	taanith
bsb11762465	439	Fa	aagaab
bsb11762465	439	Fa	achak
bsb11762465	439	Fa	Kalas
bsb11762465	439	Fa	hethel
bsb11762465	439	Faul .	rakibh
bsb11762465	439	Fa	atfel
bsb11762465	439	Faulbetih .	cres
bsb11762465	439	Faulbetih .	miſchkabh
bsb11762465	440	Fa	atslah
bsb11762465	440	Fa	sluth
bsb11762465	441	Faul seyn .	ach
bsb11762465	441	Faul seyn .	rakab
bsb11762465	441	Faul seyn .	farach
bsb11762465	441	Faul seyn .	aphaſch
bsb11762465	441	feyn .	hithatfel
bsb11762465	441	feyn .	pagar
bsb11762465	441	Faust .	egoph
bsb11762465	441	Faust .	choal
bsb11762465	441	Faust .	Komets
bsb11762465	441	Faust .	chophnaiim
bsb11762465	442	Feber .	Kaddachath
bsb11762465	442	Fa	nilcham
bsb11762465	442	Fa	Karabh
bsb11762465	443	Feder .	canapher
bsb11762465	443	Feder .	not
bsb11762465	443	Feder .	ebrah
bsb11762465	444	Fegen / Keren .	taah
bsb11762465	444	Fegen / Keren .	graph
bsb11762465	444	Fegen / Keren .	fachah
bsb11762465	444	Fegen / Keren .	cibbed
bsb11762465	444	Feige .	theenim
bsb11762465	444	Felgenbawm .	theenah
bsb11762465	444	Felgenbawm .	fchikmah
bsb11762465	445	Feilen / oder Irren .	taah
bsb11762465	445	Feilen / oder Irren .	thaah
bsb11762465	445	Feilen / oder Irren .	chalah
bsb11762465	445	Feilstaub .	peíóleth
bsb11762465	445	Feindt .	icbh
bsb11762465	445	Feindt .	icbh
bsb11762465	445	Feindt .	fone
bsb11762465	445	Feindt .	tar
bsb11762465	446	Feindschafft .	ebhan
bsb11762465	446	Feindschafft .	finah
bsb11762465	446	Feindschafft .	fitnah
bsb11762465	447	Feyren .	ſchal
bsb11762465	447	Feyertag .	fchabbath
bsb11762465	447	Feyertag .	chag
bsb11762465	447	Feift .	dafchen
bsb11762465	447	Feift .	bari
bsb11762465	447	feit .	schemen
bsb11762465	447	feit .	defchen
bsb11762465	447	feit .	cheleb
bsb11762465	448	Feiftmachen .	difchichen
bsb11762465	448	Feift werden .	ſchamen
bsb11762465	448	Feift werden .	dafchen
bsb11762465	448	Feldt .	fadeh
bsb11762465	448	Feldt .	che
bsb11762465	448	Feldt .	adamah
bsb11762465	449	Fell / Haut .	geled
bsb11762465	449	Fell / Haut .	geled
bsb11762465	449	Felf .	fela
bsb11762465	449	Felf .	ceph
bsb11762465	449	Felf .	tur
bsb11762465	449	Felf .	challamifch
bsb11762465	450	Fendlein .	Græc
bsb11762465	451	Fenestra , Jueis , feneſtella ,	arybbah
bsb11762465	451	Fenestra , Jueis , feneſtella ,	efch
bsb11762465	451	Fenestra , Jueis , feneſtella ,	nabh
bsb11762465	451	Fenestra , Jueis , feneſtella ,	tohar
bsb11762465	451	Fenestra , Jueis , feneſtella ,	chimchoth
bsb11762465	451	Fenestra , Jueis , feneſtella ,	characcim
bsb11762465	451	Fenster laden .	delathaiim
bsb11762465	451	Fern .	rachok
bsb11762465	451	Fersen .	akeph
bsb11762465	453	Feuchtigkeit .	lefchad
bsb11762465	453	Fe	hirua
bsb11762465	453	Feulung / Eyter .	rakabh
bsb11762465	453	Fewer .	efch
bsb11762465	454	Fewrig .	flamirab
bsb11762465	454	Fewrig .	nikleh
bsb11762465	456	Fürchten .	iare
bsb11762465	456	Fürchten .	iagor
bsb11762465	457	Fårdern .	iaal
bsb11762465	460	Fürsichtig .	nabbo
bsb11762465	460	Fürst .	adon
bsb11762465	460	Fürst .	nagid
bsb11762465	460	Fürst .	chel
bsb11762465	460	Fürst .	fchalit
bsb11762465	460	Fürst .	Katin
bsb11762465	460	Fürst .	cohen
bsb11762465	460	Fürst .	cho
bsb11762465	460	Fürst .	natib
bsb11762465	460	Fürst .	alluph
bsb11762465	460	Fürst .	ibh
bsb11762465	460	Fürst .	roch
bsb11762465	460	Fürst .	padukidar
bsb11762465	460	Fürst .	nafich
bsb11762465	462	Fürstcher .	pakid
bsb11762465	462	Fürstcher .	nagid
bsb11762465	462	Få	hitchkim
bsb11762465	462	Fårtreffen .	dat
bsb11762465	463	Fürtreffung .	eder
bsb11762465	463	Fürtreffung .	gob
bsb11762465	463	1 Fürwar .	beemath
bsb11762465	463	1 Fürwar .	beemath
bsb11762465	463	Fårwar sagen .	iied
bsb11762465	463	Fieber .	Kaddachath
bsb11762465	464	Fi	oren
bsb11762465	464	Fi	gopher
bsb11762465	464	nisch anlegt .	ieria
bsb11762465	465	nahmen .	tsa
bsb11762465	466	Fingerring .	chotham
bsb11762465	466	Fingerring .	tabbaath
bsb11762465	466	Fingerring .	Karas
bsb11762465	466	Finster .	apel
bsb11762465	466	Finster .	Koder
bsb11762465	466	Finster .	Greec
bsb11762465	466	Finsterniß	chofchech
bsb11762465	466	Finsterniß	aphelah
bsb11762465	466	Finsterniß	Kadruth
bsb11762465	466	Finsterniß	nefcheph
bsb11762465	466	Finsterniß	alatah
bsb11762465	466	Caligo .	Kadruth
bsb11762465	466	Caligo .	Kadruth
bsb11762465	467	Fi	Kadruth
bsb11762465	467	Fi	Kadruth
bsb11762465	467	Fisch .	dagah
bsb11762465	469	Fl	michor
bsb11762465	469	Fl	bikah
bsb11762465	469	Item .	iallépheth
bsb11762465	469	Flechten .	fibbech
bsb11762465	469	Flechten .	farag
bsb11762465	470	Flecken .	mum
bsb11762465	470	Flecken .	dophi
bsb11762465	470	Flecket .	nakud
bsb11762465	470	Flecket .	talu
bsb11762465	470	Fledermauf .	atalleph
bsb11762465	470	Fledermauf .	ianfchuph
bsb11762465	470	Fleaf .	charatutama
bsb11762465	470	Fleisch .	bafar
bsb11762465	470	Fleisch .	fcheGall
bsb11762465	472	Fl	amal
bsb11762465	472	Fl	charats
bsb11762465	472	Fl	fchakad
bsb11762465	472	Fleißig .	cha-
bsb11762465	475	Flicken .	taphar
bsb11762465	475	Fliegen .	oph
bsb11762465	475	Fliegen .	parach
bsb11762465	475	Fliegen .	daah
bsb11762465	475	Fliegen .	chabhatah
bsb11762465	475	Fliegen .	natſa
bsb11762465	475	Fliegen .	heebhir
bsb11762465	476	Flieffen .	dfobh
bsb11762465	476	Flieffen .	noph
bsb11762465	476	Flieffen .	nadfal
bsb11762465	476	Flieffen .	atfak
bsb11762465	476	Flieffen .	nagar
bsb11762465	476	Flieffen .	nafach
bsb11762465	476	Flieffung .	dobh
bsb11762465	476	Floch .	paroch
bsb11762465	477	Fluchen .	Killel
bsb11762465	477	Fluchen .	arar
bsb11762465	477	Fluchen .	alah
bsb11762465	477	Flucht .	menufa
bsb11762465	477	Fluß .	nahar
bsb11762465	477	Fluß .	icor
bsb11762465	477	Fluß .	peleg
bsb11762465	477	Fluß .	iubhal
bsb11762465	477	Fluß .	aphik
bsb11762465	478	Flügel .	ebrah
bsb11762465	478	Flügel .	tits
bsb11762465	478	Flügel .	fenappir
bsb11762465	478	Folgen .	radaphalak
bsb11762465	478	Folgen .	radaphalak
bsb11762465	478	Folgen .	achare
bsb11762465	478	Folgen .	achare
bsb11762465	478	Folgen .	lach
bsb11762465	478	Fordern .	kara
bsb11762465	478	Fordern .	draak
bsb11762465	478	Formieren .	atar
bsb11762465	478	Formieren .	cholel
bsb11762465	478	Formieren .	itſtſebh
bsb11762465	478	Forschen .	cha
bsb11762465	479	Fr	chaphar
bsb11762465	479	Fr	badak
bsb11762465	479	Frag .	cheelah
bsb11762465	479	reicher .	tfepharti
bsb11762465	480	Fraw .	ifcha
bsb11762465	480	Fraw .	Græc
bsb11762465	481	Frech .	perc
bsb11762465	481	Frech .	achdfari
bsb11762465	481	Frech .	parits
bsb11762465	481	Frech .	ads
bsb11762465	481	Frech .	ads
bsb11762465	483	Freyheit .	chophchith
bsb11762465	483	Freyheit .	deror
bsb11762465	483	Freyheit .	chiruth
bsb11762465	486	Frembdling .	nochri
bsb11762465	486	Freffen .	iccel
bsb11762465	486	Freffen .	billah
bsb11762465	486	Freffen .	Giz
bsb11762465	486	Freffen .	Giz
bsb11762465	486	Fr	caron
bsb11762465	486	Fr	caron
bsb11762465	486	Freunde .	ahubhech
bsb11762465	487	felig .	Grxc
bsb11762465	487	Freundligkeit .	ahabhah
bsb11762465	490	Fr	fimchah
bsb11762465	490	Fr	fafon
bsb11762465	490	Fr	gil
bsb11762465	490	Fr	chedua
bsb11762465	490	Fr	alitſuth
bsb11762465	490	Frewd anzeigen .	rinnen
bsb11762465	490	Frewd anzeigen .	bbech
bsb11762465	490	Frewd anzeigen .	heria
bsb11762465	490	Frewd anzeigen .	gol
bsb11762465	490	Frewd anzeigen .	faphak
bsb11762465	490	Frewd bringen .	hitmiach
bsb11762465	490	Frewd bringen .	hitshil
bsb11762465	490	Frewd bringen .	chiddah
bsb11762465	490	Frewd haben .	gaudio
bsb11762465	490	Frewd haben .	gol
bsb11762465	490	Frewd haben .	cha
bsb11762465	490	Frewd haben .	alats
bsb11762465	490	Frewd haben .	dots
bsb11762465	491	Freuelich .	forer
bsb11762465	491	Freuelich .	Kefcheh
bsb11762465	491	Freuelich .	Kefcheh
bsb11762465	491	Freuelich .	chatſaph
bsb11762465	491	ligkeit .	mered
bsb11762465	491	Fried .	chalom
bsb11762465	491	Fried .	fchaluah
bsb11762465	492	Fr	hifchlim
bsb11762465	492	Friedsam .	fchalef
bsb11762465	492	Friedsam .	ſcha-
bsb11762465	492	Fr	olets
bsb11762465	492	Frotich seyn .	machosgol
bsb11762465	492	Frotich seyn .	cha
bsb11762465	493	Frölich machen .	hifmimiah
bsb11762465	493	Frölich machen .	hitshil
bsb11762465	493	Frölich machen .	chiddah
bsb11762465	494	Frolocken .	rinnen
bsb11762465	494	Frolocken .	ibbebh
bsb11762465	494	Frolocken .	aphak
bsb11762465	495	Fromb .	tob
bsb11762465	495	Fromb .	iafchar
bsb11762465	495	Fromb .	naki
bsb11762465	495	Fromb .	fchalem
bsb11762465	495	Fromb .	tamim
bsb11762465	495	Fromb .	chaid
bsb11762465	495	Frombkeit .	tobah
bsb11762465	495	Frombkeit .	iſcher
bsb11762465	495	Frombkeit .	nikkaion
bsb11762465	495	Frosch .	tepardea
bsb11762465	496	Frucht .	Græc
bsb11762465	496	Frucht an Korn .	tebuah
bsb11762465	496	Frucht an Korn .	Kamah
bsb11762465	496	Frucht an Korn .	abhur
bsb11762465	496	Frucht an Korn .	dagan
bsb11762465	496	Frucht an Korn .	iebhul
bsb11762465	496	Fruchtbar .	pori
bsb11762465	496	Lande .	erets
bsb11762465	496	Lande .	erets
bsb11762465	496	Fruchtbar machen .	phrah
bsb11762465	497	Fr	babboker
bsb11762465	497	Fr	beſchachar
bsb11762465	497	Fr	betfeth
bsb11762465	497	Fr	betfeth
bsb11762465	500	Frühe vnd spat .	babboker
bsb11762465	500	Frühe vnd spat .	babboker
bsb11762465	501	Jügen .	hidbik
bsb11762465	501	Jügen .	chibber
bsb11762465	501	Jügen .	hitfmid
bsb11762465	501	Jügen .	phal
bsb11762465	501	Jügen .	faphah
bsb11762465	501	Fügung .	choberth
bsb11762465	501	Fügung .	themed
bsb11762465	501	Fügung .	thamid
bsb11762465	502	Su	chachahal
bsb11762465	502	Su	chachahal
bsb11762465	502	Fuchf .	fchual
bsb11762465	502	M Fug .	choberth
bsb11762465	502	Funcke .	piach
bsb11762465	502	Funcke .	Kitor
bsb11762465	502	Furch / Ackerfurch .	charichadad
bsb11762465	502	Furch / Ackerfurch .	charichadad
bsb11762465	503	Furcht .	iirah
bsb11762465	503	Furcht .	magor
bsb11762465	503	Furchtsam .	iare
bsb11762465	503	Furchtsam .	poched
bsb11762465	505	ten einer Stadt .	rafche
bsb11762465	505	ten einer Stadt .	rafche
bsb11762465	505	ten einer Stadt .	ethanim
bsb11762465	506	Fürſichtigkeit .	tebhuna
bsb11762465	507	Furt / Wafferfurt .	mabar
bsb11762465	507	Furt / Wafferfurt .	mabarah
bsb11762465	507	Fuß .	regel
bsb11762465	507	Fuß .	fchobhel
bsb11762465	507	Fuß .	achurim
bsb11762465	507	Banck .	hadom
bsb11762465	508	Fu	cebel
bsb11762465	508	Fu	cebel
bsb11762465	508	Fu	drikkim
bsb11762465	508	Fu	finnok
bsb11762465	508	Fu	nechyschtaiim
bsb11762465	508	Fußschemel .	chefch
bsb11762465	508	Fußschemel .	hadom
bsb11762465	508	Fußknecht .	ragli
bsb11762465	508	Fussole .	keb
bsb11762465	508	Fussole .	caph
bsb11762465	508	Fussole .	caph
bsb11762465	508	Fußstapffen .	paam
bsb11762465	508	Fußstapffen .	tsaad
bsb11762465	508	Fußstapffen .	midrach
bsb11762465	508	Fußstapffen .	midrach
bsb11762465	508	Futter .	mifpo
bsb11762465	508	Futter .	belil
bsb11762465	508	Futter .	mirch
bsb11762465	509	Gabe .	minchah
bsb11762465	509	Gabe .	tefchurah
bsb11762465	509	Gabe .	berachah
bsb11762465	509	Gabe .	matthanah
bsb11762465	509	Gabe .	chilluchim
bsb11762465	509	Gabel .	Kilichon
bsb11762465	510	Item .	taad
bsb11762465	510	Item .	achurim
bsb11762465	515	bey nahe .	cimad
bsb11762465	515	bey nahe .	cealin
bsb11762465	516	Gar offt .	bereb
bsb11762465	516	Gar offt .	harabch
bsb11762465	517	Garte .	fche
bsb11762465	517	Garte .	pardes
bsb11762465	523	Gaffe .	schuk
bsb11762465	523	Gaffe .	chutah
bsb11762465	523	Gaffe .	rechobh
bsb11762465	524	Gafterey .	feudah
bsb11762465	524	Gafterey anrichten .	afah
bsb11762465	524	Gafterey anrichten .	afah
bsb11762465	525	Geberde .	taam
bsb11762465	525	Geberde .	minhag
bsb11762465	525	Geberen .	harah
bsb11762465	525	Geberen .	millet
bsb11762465	525	Geberen .	chole
bsb11762465	525	Geberung .	dah
bsb11762465	526	Geben .	abh
bsb11762465	526	Geben .	abh
bsb11762465	526	Gebetr .	tephillah
bsb11762465	526	Gebetr .	fiach
bsb11762465	526	Gebetr .	theakah
bsb11762465	526	Gebetr .	techinnah
bsb11762465	526	Gebetr .	lachach
bsb11762465	526	Gebetr .	attereth
bsb11762465	527	Gebott .	pekudim
bsb11762465	528	Gebrauch .	hergel
bsb11762465	528	Gebrauch .	deechorach
bsb11762465	528	Gebrauch .	dober
bsb11762465	528	Gebrauch .	minhag
bsb11762465	528	Gebrech .	chefer
bsb11762465	528	Gebrech .	chofer
bsb11762465	528	Gebrech .	chef
bsb11762465	528	Gebrech .	machfor
bsb11762465	528	Gebrüder .	achim
bsb11762465	529	Ge	afur
bsb11762465	529	Ge	chabu
bsb11762465	529	Ge	Kafchur
bsb11762465	529	Ge	chatul
bsb11762465	529	Gebunden balcken .	Græ
bsb11762465	529	Geburt .	ledah
bsb11762465	529	Gecreußiget werden .	nitlah
bsb11762465	529	Gecreußiget werden .	huka
bsb11762465	529	Gedancke .	chachabha
bsb11762465	529	Gedancke .	metfimmah
bsb11762465	529	Gedancke .	echtonoth
bsb11762465	529	Gedancke .	charafchim
bsb11762465	529	Gedancke .	cheriruth
bsb11762465	529	Gedancke .	raion
bsb11762465	529	Gedancke .	fiiphim
bsb11762465	529	Gedechtniß .	ficcaron
bsb11762465	530	Ordencken :	hachabh
bsb11762465	530	Ordencken :	hachabh
bsb11762465	530	Ordencken :	drama
bsb11762465	530	Ordencken :	charach
bsb11762465	530	Ordencken :	amar
bsb11762465	531	Gedültig .	erech
bsb11762465	531	Gedültig .	erech
bsb11762465	533	Gefallen .	nirtfah
bsb11762465	533	Gefangen .	fchbeh
bsb11762465	533	Gefangen .	fchbeh
bsb11762465	533	Gefangen .	afir
bsb11762465	533	Gefangen nemen .	lachadachads
bsb11762465	534	Gefangen werden .	nifchbah
bsb11762465	534	Gefangen werden .	nilcad
bsb11762465	534	Gefangen werden .	nithpas
bsb11762465	534	Gefengnif .	fohar
bsb11762465	534	Gefengnif .	baiit
bsb11762465	534	Gefengnif .	bor
bsb11762465	534	Gefengnif .	fur
bsb11762465	534	Gefengnif .	mager
bsb11762465	534	Gefengnif .	Kele
bsb11762465	534	Gefengnif .	maphecheth
bsb11762465	536	Ge	ammud
bsb11762465	536	Ge	matſtſebhah
bsb11762465	536	Geheimnis .	fod
bsb11762465	536	Geheis .	mitsua
bsb11762465	536	Gehen .	halach
bsb11762465	537	Ge	heedfin
bsb11762465	537	Ge	ſchama
bsb11762465	537	Geyer .	aiah
bsb11762465	538	Geik .	beta
bsb11762465	539	Ceigig .	bot
bsb11762465	540	Ge	bata
bsb11762465	540	Gekocht .	mebbi
bsb11762465	540	Gelbfichtig .	ierakon
bsb11762465	541	Gelender / Panker .	ſchirian
bsb11762465	541	Gelender / Panker .	chirion
bsb11762465	543	Geleutert Gold .	dfahabh
bsb11762465	543	Geleutert Gold .	dfahabh
bsb11762465	543	Geleutert Silber .	Cefeph
bsb11762465	543	Geleutert Silber .	Cefeph
bsb11762465	544	bringen .	nadar
bsb11762465	545	Geldt .	cefeph
bsb11762465	546	Gelüften / Begeren .	taabh
bsb11762465	546	Gelüften / Begeren .	iffah
bsb11762465	546	Gelüften / Begeren .	chamad
bsb11762465	546	Gelüften / Begeren .	cafaph
bsb11762465	546	Gelüften / Begeren .	chaak
bsb11762465	546	Gelüften / Begeren .	cha
bsb11762465	546	Gelüften / Begeren .	cillah
bsb11762465	547	Gemeinschafft .	chebrah
bsb11762465	548	Gaffenwortlein .	chidah
bsb11762465	548	Gemein Volck .	hamon
bsb11762465	549	Be	fechorah
bsb11762465	549	Be	rechyllah
bsb11762465	549	Be	cenah
bsb11762465	549	Gemüß .	dfereon
bsb11762465	549	Gemåt .	nepheſchleb
bsb11762465	549	Gemåt .	ruach
bsb11762465	550	Ge	fobha
bsb11762465	550	Ge	cha
bsb11762465	551	Gerecht .	traddik
bsb11762465	551	Gerecht .	iafchar
bsb11762465	551	Gerechtigkeye .	cher
bsb11762465	552	Ge	nicham
bsb11762465	552	Gerichtstag .	iom
bsb11762465	552	Gerichtstag .	iom
bsb11762465	554	Ge	fchua
bsb11762465	555	Ge	riach
bsb11762465	555	Gerücht .	dibbah
bsb11762465	556	Gerüft .	chagur
bsb11762465	556	Gesandt .	chaluach
bsb11762465	556	Gesang .	Oda
bsb11762465	556	Gesang .	neginah
bsb11762465	557	Gescheffe .	inian
bsb11762465	559	Geschlecht .	mischpachah
bsb11762465	560	Geschierr .	celi
bsb11762465	560	Geschierr .	faph
bsb11762465	560	Geschmack .	taam
bsb11762465	560	Geschmelkt .	namoga
bsb11762465	560	Geschmuck .	tipharah
bsb11762465	560	Gefchöpff .	beriah
bsb11762465	561	Geschof .	chets
bsb11762465	561	Geschof .	fchelach
bsb11762465	561	Geschrey .	dieakah
bsb11762465	561	Geschrey .	tleakah
bsb11762465	561	Geschrey .	fchaffeah
bsb11762465	561	Geschrey .	rinnah
bsb11762465	561	Geschrey .	teuachah
bsb11762465	561	Geschrey .	neakah
bsb11762465	561	Geschrey .	hamon
bsb11762465	561	Geschwer )	fchechin
bsb11762465	561	Geschwer )	buah
bsb11762465	561	Geschwulst .	Tumor
bsb11762465	561	Geschwulst .	chabhurah
bsb11762465	561	Gesellen .	chaberim
bsb11762465	561	Gesellen .	reim
bsb11762465	561	Gesellen .	amithim
bsb11762465	562	Gesek .	torah
bsb11762465	562	Gesek .	chok
bsb11762465	562	Gesek .	darh
bsb11762465	562	Gesek .	táam
bsb11762465	563	10. Gebot Gottes .	aféreth
bsb11762465	563	10. Gebot Gottes .	aféreth
bsb11762465	564	Gefotten .	mebhyſchſchal
bsb11762465	564	Gefotten .	eryttach
bsb11762465	564	Gespalten .	fchafua
bsb11762465	565	Cic . Ludibrium Gefpött , ludificatio .	celes
bsb11762465	565	Cic . Ludibrium Gefpött , ludificatio .	tſechok
bsb11762465	565	Gestalt .	furah
bsb11762465	565	Gestalt .	temunah
bsb11762465	566	Geftalten .	tarafar
bsb11762465	566	Gestaltung .	nathan
bsb11762465	566	Gestaltung .	hinniach
bsb11762465	566	Gestümmelt .	caruth
bsb11762465	567	Ge	mekytitats
bsb11762465	567	Ge	garua
bsb11762465	567	Gestorben .	ulo
bsb11762465	568	Gestrafft werden .	neenafchiffar
bsb11762465	568	Gefundt .	bari
bsb11762465	569	Gesund machen .	gahah
bsb11762465	570	Korn .	Kamah
bsb11762465	570	Korn .	tebuah
bsb11762465	573	Ge	ereg
bsb11762465	573	Ge	maffe
bsb11762465	573	Gewelbe .	cicpah
bsb11762465	573	Ge	miſchkal
bsb11762465	573	Ge	bad
bsb11762465	573	Gewinn .	betfa
bsb11762465	573	Gewinn .	weleth
bsb11762465	573	Gewinnen .	batfa
bsb11762465	574	Gewißlich .	beemeth
bsb11762465	574	Gewißlich zusagen .	affirma-
bsb11762465	574	Gewißlich zusagen .	fancte
bsb11762465	575	Gewürk .	bofem
bsb11762465	575	Gewürk .	fammim
bsb11762465	575	Gieffen .	fchaphach
bsb11762465	575	Gieffen .	afchad
bsb11762465	576	Gieffah .	arelah
bsb11762465	577	Glank / Schein .	dohar
bsb11762465	577	Glank / Schein .	tehillah
bsb11762465	577	Glank / Schein .	fciachar
bsb11762465	577	Glank / Schein .	neharach
bsb11762465	577	Glank / Schein .	thach
bsb11762465	577	Glank / Schein .	bahtr
bsb11762465	577	Glaß .	dtechuchith
bsb11762465	577	Glat .	chalak
bsb11762465	578	Glaube .	emunah
bsb11762465	580	Glaubig .	maamin
bsb11762465	580	Gleich .	domeh
bsb11762465	581	Gleichen .	dimmah
bsb11762465	581	Gleichen .	him
bsb11762465	582	Gl	lebechad
bsb11762465	582	Gl	lebechad
bsb11762465	583	Gleichniß .	dimi
bsb11762465	583	Gleichniß .	demuth
bsb11762465	583	Gleißner .	chaneph
bsb11762465	583	Gleißnerey .	honeyh
bsb11762465	583	Gleißnerey .	chanupha
bsb11762465	583	Gleißnerey .	chanupha
bsb11762465	584	ان	rathah
bsb11762465	584	ان	abah
bsb11762465	584	Glied .	rim
bsb11762465	589	Glocklein .	paamon
bsb11762465	589	Gnedig .	foleach
bsb11762465	589	Gockeler .	mecaſchſcheph
bsb11762465	589	Gockeley .	caſchaph
bsb11762465	599	Göke .	baal
bsb11762465	599	Göke .	lil
bsb11762465	599	Göke .	atfabbim
bsb11762465	599	Göke .	emim
bsb11762465	599	Göke .	emim
bsb11762465	599	Göke .	gillulim
bsb11762465	599	Göke .	miphletseth
bsb11762465	599	Gott .	clohim
bsb11762465	603	Gott Vatter .	clo
bsb11762465	604	Gottes Sohn .	ben
bsb11762465	604	Gottes Sohn .	ben
bsb11762465	604	Gottes Sohn .	ietua
bsb11762465	604	Gottes Sohn .	ietua
bsb11762465	608	Go	ruach
bsb11762465	608	Go	ruach
bsb11762465	619	ge Schrifft .	torath
bsb11762465	619	ge Schrifft .	torath
bsb11762465	620	oder ein Christ .	iere
bsb11762465	620	oder ein Christ .	iere
bsb11762465	620	oder ein Christ .	Kadoch
bsb11762465	620	oder ein Christ .	chaid
bsb11762465	625	hauffe .	rafcha
bsb11762465	625	Gottlosigkeit .	refcha
bsb11762465	626	Gold .	dahab
bsb11762465	626	Gold .	dahab
bsb11762465	626	Gold .	beter
bsb11762465	626	Gold .	pads
bsb11762465	626	Gold .	fegor
bsb11762465	626	Gold .	madhebhah
bsb11762465	628	Grabe / Grube .	fchocba
bsb11762465	628	Grabe / Grube .	pachath
bsb11762465	628	Grabe / Grube .	gumas
bsb11762465	628	Grabe / Grube .	chillah
bsb11762465	628	Grabe / Grube .	mahamorah
bsb11762465	628	Grabe / Grube .	peroth
bsb11762465	628	Graben .	chaphar
bsb11762465	628	Graben .	cara
bsb11762465	628	Graben .	chathaichakak
bsb11762465	628	Graben .	chathaichakak
bsb11762465	628	Graben .	adar
bsb11762465	628	Graben .	Græ
bsb11762465	628	Ausgraben .	charath
bsb11762465	628	Ausgraben .	Kala
bsb11762465	628	Ausgraben .	chakak
bsb11762465	628	Ausgraben .	patach
bsb11762465	630	Grawe oder weisse .	albedo
bsb11762465	630	Grawe oder weisse .	febhah
bsb11762465	630	Graß .	defche
bsb11762465	631	Grawsamkeit .	achdariiuth
bsb11762465	632	Gr	fchakats
bsb11762465	632	Gr	gaal
bsb11762465	632	Gr	tabhaats
bsb11762465	632	Igneis oculis .	naga
bsb11762465	632	Igneis oculis .	Græc
bsb11762465	632	Grempelmarckt .	gebhul
bsb11762465	632	Grempelmarckt .	galil
bsb11762465	632	Grempelmarckt .	iadaim
bsb11762465	632	Grempelmarckt .	michpetaiim
bsb11762465	632	Grempelmarckt .	tarim
bsb11762465	632	Grempelmarckt .	taaphad
bsb11762465	633	Gr	tobhah
bsb11762465	633	Gr	goal
bsb11762465	633	Griechisch reden .	dibber
bsb11762465	633	Griechisch reden .	dibber
bsb11762465	633	Grieffel .	chereth
bsb11762465	634	Grimmigkeit .	achsderiiuth
bsb11762465	634	Grünmig sein .	charak
bsb11762465	634	Grindel / Riegel .	mot
bsb11762465	634	Grindel / Riegel .	bad
bsb11762465	634	Grindel / Riegel .	bariach
bsb11762465	635	Grösse .	godel
bsb11762465	635	Grösse .	gedyllah
bsb11762465	635	Gros .	gadol
bsb11762465	635	Gros .	rabh
bsb11762465	636	Gros achten .	hokir
bsb11762465	636	Gros arbeit .	amalgadol
bsb11762465	636	Gros arbeit .	amalgadol
bsb11762465	637	Groffer werden .	rabhah
bsb11762465	637	Groffer werden .	fagah
bsb11762465	637	Groffer werden .	potch
bsb11762465	637	Groffer werden .	rabhah
bsb11762465	637	Groffer werden .	parts
bsb11762465	637	Groffer werden .	parts
bsb11762465	637	Groffer werden .	athar
bsb11762465	637	Groffer werden .	dagah
bsb11762465	637	Groffer werden .	camah
bsb11762465	637	Groffer werden .	cabhad
bsb11762465	637	Groffer werden .	cabhar
bsb11762465	639	Gr	kar
bsb11762465	641	Grofmutig .	ifchchail
bsb11762465	641	Grofmutig .	gibbor
bsb11762465	641	Grofmutig .	abbir
bsb11762465	641	Grofmutig .	ads
bsb11762465	641	Grofmutig .	addir
bsb11762465	641	Grofmutig .	chan
bsb11762465	641	Grofmutig .	cabbir
bsb11762465	641	Grosmitigkeit .	gebhura
bsb11762465	641	Grosmitigkeit .	gebhura
bsb11762465	643	Farbe .	iarok
bsb11762465	643	Grube .	gumats
bsb11762465	643	Grube .	chath
bsb11762465	644	wilden Thier .	chabho
bsb11762465	644	wilden Thier .	chabho
bsb11762465	644	Grund legen .	fchath
bsb11762465	644	Grund legen .	march
bsb11762465	644	Grund legen .	chadfon
bsb11762465	645	Gürtel .	edfor
bsb11762465	645	Gürtel .	chagorah
bsb11762465	645	Gürtel .	medfach
bsb11762465	645	Gütig	tobh
bsb11762465	645	Gütig	channun
bsb11762465	647	Gut .	traddik
bsb11762465	648	Guter ding / frolich .	fchem
bsb11762465	648	Guter ding / frolich .	fchem
bsb11762465	649	Habe / Gut .	rcchurch
bsb11762465	649	Habe / Gut .	ickum
bsb11762465	649	Habe / Gut .	Kebhodah
bsb11762465	649	Habe / Gut .	hamon
bsb11762465	649	Habe / Gut .	nechafim
bsb11762465	649	Habe / Gut .	ſchua
bsb11762465	650	Haben .	baal
bsb11762465	650	Haben .	achads
bsb11762465	650	Ha	ribh
bsb11762465	650	Ha	madon
bsb11762465	650	Ha	matitia
bsb11762465	650	Hadern .	robh
bsb11762465	650	Hadern .	don
bsb11762465	650	Hadern .	natah
bsb11762465	650	Hadern .	garah
bsb11762465	651	Hagel .	barad
bsb11762465	651	Hagel .	chanamal
bsb11762465	651	Hagel .	elgabiſeſch
bsb11762465	652	Halb .	chati
bsb11762465	652	Halb jhar .	chatfi
bsb11762465	652	Halb jhar .	chatfi
bsb11762465	652	Halß .	faffar
bsb11762465	652	Halß .	gargar
bsb11762465	652	Halfbandt .	edfem
bsb11762465	652	Halfbandt .	agil
bsb11762465	652	Halfbandt .	bid
bsb11762465	653	Halfstarrig .	Kefcheh
bsb11762465	653	Halfstarrig .	Kefcheh
bsb11762465	653	Halten .	chadfak
bsb11762465	653	Item :	cha
bsb11762465	654	Hammer .	makkebheth
bsb11762465	654	Hammer .	patisch
bsb11762465	654	Hammer .	balmuth
bsb11762465	654	Hammerschlag .	fig
bsb11762465	654	Handt .	iad
bsb11762465	654	Handt .	caph
bsb11762465	655	Handbecken .	Kephorim
bsb11762465	655	Handbecken .	aggo
bsb11762465	655	Handbüschel .	agiddah
bsb11762465	655	Handbüschel .	alym
bsb11762465	655	Handel .	maarabhidsbon
bsb11762465	655	Handel .	Kenaah
bsb11762465	655	Handtgeben .	nathan
bsb11762465	655	Handtgeben .	nathan
bsb11762465	655	Handhaben .	fchamar
bsb11762465	655	Handhaben .	natfar
bsb11762465	655	Handhaben .	atfar
bsb11762465	655	Handhaben .	nititabh
bsb11762465	655	Handhaben .	iad
bsb11762465	655	Handhaben .	iad
bsb11762465	656	Handthieren .	Lachal
bsb11762465	656	Ha	focher
bsb11762465	656	Ha	rochel
bsb11762465	656	Ha	kenaan
bsb11762465	656	Handthierung .	arre-
bsb11762465	656	Handthierung .	maaabhidson
bsb11762465	656	Handtwerck .	melachah
bsb11762465	657	Ha	uman
bsb11762465	657	Ha	metaltel
bsb11762465	657	Ha	meſchotet
bsb11762465	657	Haar .	fear
bsb11762465	657	Haar .	neder
bsb11762465	657	Haar .	tlamma
bsb11762465	657	Haar .	Græc
bsb11762465	658	Harffe .	cinnor
bsb11762465	659	Haarig .	fair
bsb11762465	659	Haarig .	tits
bsb11762465	659	Haarig .	Kotah
bsb11762465	659	Harren / warten .	Kiffah
bsb11762465	659	Harren / warten .	iachal
bsb11762465	659	Harren / warten .	acharlox
bsb11762465	659	Hartneckig .	Keſche
bsb11762465	659	Hartneckig .	Keſche
bsb11762465	659	Hafe .	arnébheth
bsb11762465	660	Haselstaude .	uds
bsb11762465	660	Ha	ebhah
bsb11762465	660	Ha	finah
bsb11762465	660	Ha	matamah
bsb11762465	660	Ha	fitnah
bsb11762465	661	Ha	mitinepheth
bsb11762465	661	Hauff .	tel
bsb11762465	661	Hauff .	netfibh
bsb11762465	661	hauffen bringen .	kabhatsaap
bsb11762465	661	hauffen bringen .	canas
bsb11762465	661	hauffen bringen .	tabhar
bsb11762465	661	hauffen bringen .	cahal
bsb11762465	661	hauffen bringen .	agar
bsb11762465	661	hauffen bringen .	gor
bsb11762465	661	hauffen bringen .	cauahatlar
bsb11762465	661	hauffen bringen .	canaph
bsb11762465	661	hauffen bringen .	calat
bsb11762465	662	verbrennen .	medu
bsb11762465	662	Hauff Volcks .	yam
bsb11762465	662	Hauff Volcks .	goi
bsb11762465	662	Hauff Volcks .	leom
bsb11762465	662	Hauff Volcks .	edah
bsb11762465	662	Hauff Volcks .	cabal
bsb11762465	662	Hauff Volcks .	hamon
bsb11762465	662	Hauff Volcks .	chebher
bsb11762465	662	Haupt .	gylgo
bsb11762465	662	Hauptküssen .	meraafchoth
bsb11762465	663	Ha	rofch
bsb11762465	663	Ha	alluph
bsb11762465	663	Ha	-cat
bsb11762465	663	Ha	far
bsb11762465	663	Ha	far
bsb11762465	663	Ha	pecha
bsb11762465	663	Ha	natfish
bsb11762465	663	Ha	chobeſch
bsb11762465	663	Ha	pakidum
bsb11762465	663	Hauptstadt .	birah
bsb11762465	663	Hauß	baith
bsb11762465	663	Hauß	maon
bsb11762465	663	Hauß	hechal
bsb11762465	663	Hauß	michean
bsb11762465	663	Hauß	tirah
bsb11762465	663	Ha	iſchſcah
bsb11762465	663	Haußgesind .	mitchpachah
bsb11762465	663	Haußgesind .	baith
bsb11762465	664	Hauhvatter .	baal
bsb11762465	664	Hauhvatter .	baal
bsb11762465	664	gereth .	celim
bsb11762465	664	gereth .	rechurch
bsb11762465	664	gereth .	kinian
bsb11762465	664	Hawen .	carath
bsb11762465	664	Hawen .	gadar
bsb11762465	664	Hebamm .	omereth
bsb11762465	665	He	nafa
bsb11762465	665	He	herim
bsb11762465	665	He	natal
bsb11762465	665	He	dakaphalalgabha
bsb11762465	665	Heer / Kriegesheer .	turba
bsb11762465	665	Heer / Kriegesheer .	chail
bsb11762465	665	Heer / Kriegesheer .	machanch
bsb11762465	665	Hefen .	chemarim
bsb11762465	665	Hefen .	chemarim
bsb11762465	665	Hefft .	nitfabh
bsb11762465	666	Hefften .	afar
bsb11762465	666	Hefften .	anad
bsb11762465	666	Hefften .	akad
bsb11762465	666	Hefftig .	Kafche
bsb11762465	667	Heil .	ieſchuah
bsb11762465	667	Heilen .	rapha
bsb11762465	667	Heilen .	chiiah
bsb11762465	667	Heilig .	Kadoſch
bsb11762465	667	Heiligen .	hikdifch
bsb11762465	667	Heiligkeit .	kodefch
bsb11762465	668	Heilsam .	moſchia
bsb11762465	668	Heimlich .	niftar
bsb11762465	668	Heimlich .	ttabhun
bsb11762465	668	Heimlich .	neelam
bsb11762465	668	Heimlich .	tamun
bsb11762465	668	Heimlich .	cafui
bsb11762465	668	Aduerbialiter .	becherch
bsb11762465	668	Aduerbialiter .	ballat
bsb11762465	668	Heimlich gemach .	beth
bsb11762465	668	Heimlich gemach .	beth
bsb11762465	668	ben / anzeigen .	adam
bsb11762465	668	ben / anzeigen .	millel
bsb11762465	669	Heischen / fordern .	baah
bsb11762465	669	Heiffen / Befehlen .	fifa
bsb11762465	669	Heissung .	mitfuah
bsb11762465	669	Mann .	gibor
bsb11762465	669	Mann .	addir
bsb11762465	669	Mann .	gadol
bsb11762465	669	Helden / Fußband .	nechyſchtaiim
bsb11762465	669	Helden / Fußband .	mahpacheth
bsb11762465	670	Hell / Klar .	tachtahor
bsb11762465	670	He	cheol
bsb11762465	678	Helle / Klarheit .	nitor
bsb11762465	678	Helle / Klarheit .	barak
bsb11762465	678	Helle / Klarheit .	lahabh
bsb11762465	678	Helle / Klarheit .	lahath
bsb11762465	678	Helle / Klarheit .	ebchah
bsb11762465	678	Helle / Klarheit .	nochah
bsb11762465	678	Helle / Klarheit .	tehillah
bsb11762465	678	Helle / Klarheit .	dahar
bsb11762465	679	Helm .	migbaah
bsb11762465	679	Helm .	peer
bsb11762465	679	Helm .	koba
bsb11762465	679	Helm .	coba
bsb11762465	679	PORTICE .	talah
bsb11762465	679	PORTICE .	hokia
bsb11762465	680	Herbst .	batfir
bsb11762465	681	De	tichri
bsb11762465	681	fproffen .	parah
bsb11762465	681	Herfür quellen .	Græc
bsb11762465	681	Herrin / Fraw .	geberet
bsb11762465	681	Herrin / Fraw .	gebhirah
bsb11762465	681	Herrin / Fraw .	farah
bsb11762465	681	Herr .	don
bsb11762465	681	Herr .	baal
bsb11762465	681	Herr .	gebhir
bsb11762465	681	Herr .	rabh
bsb11762465	682	He	cabbir
bsb11762465	682	He	cabbir
bsb11762465	683	Herrschafft .	mamchalah
bsb11762465	683	Herrschafft .	fchilton
bsb11762465	683	Herrschafft .	gedyllah
bsb11762465	683	Herrschafft .	gebhurah
bsb11762465	683	Herrschafft .	fchebet
bsb11762465	683	Herrschafft .	bal
bsb11762465	683	He	alach
bsb11762465	683	He	chalat
bsb11762465	683	He	cihen
bsb11762465	683	Hart .	kaſcheh
bsb11762465	684	Hert / Fewerftett .	ach
bsb11762465	684	Hert / Fewerftett .	cur
bsb11762465	684	He	kochi
bsb11762465	684	Herunter werffen .	rim
bsb11762465	684	Herunter werffen .	horid
bsb11762465	684	Herunter werffen .	hippal
bsb11762465	684	Herk .	lebha
bsb11762465	685	Herkog .	nagid
bsb11762465	685	Herkog .	katfin
bsb11762465	685	Herzu kommen .	karabh
bsb11762465	686	Trawren .	helil
bsb11762465	686	Trawren .	iibbeba
bsb11762465	686	Trawren .	bachah
bsb11762465	686	Trawren .	abhal
bsb11762465	686	Trawren .	faphad
bsb11762465	686	Trawren .	habh
bsb11762465	687	Heulung .	ielalah
bsb11762465	687	Heulung .	miped
bsb11762465	687	Heulung .	miped
bsb11762465	687	Heilen .	rapha
bsb11762465	687	Heilen .	dfor
bsb11762465	687	Heilen .	gahah
bsb11762465	687	Heilen .	chiiah
bsb11762465	688	Heyrathen / Freyen .	chathan
bsb11762465	688	Heyrath gut .	mohar
bsb11762465	688	Hew .	bhchair
bsb11762465	688	Hew .	defche
bsb11762465	688	Hewr .	bafchichanah
bsb11762465	688	Hewr .	bafchichanah
bsb11762465	689	De	are
bsb11762465	689	De	chagab
bsb11762465	689	De	ielek
bsb11762465	689	De	chafil
bsb11762465	689	Here / Zeuberin .	mechafchephah
bsb11762465	690	Hütte .	ficcah
bsb11762465	690	Hütte .	melunah
bsb11762465	690	Himmel .	chamaiim
bsb11762465	690	Himmel .	checha
bsb11762465	690	Himmel .	arabhoth
bsb11762465	690	Himmel .	rakia
bsb11762465	693	Hincken .	pafcha
bsb11762465	693	Hinckender .	piffeach
bsb11762465	693	Hinckender .	nacher
bsb11762465	693	Hinckender .	tolea
bsb11762465	693	Hinde .	ieleth
bsb11762465	694	Hinder .	tabbar
bsb11762465	694	rey .	ereb
bsb11762465	694	rey .	tere
bsb11762465	694	ftellen .	rab
bsb11762465	694	ftellen .	tadah
bsb11762465	694	ftellen .	akabh
bsb11762465	695	Hindern .	ccb
bsb11762465	695	Hindern .	kkeb
bsb11762465	695	Hindern .	char
bsb11762465	695	Hindersich .	achor
bsb11762465	695	Hinfürder .	meattah
bsb11762465	696	hi	holiph
bsb11762465	696	Hinzusehung .	oſebheth
bsb11762465	696	Hirn .	moach
bsb11762465	696	Hirsch .	atial
bsb11762465	698	Hike .	chum
bsb11762465	699	Hikig seyn .	usexuri
bsb11762465	699	Hikig seyn .	chamam
bsb11762465	699	Hikig seyn .	ratach
bsb11762465	699	Hobelen .	palal
bsb11762465	699	Hobelen .	laph
bsb11762465	699	Hoch .	gab
bsb11762465	699	Hochfart .	gaon
bsb11762465	699	Hochfart .	diadon
bsb11762465	699	Hochfart .	diadon
bsb11762465	699	Hochfart .	ahabh
bsb11762465	699	Hochfart .	ahabh
bsb11762465	700	Hochfertig .	gech
bsb11762465	700	Hochfertig .	dfed
bsb11762465	702	Ho	lamed
bsb11762465	702	Ho	limud
bsb11762465	703	Hochheit .	iestas
bsb11762465	703	Hochheit .	ramuth
bsb11762465	703	Hochheit .	Græc
bsb11762465	703	Infigniter probare .	hillel
bsb11762465	703	Infigniter probare .	peer
bsb11762465	703	Infigniter probare .	hodah
bsb11762465	704	Hochwirdig .	nichbad
bsb11762465	704	Hochwirdig .	euphanim
bsb11762465	704	Hochwirdig .	euphanim
bsb11762465	704	Hochzeit .	chattinnah
bsb11762465	704	Hochzeit gesang .	hillulim
bsb11762465	705	peler .	efchech
bsb11762465	705	peler .	mebufchim
bsb11762465	705	peler .	pechadim
bsb11762465	706	Hole .	mearah
bsb11762465	706	Hole .	minharoth
bsb11762465	706	Hören .	chama
bsb11762465	706	Hören .	hedin
bsb11762465	707	Hoff .	chatser
bsb11762465	707	Hoff .	adfarah
bsb11762465	707	Item Fürstenhoff .	bethhammelech
bsb11762465	708	Hoffertig .	Græc
bsb11762465	708	Hoffnung .	betech
bsb11762465	708	Hoffnung .	bitcha
bsb11762465	708	Hoffnung .	achach
bsb11762465	708	Hoffnung .	achach
bsb11762465	709	hoffen .	batach
bsb11762465	709	Ho	hiphtiach
bsb11762465	710	Holen / Herfordern .	Kara
bsb11762465	710	Holen / Herfordern .	hikribh
bsb11762465	710	Holk .	yets
bsb11762465	711	Ho	bikka
bsb11762465	711	Ho	bikka
bsb11762465	711	Ho	haetfim
bsb11762465	711	Ho	cha
bsb11762465	711	Ho	cha
bsb11762465	711	Honigfeim .	tsuph
bsb11762465	711	Honigfeim .	Grec
bsb11762465	711	Honigfeim .	Grec
bsb11762465	712	Horn .	keren
bsb11762465	712	blefet .	fchophar
bsb11762465	712	Horlik .	tirah
bsb11762465	713	Hubsch / Schön .	tobh
bsb11762465	713	Hubsch / Schön .	tobh
bsb11762465	713	Hubsch / Schön .	iapheh
bsb11762465	713	Hügel / Rein .	gebha
bsb11762465	713	Hügel / Rein .	gibhah
bsb11762465	714	Hüle .	mearah
bsb11762465	714	Hüle .	minharah
bsb11762465	715	Hülffe .	eder
bsb11762465	715	Hund .	keleph
bsb11762465	717	Hüner / Küchlin .	chrochim
bsb11762465	717	Hüner / Küchlin .	godtalim
bsb11762465	717	nerforb .	Klubh
bsb11762465	717	Hüter .	fchomer
bsb11762465	717	Hüter .	notfer
bsb11762465	718	Huff .	par
bsb11762465	718	Hüfft .	ierech
bsb11762465	741	Jeger / Weidman .	thai
bsb11762465	742	Jemand .	ifch
bsb11762465	742	Jenner .	ſchebhet
bsb11762465	742	Igel .	kip
bsb11762465	742	Il ) Egel	alkal
bsb11762465	743	Imme / Biene .	debhorah
bsb11762465	745	Im	adath
bsb11762465	745	Im	adath
bsb11762465	747	२३ nen tagen .	binurim
bsb11762465	747	In der jrre gehen .	taah
bsb11762465	747	In der jrre gehen .	taah
bsb11762465	747	kommen .	naphalbammilchamah
bsb11762465	747	kommen .	naphalbammilchamah
bsb11762465	748	genwertng .	liphne
bsb11762465	748	genwertng .	beene
bsb11762465	751	In	fam
bsb11762465	751	In	fam
bsb11762465	751	In	fam
bsb11762465	751	In	fam
bsb11762465	751	Jus Haus gehen .	bebatith
bsb11762465	752	faffen .	catabh
bsb11762465	755	Joch .	nir
bsb11762465	755	Joch .	motah
bsb11762465	755	Irdin geschir .	keli
bsb11762465	755	Irdin geschir .	keli
bsb11762465	755	Irgends anstoffen .	pik
bsb11762465	755	Frren .	taah
bsb11762465	755	Frren .	thaah
bsb11762465	756	Irrende	toch
bsb11762465	756	Irrende	ſchogeg
bsb11762465	756	Irrig .	mauanad
bsb11762465	756	Irrthumb .	fchegagah
bsb11762465	756	Irrthumb .	tauth
bsb11762465	756	Jüde .	ichudi
bsb11762465	756	Jüde .	bhri
bsb11762465	757	Jüden .	ichudim
bsb11762465	757	Jüden .	ichudah
bsb11762465	757	Jüdenleim .	copher
bsb11762465	757	Jüdisch .	ichudi
bsb11762465	757	Judisch lande .	crets
bsb11762465	757	Judisch lande .	crets
bsb11762465	757	Judisch lande .	Cenaan
bsb11762465	757	Jugende .	neurim
bsb11762465	757	Jugende .	amuth
bsb11762465	758	Jungfrauw .	bethulah
bsb11762465	758	Jungfrauw .	naarah
bsb11762465	758	Jungfrauw .	ialdah
bsb11762465	758	Jungfrauw .	racham
bsb11762465	760	Ju	ſchagal
bsb11762465	760	Jungfrawschafft .	bethulim
bsb11762465	761	Jüngling .	lem
bsb11762465	761	Jüngling .	aar
bsb11762465	761	Jüngling .	aar
bsb11762465	761	Jüngling .	bachur
bsb11762465	762	Thieres .	ben
bsb11762465	762	Thieres .	ben
bsb11762465	762	Thieres .	ephrocha
bsb11762465	762	Junge Kuh .	parah
bsb11762465	763	Ju	par
bsb11762465	763	Jüngster Tag .	iom
bsb11762465	763	Jüngster Tag .	iom
bsb11762465	763	Kal .	kreach
bsb11762465	763	Kalb .	egel
bsb11762465	763	Kalb .	ben
bsb11762465	763	Kalb .	ben
bsb11762465	764	Kalheit / Kalkopff .	rchah
bsb11762465	764	Kalheit / Kalkopff .	rchah
bsb11762465	764	Kalheit / Kalkopff .	chabbatchath
bsb11762465	764	Kal machen .	marat
bsb11762465	764	Kal machen .	karach
bsb11762465	764	Kal machen .	galafch
bsb11762465	764	Kalt .	Gallic
bsb11762465	764	Kalt seyn .	karar
bsb11762465	764	1 Vogels .	atarah
bsb11762465	765	Ka	mil
bsb11762465	765	Ka	Græc
bsb11762465	765	Kamin .	tannur
bsb11762465	765	Kamin .	cib
bsb11762465	765	Kamin .	ach
bsb11762465	765	Kamin .	cur
bsb11762465	766	Karst .	kil
bsb11762465	766	Karst .	maader
bsb11762465	766	Kaftanie .	armon
bsb11762465	767	Kafteyen .	tom
bsb11762465	767	Kafteyen .	innah
bsb11762465	767	Kafteyen .	innah
bsb11762465	767	Kafteyung .	tom
bsb11762465	767	Kafteyung .	taanith
bsb11762465	767	Kauchen / Blasen .	naphach
bsb11762465	767	Kauchen / Blasen .	natchaph
bsb11762465	767	Kauchen / Blasen .	nafchab
bsb11762465	767	Kauchen / Blasen .	poach
bsb11762465	767	Kauff .	fechorah
bsb11762465	767	Kauff .	rechyllah
bsb11762465	767	Kauff .	maarabh
bsb11762465	767	Kauffen .	konnah
bsb11762465	767	Ka	lakach
bsb11762465	767	Ka	lakach
bsb11762465	767	Kauffman .	focher
bsb11762465	767	Kauffman .	Grec
bsb11762465	768	Kef .	gebhinah
bsb11762465	768	Kef .	gebhinah
bsb11762465	768	Kef .	charits
bsb11762465	768	Kef .	fchephod
bsb11762465	769	Keyser .	melech
bsb11762465	769	Kele / Gurgel .	uttur
bsb11762465	770	Kelte .	Kor
bsb11762465	770	Kelte .	tinnah
bsb11762465	770	Kelte .	Kerah
bsb11762465	770	Ke	aluus
bsb11762465	770	Ke	purah
bsb11762465	771	Kempffen / streiten .	micare
bsb11762465	771	Kempffen / streiten .	nilcham
bsb11762465	771	Keren .	bed
bsb11762465	771	Keren .	teta
bsb11762465	771	Keren .	aah
bsb11762465	771	Keren .	fachab
bsb11762465	772	Ke	kele
bsb11762465	772	Ke	fohar
bsb11762465	772	Ke	bor
bsb11762465	772	Ke	baith
bsb11762465	772	Ke	fur
bsb11762465	772	Ke	afger
bsb11762465	772	Ke	mahpecheth
bsb11762465	772	Kerke / Fackel .	lappid
bsb11762465	772	Kerke / Fackel .	ner
bsb11762465	772	Kerke / Fackel .	menorah
bsb11762465	772	Keffel .	fir
bsb11762465	772	Keffel .	Kedirah
bsb11762465	772	Keffel .	dud
bsb11762465	772	Keffel .	-Kalla
bsb11762465	772	Ketten .	rattok
bsb11762465	772	Ketten .	keb
bsb11762465	772	Ketten .	diikkim
bsb11762465	772	Ketten .	-ne
bsb11762465	773	Ke	chachim
bsb11762465	773	Ke	fcharſcheroth
bsb11762465	773	Ke	naki
bsb11762465	773	Ke	kadoch
bsb11762465	773	Keuschheit .	nik
bsb11762465	773	Keuschheit .	kodefch
bsb11762465	773	braut .	fearah
bsb11762465	773	braut .	fuphah
bsb11762465	774	Ketch .	cos
bsb11762465	774	Ketch .	gabia
bsb11762465	774	Kihn .	diakan
bsb11762465	775	Kinder .	banim
bsb11762465	775	Kinder .	gelaagit
bsb11762465	775	Kinder .	feridim
bsb11762465	775	Kinder .	teetfaim
bsb11762465	775	Kinder .	eled
bsb11762465	775	Kinder .	robh
bsb11762465	775	Kinder .	robh
bsb11762465	775	Kinder .	taph
bsb11762465	775	Kinder .	pirchath
bsb11762465	775	Kinder .	ionek
bsb11762465	776	Kindheit .	iankuth
bsb11762465	777	Kirche .	beth
bsb11762465	777	chenordnung .	chykkim
bsb11762465	777	Kirchherr .	cumar
bsb11762465	777	Kirchweihe .	chanyccа
bsb11762465	778	ftein .	challa
bsb11762465	778	ftein .	challa
bsb11762465	778	Kift / Kaft / Truhe .	tebhah
bsb11762465	778	Kift / Kaft / Truhe .	aron
bsb11762465	778	Kift / Kaft / Truhe .	rgads
bsb11762465	779	Item .	miped
bsb11762465	779	Item .	kinah
bsb11762465	779	Item .	chini
bsb11762465	779	Item .	ielalah
bsb11762465	779	Item .	alah
bsb11762465	779	Item .	bachah
bsb11762465	780	Klang .	teruah
bsb11762465	781	Klar .	tahor
bsb11762465	781	Klar .	bahir
bsb11762465	781	Klarheit .	techiach
bsb11762465	781	Kleid .	beged
bsb11762465	781	Kleid .	fimlah
bsb11762465	781	Kleid .	bermim
bsb11762465	782	Kleiden .	cafah
bsb11762465	782	Kleider anziehen .	labhaſch
bsb11762465	782	Kleider ausziehen .	pafchat
bsb11762465	782	Kleider ausziehen .	natal
bsb11762465	782	Kleider ausziehen .	ſchalal
bsb11762465	782	Ponere tunicam .	chilleph
bsb11762465	782	Ponere tunicam .	chilleph
bsb11762465	782	Klein .	katon
bsb11762465	782	Klein .	fair
bsb11762465	782	Klein .	deer
bsb11762465	783	Cuminum , cyn i sum .	pufilli
bsb11762465	783	Cuminum , cyn i sum .	rach
bsb11762465	784	Kleinmütig sein .	iatla
bsb11762465	784	Kleinmütig sein .	iatla
bsb11762465	784	Kleinmütig sein .	namas
bsb11762465	784	Kleinmütig sein .	namas
bsb11762465	784	Kl	teror
bsb11762465	784	Kl	chatſats
bsb11762465	784	Crepitaculum , ſyſtrum .	daphak
bsb11762465	784	Crepitaculum , ſyſtrum .	hekifch
bsb11762465	784	Klok .	gedfa
bsb11762465	785	Klug / Wikig .	chamabon
bsb11762465	785	Klug / Wikig .	mail
bsb11762465	785	Klug / Wikig .	ilbabh
bsb11762465	785	Klug / Wikig .	choch
bsb11762465	785	Klug / Wikig .	thebu
bsb11762465	785	Klug / Wikig .	afcel
bsb11762465	785	Klüglich .	bechochmah
bsb11762465	785	Klüglich .	bithbhunah
bsb11762465	785	Knabe .	naar
bsb11762465	785	Knabe .	ieled
bsb11762465	785	Knabe .	onek
bsb11762465	785	Knabe .	lel
bsb11762465	785	Knabe .	lel
bsb11762465	786	Knecht .	ebhed
bsb11762465	786	Knecht .	mefchareth
bsb11762465	786	Knecht .	naar
bsb11762465	786	Knetten .	lofch
bsb11762465	786	Knie .	berech
bsb11762465	786	Kniebogen .	cara
bsb11762465	787	Knoche / Bein .	tem
bsb11762465	787	Knopff / Knotte .	odus
bsb11762465	787	Knopff / Knotte .	kéter
bsb11762465	787	Knüttel .	fchot
bsb11762465	787	Koch .	tabbach
bsb11762465	787	Koch .	mebachchel
bsb11762465	787	Kochen .	iarak
bsb11762465	788	Köcher .	acha
bsb11762465	788	Kol .	gacheleth
bsb11762465	788	Kol .	pecham
bsb11762465	788	Kol .	refcheph
bsb11762465	788	Kol .	fchechor
bsb11762465	788	Kol .	ritſpa
bsb11762465	788	Kol .	gecha
bsb11762465	789	Korb .	fal
bsb11762465	789	Korb .	tene
bsb11762465	789	Korb .	Keluh
bsb11762465	789	Korell / Krell .	ramoth
bsb11762465	789	Korn .	dagan
bsb11762465	789	Korn .	bar
bsb11762465	789	Korn .	achur
bsb11762465	789	Korn .	fchebher
bsb11762465	789	Korn .	bul
bsb11762465	789	Korn .	iebhul
bsb11762465	789	Korn .	tebuah
bsb11762465	790	Item .	gargar
bsb11762465	790	Item .	perudah
bsb11762465	791	Ko	theli
bsb11762465	791	Ko	afpah
bsb11762465	792	Kot / Dreck .	achpoth
bsb11762465	792	Kot / Dreck .	dome
bsb11762465	792	Kot / Dreck .	toa
bsb11762465	792	Kot / Dreck .	taphia
bsb11762465	792	Kot / Dreck .	peres
bsb11762465	792	Kot / Dreck .	fechi
bsb11762465	793	Krafft .	chole
bsb11762465	793	Krafft .	cha
bsb11762465	794	Kranch / Kranich .	fas
bsb11762465	794	Kranck .	choleh
bsb11762465	796	Kr	chalah
bsb11762465	797	Krank .	teretether
bsb11762465	798	Kraut .	iarak
bsb11762465	801	Krek / Reudigkeit .	gerabh
bsb11762465	801	Krek / Reudigkeit .	fchechin
bsb11762465	801	Krek / Reudigkeit .	nethek
bsb11762465	801	Krek / Reudigkeit .	charoſeth
bsb11762465	801	Krieg	milchamah
bsb11762465	801	Krieg	Kerah
bsb11762465	801	Krieg	fon
bsb11762465	803	Kr	nilcham
bsb11762465	803	Kriegsheer .	tabha
bsb11762465	803	Kriegsheer .	chail
bsb11762465	803	Kriegsheer .	chaneh
bsb11762465	804	Kriegsman .	parach
bsb11762465	806	Krug .	kether
bsb11762465	806	Krug .	ateret
bsb11762465	806	Krug .	thephirah
bsb11762465	807	Krum .	caphuph
bsb11762465	807	Krumme .	caph
bsb11762465	807	Krümmen .	caphaph
bsb11762465	807	Krümmen .	iffah
bsb11762465	807	Küchenmeister .	far
bsb11762465	807	Küchenmeister .	far
bsb11762465	807	Kuche / Labkuche .	challah
bsb11762465	807	Kuche / Labkuche .	diminu-
bsb11762465	807	Kuche / Labkuche .	tſelil
bsb11762465	808	Kugel .	cidor
bsb11762465	808	Angst .	tarah
bsb11762465	808	Angst .	keeb
bsb11762465	808	Angst .	etseb
bsb11762465	808	Angst .	chil
bsb11762465	808	Angst .	chebel
bsb11762465	808	Angst .	Græ
bsb11762465	808	Kün .	chatſaph
bsb11762465	808	Kunig .	melech
bsb11762465	809	Sik / Pallaft .	beth
bsb11762465	809	Ki	kether
bsb11762465	809	Ki	ata
bsb11762465	809	Künigs stuel .	ciffe
bsb11762465	809	Künigs stuel .	ciffe
bsb11762465	810	Kunst .	melachah
bsb11762465	810	Kunst .	chochmah
bsb11762465	810	Künstler .	charafch
bsb11762465	810	Kunstreich .	charuts
bsb11762465	810	Kunstreich .	choſchebh
bsb11762465	810	Kupffer .	nechoſcheth
bsb11762465	810	Kupfferschmidt .	cha
bsb11762465	810	Kupfferschmidt .	cha
bsb11762465	811	Kürbes .	kiſchſchu
bsb11762465	811	Kürbes .	kiſchſchu
bsb11762465	811	Kürbesbawm .	kikaion
bsb11762465	811	Kurkerede .	kotfer
bsb11762465	811	Kurkerede .	kotfer
bsb11762465	811	Kürklich	biktfarah
bsb11762465	812	Kuf .	nefchikah
bsb11762465	814	Kuh	para
bsb11762465	814	ber .	boker
bsb11762465	814	Laben / Ergehen .	faad
bsb11762465	814	Laben / Ergehen .	nippach
bsb11762465	814	Laben / Ergehen .	iruah
bsb11762465	814	Lachend .	tſechok
bsb11762465	815	Laden / fordern .	kara
bsb11762465	815	Låger .	machaneh
bsb11762465	815	Lager schlagen .	chanah
bsb11762465	815	Lager schlagen .	cha
bsb11762465	815	Lager schlagen .	naphal
bsb11762465	815	Lår / Ledig .	rek
bsb11762465	816	Lamb .	kesebh
bsb11762465	816	Lamb .	taleh
bsb11762465	816	Lampe / Kerke .	lappid
bsb11762465	817	Landt .	crets
bsb11762465	817	Landt .	-mc
bsb11762465	817	Landeſtraß .	magal
bsb11762465	817	Landeſtraß .	mefillah
bsb11762465	817	Landeſtraß .	dérech
bsb11762465	817	Landeſtraß .	dérech
bsb11762465	817	Lang .	aruch
bsb11762465	817	fo man abschneidet .	faar
bsb11762465	817	fo man abschneidet .	nedſer
bsb11762465	818	Lange leben .	herichiamim
bsb11762465	818	Lange leben .	herichiamim
bsb11762465	818	Langes Leben .	orechtamim
bsb11762465	818	Langes Leben .	orechtamim
bsb11762465	818	Langsam	ſpiſſus
bsb11762465	818	Langsam	meacher
bsb11762465	819	schlefferigkeit .	atslah
bsb11762465	819	schlefferigkeit .	atsluth
bsb11762465	819	Lang vom leib .	iſch
bsb11762465	819	Lang vom leib .	iſch
bsb11762465	820	Langstange .	romach
bsb11762465	820	Langstange .	chanith
bsb11762465	820	Langstange .	Græ
bsb11762465	820	Las mich gehen .	fchallecheni
bsb11762465	820	Laft / Bürde .	etel
bsb11762465	820	Laft / Bürde .	ahabh
bsb11762465	820	Laster . 1	nebhalah
bsb11762465	820	Laster . 1	cherphah
bsb11762465	820	Latcinisch reden .	dibber
bsb11762465	820	Latcinisch reden .	dibber
bsb11762465	821	Lateinisch sprach .	leſchon
bsb11762465	821	Lateinisch sprach .	leſchon
bsb11762465	821	Lauff .	merutſah
bsb11762465	822	Lauffen / Fliehen .	arak
bsb11762465	822	Lauffen / Fliehen .	barach
bsb11762465	822	Item , Lauffen .	har
bsb11762465	823	Lautter .	naki
bsb11762465	823	Lauterkeit .	tohar
bsb11762465	823	Lauterkeit .	nikkaion
bsb11762465	823	Lauterkeit .	dfach
bsb11762465	824	Leben .	chaiah
bsb11762465	824	Lcben .	chaiim
bsb11762465	826	Leber .	cab
bsb11762465	826	Le	rakik
bsb11762465	826	Le	vgah
bsb11762465	826	fchlagen .	baat
bsb11762465	826	Ledig .	chophichi
bsb11762465	826	Ledigen .	nafchal
bsb11762465	827	Item .	rik
bsb11762465	827	Item .	arah
bsb11762465	827	Item .	naphats
bsb11762465	827	Item .	bahah
bsb11762465	827	Leib ,	guphah
bsb11762465	827	Leib ,	golem
bsb11762465	827	Leib ,	pegeretem
bsb11762465	829	Leiden .	abhalala
bsb11762465	830	Leihen .	nafchah
bsb11762465	832	Leiten .	nahag
bsb11762465	832	Leiten .	nachah
bsb11762465	832	Leiten .	hal
bsb11762465	832	Leiten .	hal
bsb11762465	832	Leiter .	manhig
bsb11762465	832	Lende .	chalataim
bsb11762465	832	Lende .	mothanaiim
bsb11762465	834	Lehr .	rorah
bsb11762465	834	Lehr .	dath
bsb11762465	834	Lehr .	lekach
bsb11762465	834	Lehren .	horah
bsb11762465	834	Lehren .	limmed
bsb11762465	834	Lehren .	illeph
bsb11762465	834	Vnderweiser .	alluph
bsb11762465	834	Vnderweiser .	alaph
bsb11762465	834	Vnderweiser .	jarah
bsb11762465	835	Lesen / Durchlesen .	Græc
bsb11762465	836	efle	giddeph
bsb11762465	836	Lefterung .	cherpah
bsb11762465	836	Lefterung .	Kellalah
bsb11762465	836	Lefterung .	gidduphah
bsb11762465	837	Lesterer .	machareph
bsb11762465	837	Lesterer .	mekallel
bsb11762465	837	Lesterer .	megaddeph
bsb11762465	837	Letter .	fyllam
bsb11762465	837	Lekter .	acharon
bsb11762465	838	Leuchte / oder Kerke .	orner
bsb11762465	838	Leuchte / oder Kerke .	orner
bsb11762465	838	Leuchten .	nagah
bsb11762465	838	Leuchten .	halal
bsb11762465	838	Leuchten .	nahar
bsb11762465	838	Leuchten .	dahar
bsb11762465	838	Leuchten .	afchath
bsb11762465	838	Leuchter .	menurah
bsb11762465	838	Lcuffer / Poft .	rats
bsb11762465	838	Leugnen .	kichefch
bsb11762465	838	Liecht .	menurah
bsb11762465	839	Lider / Leder .	geled
bsb11762465	839	Lider / Leder .	geled
bsb11762465	839	Lideren Sack .	both
bsb11762465	839	Lideren Sack .	both
bsb11762465	839	Lieb .	ahubh
bsb11762465	839	Lieb .	iadid
bsb11762465	839	Liebe .	ahabbah
bsb11762465	839	Liebe .	medidathrachem
bsb11762465	839	Liebe .	dodim
bsb11762465	842	Li	ahabh
bsb11762465	842	Li	racham
bsb11762465	842	Li	chababb
bsb11762465	842	Li	gabh
bsb11762465	842	Liebhaber .	ohebh
bsb11762465	843	Liecht / helligkeit .	noga
bsb11762465	844	Liecht werden .	Græc
bsb11762465	844	Liedt .	chir
bsb11762465	844	Liedt .	dfemirah
bsb11762465	844	Liegen / dichten .	cadfabh
bsb11762465	844	Liegen / dichten .	cachach
bsb11762465	845	Lincke Handt .	femol
bsb11762465	846	List .	mirmab
bsb11762465	846	List .	thoch
bsb11762465	846	Liftig .	fera
bsb11762465	846	Liftigkeit .	arab
bsb11762465	846	Liftigkeit .	akbah
bsb11762465	846	Liftigkeit .	tachbulah
bsb11762465	846	Liftigkeit .	nechalim
bsb11762465	846	Liſtiglich .	bemirmah
bsb11762465	847	Lob .	tehillah
bsb11762465	847	Lob .	Græ
bsb11762465	847	Loben .	chibbach
bsb11762465	847	Loben .	hillel
bsb11762465	847	Loben .	peer
bsb11762465	847	Loben .	hodah
bsb11762465	848	men / etc .	chit
bsb11762465	848	men / etc .	dfimmer
bsb11762465	849	Loch .	nekik
bsb11762465	849	Loch .	murah
bsb11762465	849	Loch .	Græc
bsb11762465	849	Loch .	Græc
bsb11762465	849	Lösen .	patach
bsb11762465	849	Lösen .	chal
bsb11762465	849	Lösen .	chal
bsb11762465	850	lohn .	fachar
bsb11762465	850	lohn .	nedeh
bsb11762465	850	lohn .	ethnan
bsb11762465	850	lohn .	keph
bsb11762465	850	lohn .	charith
bsb11762465	850	Lohn geben .	nathan
bsb11762465	850	Lohn geben .	nathan
bsb11762465	851	Loß .	goral
bsb11762465	851	Loß .	hincholeſch
bsb11762465	851	fen .	hippil
bsb11762465	851	fen .	hippil
bsb11762465	852	Lowe .	arieh
bsb11762465	852	Lowe .	labhi
bsb11762465	852	Lowe .	fchachal
bsb11762465	852	Lowe .	cephir
bsb11762465	852	Lowe .	gur
bsb11762465	853	Lufft oder heuen .	chamaiim
bsb11762465	854	Lü	cadfabh
bsb11762465	854	Lü	Cachach
bsb11762465	854	Lü	maal
bsb11762465	854	Lü	maal
bsb11762465	854	Lü	baddim
bsb11762465	854	Lunge .	reah
bsb11762465	855	Luft / begierde .	chemdah
bsb11762465	855	Luftig .	aim
bsb11762465	855	Lüzel oder wenig .	mead
bsb11762465	855	Lüzel oder wenig .	deir
bsb11762465	855	Lüzel oder wenig .	midfar
bsb11762465	855	Lüzel oder wenig .	acbad
bsb11762465	855	Lüzel oder wenig .	schemes
bsb11762465	856	Machen .	afah
bsb11762465	856	Machen .	paal
bsb11762465	856	Macht / krafft .	coach
bsb11762465	856	Macht / krafft .	cial
bsb11762465	856	Macht / krafft .	chodek
bsb11762465	856	Macht / krafft .	keph
bsb11762465	856	Macht / krafft .	omets
bsb11762465	856	Macht / krafft .	otſem
bsb11762465	856	Macht / krafft .	gebhurah
bsb11762465	856	Mackel / Flecke .	dophi
bsb11762465	856	Mage .	kebhah
bsb11762465	857	Mager / Dürre .	dal
bsb11762465	857	Mager / Dürre .	choleh
bsb11762465	857	Magerheit .	dallah
bsb11762465	857	Magerheit .	liradon
bsb11762465	857	Magerheit .	liradon
bsb11762465	857	Magerheit .	madim
bsb11762465	857	Mager seyn .	cachach
bsb11762465	858	holderbeerenbawm .	rothem
bsb11762465	859	Mal / Brandtmal .	rofchem
bsb11762465	859	Mal / Brandtmal .	fiman
bsb11762465	859	Mal / Brandtmal .	taf
bsb11762465	859	Mal / Brandtmal .	oth
bsb11762465	859	Mal / Brandtmal .	fiion
bsb11762465	859	Mal / Gafterey .	mifchteh
bsb11762465	859	Malacey / Auffak .	taraath
bsb11762465	860	Mann / Ehemann .	isch
bsb11762465	860	Mann / Ehemann .	baal
bsb11762465	861	Mangel .	machfor
bsb11762465	861	Mangel .	machfor
bsb11762465	861	Mangelen .	chaar
bsb11762465	862	Mantel .	meil
bsb11762465	862	Mantel .	atch
bsb11762465	862	oder Holk .	moach
bsb11762465	863	Marmelstein .	chaiifch
bsb11762465	863	ckende Drutt .	innui
bsb11762465	863	ckende Drutt .	ffur
bsb11762465	863	Martern .	innah
bsb11762465	863	Martern .	iflar
bsb11762465	864	Maß .	middah
bsb11762465	864	Maß .	mefura
bsb11762465	864	Materi .	chomer
bsb11762465	865	Matt / Mide .	Græc
bsb11762465	865	Mattigkeit .	aiphuth
bsb11762465	865	Matt machen .	hilah
bsb11762465	865	Maulesel .	pered
bsb11762465	865	Maulesel .	emim
bsb11762465	866	Ma	rofen
bsb11762465	866	Ma	meteg
bsb11762465	866	Mawr .	chomh
bsb11762465	866	Mawr .	cotel
bsb11762465	866	Mawr .	cotel
bsb11762465	866	Mawr .	chur
bsb11762465	866	Mawr .	chail
bsb11762465	866	Mawrenbrecher .	mechi
bsb11762465	867	Mauf .	achbar
bsb11762465	867	Mechtig .	gibbor
bsb11762465	867	Mechtig .	iachol
bsb11762465	867	Mechtigkeit .	gebhurah
bsb11762465	867	Mechtigkeit .	echoleth
bsb11762465	869	ren .	hirbah
bsb11762465	869	ren .	hop
bsb11762465	870	Mchrung .	tofephet
bsb11762465	870	Mchrung .	tarbit
bsb11762465	870	halten .	copher
bsb11762465	870	halten .	chaiiah
bsb11762465	870	halten .	radfah
bsb11762465	871	Me	daath
bsb11762465	871	Me	rabh
bsb11762465	871	Me	manhig
bsb11762465	871	Melekemmer .	atin
bsb11762465	871	taw .	dachar
bsb11762465	872	Me	hamon
bsb11762465	872	Me	eahkahal
bsb11762465	872	Menlich scham .	eruah
bsb11762465	872	Menlich scham .	mebhychin
bsb11762465	872	Mensche	adam
bsb11762465	872	Mensche	enoch
bsb11762465	873	Menschen .	methim
bsb11762465	875	Mercken .	bon
bsb11762465	875	Mercken .	raah
bsb11762465	877	Mey / Meymonat .	Siuan
bsb11762465	877	Messen .	madad
bsb11762465	877	Messen .	col
bsb11762465	877	Messen .	for
bsb11762465	877	Messer .	faccin
bsb11762465	877	Messer .	maache
bsb11762465	877	Messer .	machalaphim
bsb11762465	877	Meffer weken .	chadad
bsb11762465	877	Meffer weken .	charats
bsb11762465	877	Meffer weken .	charats
bsb11762465	877	Meffer weken .	hebher
bsb11762465	877	Meffer weken .	killel
bsb11762465	879	Mesten .	hifchmin
bsb11762465	879	Mesten .	dichſchen
bsb11762465	879	Meuterey .	keſcher
bsb11762465	879	Meuterey .	red
bsb11762465	879	Meye / Lenk .	kaits
bsb11762465	880	Måle .	rechaiim
bsb11762465	880	Måle .	rechebh
bsb11762465	880	Milch .	chalabh
bsb11762465	881	linde .	tobh
bsb11762465	881	linde .	chanun
bsb11762465	881	linde .	chafid
bsb11762465	882	Mi	fchamathi
bsb11762465	882	Mi	kibbalthi
bsb11762465	882	Mi	rabb
bsb11762465	882	Mi	matfag
bsb11762465	882	Mi	mahal
bsb11762465	882	Mischung .	bhimach
bsb11762465	882	Mischung .	dſeg
bsb11762465	882	Miffethat vergeben .	falach
bsb11762465	882	Miffethat vergeben .	nafa
bsb11762465	882	Miffethat vergeben .	chamal
bsb11762465	883	nen .	fane
bsb11762465	883	nen .	kinne
bsb11762465	883	Misgünstiger .	fonc
bsb11762465	883	Misgunst .	finah
bsb11762465	883	Misgunst .	kinah
bsb11762465	884	Mist .	afchah
bsb11762465	884	Mist .	fichi
bsb11762465	888	Mittel .	tauech
bsb11762465	888	Mittel .	Kcreget
bsb11762465	888	Mittel .	check
bsb11762465	889	Mitgesell .	abber
bsb11762465	889	den seyn .	oud
bsb11762465	889	den seyn .	iaadfor
bsb11762465	892	Mit nichte .	bal
bsb11762465	893	Mitternacht .	chatfi
bsb11762465	893	Mitternacht .	chatfi
bsb11762465	895	Mittag .	tahoraiim
bsb11762465	895	Mogen .	iachol
bsb11762465	895	Mörser .	mach
bsb11762465	895	Mörser .	medichah
bsb11762465	896	Monat .	ierach
bsb11762465	897	ſchein .	luna
bsb11762465	898	Morder .	rotfeach
bsb11762465	898	Morder .	parts
bsb11762465	898	Mor .	cuſchi
bsb11762465	898	Morgen .	ftinum
bsb11762465	898	Morgen .	mahar
bsb11762465	899	Mo	har
bsb11762465	899	Morgenrote .	fchachar
bsb11762465	900	Morgenstern .	helel
bsb11762465	900	Morgenstern .	fchachar
bsb11762465	901	Most .	tirofch
bsb11762465	902	Måhle .	echaim
bsb11762465	903	Munke .	matba
bsb11762465	903	Müssig .	batel
bsb11762465	903	Müssig .	batlan
bsb11762465	904	Mu	batal
bsb11762465	904	Mu	chabath
bsb11762465	905	Mund / odermaul .	peh
bsb11762465	905	Mund / odermaul .	adi
bsb11762465	905	Murren .	muffare
bsb11762465	905	Muß / Brey .	nadfid
bsb11762465	906	Mutter .	Græc
bsb11762465	906	Mutter Chrifti .	hammaſchiach
bsb11762465	908	Nabel .	tabbur
bsb11762465	908	Nabel .	fchorer
bsb11762465	908	Nabel .	fchor
bsb11762465	908	Nachbawer .	karobh
bsb11762465	908	Nachbawer .	fchachen
bsb11762465	909	Nahe darbey sein .	karabh
bsb11762465	909	Nahe darbey sein .	rachak
bsb11762465	909	Nahe darbey sein .	cirtfonecha
bsb11762465	909	Nach dem Tode .	achare
bsb11762465	909	Nach dem Tode .	achare
bsb11762465	910	Macht geben .	hidfchah
bsb11762465	910	nakal .	celeb
bsb11762465	910	nakal .	intendere
bsb11762465	913	Nacht .	nticinium
bsb11762465	914	Na	abhedah
bsb11762465	915	Nack / Genick .	oreph
bsb11762465	916	Nagel .	athed
bsb11762465	916	Nagel .	fir
bsb11762465	916	Nagel .	kelaim
bsb11762465	916	vnd Thieren .	tipporten
bsb11762465	916	Nahe bey sein .	karabh
bsb11762465	916	Nahe bey sein .	famach
bsb11762465	916	Nahe bey sein .	nagach
bsb11762465	917	Närrisch .	baar
bsb11762465	917	Närrisch .	peti
bsb11762465	917	Närrisch .	mefchygga
bsb11762465	917	Närrisch .	nimhar
bsb11762465	917	Närrisch .	euil
bsb11762465	918	Närrisch seyn .	Græc
bsb11762465	918	Na	madion
bsb11762465	918	Na	tsaid
bsb11762465	918	Na	tereph
bsb11762465	918	Na	chatiah
bsb11762465	918	Nafe .	aph
bsb11762465	919	Nafelocher .	appalim
bsb11762465	919	Nafelocher .	nechirim
bsb11762465	919	Nasen schnauben	motseth
bsb11762465	919	Nasen schnauben	motseth
bsb11762465	919	Nebel .	anan
bsb11762465	919	Nebel .	alatah
bsb11762465	920	Neen .	taphar
bsb11762465	920	Neer / Schneider .	topher
bsb11762465	920	Neer / Schneider .	chaiiat
bsb11762465	920	günstiger .	fone
bsb11762465	920	günstiger .	mekanne
bsb11762465	921	ftig seyn .	fane
bsb11762465	921	Neigen .	caphah
bsb11762465	921	Nein .	bal
bsb11762465	921	Nein .	bal
bsb11762465	921	Nein .	aiin
bsb11762465	921	Nein .	bilti
bsb11762465	921	Nein .	ephes
bsb11762465	921	Neffel .	charul
bsb11762465	922	garn .	refcheth
bsb11762465	922	garn .	metfudah
bsb11762465	922	garn .	micmar
bsb11762465	922	garn .	pach
bsb11762465	922	garn .	che
bsb11762465	922	garn .	fchathoth
bsb11762465	922	New .	chadaſch
bsb11762465	922	New Jahr .	anni
bsb11762465	922	New Jahr .	noui
bsb11762465	923	New machen .	chiddefch
bsb11762465	923	New Mon.	chodefch
bsb11762465	925	Nichts .	aiin
bsb11762465	925	Nichts .	pes
bsb11762465	925	Nider .	ſchapel
bsb11762465	925	fich legen .	hifchtachauah
bsb11762465	925	fich legen .	hifchtachauah
bsb11762465	925	Ni	michnas
bsb11762465	925	Nidrigen .	hifchpil
bsb11762465	925	Nidrigen .	hefchah
bsb11762465	925	Nider werffen .	hippil
bsb11762465	925	Nider werffen .	hifchlich
bsb11762465	925	Nider werffen .	fchichor
bsb11762465	925	Nider werffen .	gichon
bsb11762465	929	Nichtachten .	badah
bsb11762465	929	Nichtachten .	ſchaed
bsb11762465	930	No	dachach
bsb11762465	930	No	dachaph
bsb11762465	930	No	hadaph
bsb11762465	930	Nortostwinde .	thaphon
bsb11762465	931	Nun / Jckiger zeit .	attali
bsb11762465	933	Oberbeth .	matta
bsb11762465	935	Ochf .	alluph
bsb11762465	935	Ochf .	parah
bsb11762465	936	Oder .	Græc
bsb11762465	936	Dede .	chammahohu
bsb11762465	936	Dede .	bohu
bsb11762465	936	Dede .	midbar
bsb11762465	936	Deffnen .	patach
bsb11762465	936	Del .	schemen
bsb11762465	936	Del .	nthar
bsb11762465	936	Delbawm .	dfaith
bsb11762465	937	Delkrug .	tappachath
bsb11762465	937	Delkrug .	tſeluchith
bsb11762465	937	Depffel .	tappuchim
bsb11762465	937	Ofen .	cibhchan
bsb11762465	937	Ofen .	ben
bsb11762465	937	Ofen .	ben
bsb11762465	937	Offen .	patuach
bsb11762465	938	Of	noda
bsb11762465	938	Offenbaren .	gillah
bsb11762465	938	Offenbaren .	hodiah
bsb11762465	938	Offenbaren .	horah
bsb11762465	938	Offenbar werden .	noda
bsb11762465	939	Offt .	rabbim
bsb11762465	939	Offt .	rabbim
bsb11762465	939	Ohr .	odfen
bsb11762465	941	Opffer .	dfebach
bsb11762465	941	Opffer .	olah
bsb11762465	941	Opffer .	mincha
bsb11762465	941	Opffer .	korban
bsb11762465	941	Opffer .	cfcheh
bsb11762465	941	Opffern .	diabhachtabhach
bsb11762465	943	Dronen .	fadar
bsb11762465	943	Dronen .	rach
bsb11762465	943	Ordnung .	feder
bsb11762465	943	Ordnung .	erech
bsb11762465	943	Ordnung .	tur
bsb11762465	943	Ordnung .	church
bsb11762465	943	Ordnung .	eder
bsb11762465	943	Ordnung .	aruga
bsb11762465	943	Ordnung .	cha
bsb11762465	944	Ostern .	pefach
bsb11762465	944	Ostwind .	kadim
bsb11762465	945	Pabst / Antichrist .	cohen
bsb11762465	945	Pabst / Antichrist .	cohen
bsb11762465	946	Pallast .	atfarah
bsb11762465	946	ber .	chirian
bsb11762465	948	Paradis .	gan
bsb11762465	948	Paradis .	gan
bsb11762465	948	Paradis .	pardes
bsb11762465	948	Pein .	tarah
bsb11762465	948	Pein .	nui
bsb11762465	948	Pein .	nui
bsb11762465	948	Peinigen .	unab
bsb11762465	948	Peinigen .	heik
bsb11762465	950	Pestilenk .	debher
bsb11762465	950	Pfaff	cohen
bsb11762465	950	Pfaff	camar
bsb11762465	950	Pfal / Stock .	mot
bsb11762465	951	Pfann .	machbath
bsb11762465	951	Pfandt .	erabhon
bsb11762465	953	Pfeil .	refchaphim
bsb11762465	955	Pferdt .	fus
bsb11762465	955	Pferdt .	recherchammach
bsb11762465	956	Pferde geschrey .	mitshalah
bsb11762465	957	Pfingsten .	chag
bsb11762465	957	Pfingsten .	chag
bsb11762465	957	Pflange .	nata
bsb11762465	957	Pflange .	matta
bsb11762465	957	Pflange .	cha
bsb11762465	958	Pflegerin .	Kehinnah
bsb11762465	958	Pflegerin .	pekydah
bsb11762465	958	Pflug .	eth
bsb11762465	958	Pflug .	charefchah
bsb11762465	959	Pfük .	agam
bsb11762465	960	Pich .	dſepheth
bsb11762465	960	Pitschierring .	otam
bsb11762465	960	Pitschierring .	otam
bsb11762465	960	Pitschierring .	tabbath
bsb11762465	960	Plag / streich .	maccah
bsb11762465	960	Plag / streich .	maggephah
bsb11762465	960	Plag / streich .	medinah
bsb11762465	961	Plast .	nefchamah
bsb11762465	961	Plater .	feeth
bsb11762465	961	Platt / oder Blech .	pach
bsb11762465	961	Plakregen .	gefchem
bsb11762465	961	Plakregen .	fagrir
bsb11762465	962	Plündern .	gadfal
bsb11762465	962	Plündern .	chamas
bsb11762465	962	Plündern .	achak
bsb11762465	962	Plündern .	ianah
bsb11762465	962	Plündern .	bata
bsb11762465	962	Plündern .	Kabba
bsb11762465	968	Predigstul / Cankel .	bumah
bsb11762465	968	Prelat .	cohen
bsb11762465	968	Pr	iekoph
bsb11762465	968	Pr	Cohen
bsb11762465	968	Pr	camar
bsb11762465	969	Probst .	na-
bsb11762465	969	Prophet .	nabhi
bsb11762465	970	Pr	kachabh
bsb11762465	970	Pr	cha
bsb11762465	970	Prunken .	hiſchthin
bsb11762465	970	Pfalm .	midſmor
bsb11762465	970	Purpur .	argaman
bsb11762465	971	Purpurkleid .	beged
bsb11762465	972	Quellen springen .	nabba
bsb11762465	972	Rabhun .	core
bsb11762465	973	Rach	nekamahakam
bsb11762465	973	Rachen .	malcochatim
bsb11762465	973	Rad .	Græc
bsb11762465	973	Rad .	Græc
bsb11762465	973	Raden .	farah
bsb11762465	973	thun .	chidah
bsb11762465	974	Rand / Vfer .	gebhul
bsb11762465	974	Rasen / Wüten .	halal
bsb11762465	974	Rafender .	hole
bsb11762465	974	Rafender .	meſchgah
bsb11762465	974	Rath / Anschlag .	etfah
bsb11762465	974	Rath / Anschlag .	tam
bsb11762465	975	geben .	ets
bsb11762465	975	Rahtgeber .	ects
bsb11762465	976	Raub .	chalal
bsb11762465	976	Raub .	gedfelah
bsb11762465	976	Raub .	terephah
bsb11762465	977	Rauben .	chalalgadfal
bsb11762465	977	Rauben .	ianah
bsb11762465	977	C.Fumus , capnos.achan S	kitor
bsb11762465	977	C.Fumus , capnos.achan S	calil
bsb11762465	978	Rauchfaf .	iktarah
bsb11762465	978	Rauchfaf .	iktarah
bsb11762465	978	Rauchfaf .	machtah
bsb11762465	978	Rauschen .	hamam
bsb11762465	978	Rauschung .	hamon
bsb11762465	980	Rechen / Wehren .	nakam
bsb11762465	980	Rechen / Wehren .	para
bsb11762465	980	Rechen / Wehren .	chachabh
bsb11762465	981	Recherc	mithnakem
bsb11762465	981	Recht .	nachon
bsb11762465	981	Recht .	cen
bsb11762465	981	Rechte hand .	iamin
bsb11762465	981	Rechten .	robh
bsb11762465	981	Rechten .	don
bsb11762465	981	Rechten .	atah
bsb11762465	981	Rechtfertigen .	hitdik
bsb11762465	982	Rede ..	mamar
bsb11762465	982	Rede ..	amarah
bsb11762465	982	Rede ..	lachach
bsb11762465	982	Rede ..	dabar
bsb11762465	983	Re	amar
bsb11762465	983	Re	dib
bsb11762465	984	Redener .	neeman
bsb11762465	984	Redlicher Mann .	tobh
bsb11762465	984	Redlicher Mann .	chafid
bsb11762465	984	Redlicher Mann .	tſaodik
bsb11762465	984	Rehe / Rchebock .	tebi
bsb11762465	984	Rehebocklein .	benitſebhi
bsb11762465	985	Regen .	matar
bsb11762465	985	Regen .	gefchem
bsb11762465	985	Regen .	rcbhibhim
bsb11762465	985	Regen .	fetrim
bsb11762465	985	Regen .	POETICE
bsb11762465	985	Regnen .	matar
bsb11762465	985	Regnen .	himtir
bsb11762465	986	Regieren .	malach
bsb11762465	986	Regieren .	chalat
bsb11762465	986	Regieren .	machalchabhaſch
bsb11762465	987	Regierer .	fchalit
bsb11762465	987	Regierer .	manhigchobbeſch
bsb11762465	987	Regiment .	memcheleth
bsb11762465	987	Regiment .	ſchultan
bsb11762465	987	Reiben .	garad
bsb11762465	988	Xe	malchuth
bsb11762465	988	Reich / vermågen .	afchir
bsb11762465	988	Reich / vermågen .	cabhed
bsb11762465	989	Reich machen .	heefcher
bsb11762465	989	Reich Reich seyn .	afchar
bsb11762465	989	Reich Reich seyn .	cabhed
bsb11762465	990	Re	chua
bsb11762465	990	Re	cha
bsb11762465	990	Re	rechurch
bsb11762465	990	Re	hamon
bsb11762465	990	Re	nechafim
bsb11762465	990	Re	hon
bsb11762465	990	Re	Græc
bsb11762465	990	Re	Græc
bsb11762465	990	Reiff .	Kerach
bsb11762465	990	Reiff .	cephor
bsb11762465	991	Rein .	tabor
bsb11762465	991	Rein .	bar
bsb11762465	991	fraw .	labe
bsb11762465	991	fraw .	labe
bsb11762465	991	Rein Herk	lebh
bsb11762465	991	Rein Herk	lebh
bsb11762465	991	Reinigen .	Græc
bsb11762465	993	Reinigkeit .	tohar
bsb11762465	993	Reinigkeit .	nikkaion
bsb11762465	993	Reinigkeit .	bor
bsb11762465	993	Reise / Weg .	ach
bsb11762465	993	Reise / Weg .	ach
bsb11762465	993	Reise / Weg .	maffa
bsb11762465	993	Re	arach
bsb11762465	993	Re	nafa
bsb11762465	993	Re	ha-
bsb11762465	994	Ne	chataph
bsb11762465	994	Ne	chathaphalat
bsb11762465	994	Reuter .	rachabh
bsb11762465	994	Reuter .	parafch
bsb11762465	994	Rencken / Beugen .	caphapharach
bsb11762465	994	Rennen / lauffen .	rots
bsb11762465	994	Rennen / lauffen .	nahar
bsb11762465	994	Rennen / lauffen .	rahat
bsb11762465	995	Retten / erlofen .	hitſtfil
bsb11762465	995	Retten / erlofen .	millet
bsb11762465	995	Retten / erlofen .	pillet
bsb11762465	995	Retten / erlofen .	chil
bsb11762465	995	Retten / erlofen .	patah
bsb11762465	995	Rettung .	hattialah
bsb11762465	995	Rettung .	peletah
bsb11762465	995	Reuchern .	afchan
bsb11762465	995	Reuchern .	Katar
bsb11762465	995	Reuchung .	miktar
bsb11762465	995	Reuhe .	hefir
bsb11762465	995	Reuhe .	hilfig
bsb11762465	996	Reuter .	Eques
bsb11762465	996	Reuter .	parafch
bsb11762465	996	Reitter / Sieb .	naphah
bsb11762465	997	Reutern / ficben .	cirbel
bsb11762465	997	Rew .	nechamach
bsb11762465	997	Rew .	teſchubhah
bsb11762465	998	Kh	hillel
bsb11762465	998	Kh	chibach
bsb11762465	998	Kh	hodah
bsb11762465	998	Item .	birhallel
bsb11762465	998	Richten .	hofchir
bsb11762465	998	Richten .	hechin
bsb11762465	999	Item , Straffen .	chaphat
bsb11762465	999	Richter .	fchophet
bsb11762465	999	Richterstuel .	bimah
bsb11762465	999	Richthaus .	bethhaddin
bsb11762465	999	Richthaus .	bethhaddin
bsb11762465	999	Riechende salb .	riach
bsb11762465	1000	Ricchung .	reach
bsb11762465	1000	Ring .	culus
bsb11762465	1000	Ringen / Kempffen .	niphtal
bsb11762465	1000	Kingern .	beefir
bsb11762465	1000	Kingern .	himit
bsb11762465	1000	mawr .	hoa
bsb11762465	1001	Ringes vmbher .	fabhibh
bsb11762465	1001	hen .	fabbath
bsb11762465	1001	hen .	citter
bsb11762465	1001	walken .	fibbebh
bsb11762465	1001	Risch / Binfen .	agmon
bsb11762465	1001	Riese .	anakim
bsb11762465	1001	Riese .	mim
bsb11762465	1001	Riese .	nephilim
bsb11762465	1001	Riese .	phaim
bsb11762465	1002	Rittergürtel .	abhnet
bsb11762465	1002	Rittergürtel .	dur
bsb11762465	1002	Rittergürtel .	chagarah
bsb11762465	1002	Ritterkleid .	chaluk
bsb11762465	1002	Rock .	kethoneth
bsb11762465	1002	Rock .	meil
bsb11762465	1003	Kogken .	dagan
bsb11762465	1003	Roh .	chia
bsb11762465	1004	Ro	chabhattheleth
bsb11762465	1005	Kofhirt .	roch
bsb11762465	1005	Kofhirt .	roch
bsb11762465	1006	Note Meer .	iam
bsb11762465	1006	Note Meer .	iam
bsb11762465	1006	Notfarbig .	damdam
bsb11762465	1006	Rot ferben .	heedim
bsb11762465	1007	den .	niſchma
bsb11762465	1007	den .	niſchma
bsb11762465	1008	Rů	ifch
bsb11762465	1008	Rů	ifch
bsb11762465	1008	Rüchtig machen .	hifchmia
bsb11762465	1008	Ruder .	mafchot
bsb11762465	1008	Ruderknecht .	fchat
bsb11762465	1008	Ruderknecht .	choter
bsb11762465	1009	Ruffen .	kara
bsb11762465	1010	Rüsten .	adfar
bsb11762465	1010	Rüsten .	aphad
bsb11762465	1010	Ruhe / Ruge .	menuchah
bsb11762465	1010	Ruhe / Ruge .	choketchabbath
bsb11762465	1010	Kugen .	fchakat
bsb11762465	1010	Kugen .	chabhath
bsb11762465	1011	Ruhig machen .	heniach
bsb11762465	1011	Ruhig machen .	hifchkit
bsb11762465	1012	mecht .	keli
bsb11762465	1012	Xu	matteh
bsb11762465	1012	Xu	makkel
bsb11762465	1012	Xu	choter
bsb11762465	1012	Xu	chot
bsb11762465	1012	freupen .	far
bsb11762465	1012	Sach .	dabhar
bsb11762465	1012	Sach .	intan
bsb11762465	1012	Sach .	efek
bsb11762465	1013	Sack .	amthachath
bsb11762465	1013	Saffran .	carcos
bsb11762465	1013	Safft / Feucht .	metfitfah
bsb11762465	1013	Safft / Feucht .	afis
bsb11762465	1014	Såge .	maffor
bsb11762465	1014	Såge .	egerah
bsb11762465	1014	Såge .	magdferah
bsb11762465	1014	Sagen / reden .	anmar
bsb11762465	1014	Sagen / reden .	bber
bsb11762465	1014	Salbe .	mich
bsb11762465	1015	Salben .	marach
bsb11762465	1015	Salben .	foch
bsb11762465	1015	Salk .	lach
bsb11762465	1016	Same .	maiim
bsb11762465	1016	Samlen .	afaph
bsb11762465	1016	Samlen .	canas
bsb11762465	1016	Samlen .	tabhar
bsb11762465	1016	Samlen .	lakat
bsb11762465	1017	Sanfftimütig .	bilis
bsb11762465	1017	Sanfftimütig .	Græc
bsb11762465	1017	Sanfftmütigkeit .	anauah
bsb11762465	1017	Sauber .	tahor
bsb11762465	1017	Sauber .	na-
bsb11762465	1017	Saubern .	tihar
bsb11762465	1017	Saubern .	diccah
bsb11762465	1017	Saubern .	diccah
bsb11762465	1018	Saubrigkeit .	kkaion
bsb11762465	1018	Saubrigkeit .	kkaion
bsb11762465	1018	Sauffen .	fcharah
bsb11762465	1018	Sauffen .	fabha
bsb11762465	1018	Sauffen .	fchaka
bsb11762465	1018	Sauffen .	gamah
bsb11762465	1018	Sa	fobhe
bsb11762465	1018	Saum .	fchul
bsb11762465	1018	Saum .	canaph
bsb11762465	1018	Saum .	fitfith
bsb11762465	1019	Sa	chamits
bsb11762465	1019	Saw .	chadfir
bsb11762465	1019	Sawhirt .	roch
bsb11762465	1019	Sawhirt .	roch
bsb11762465	1019	Sawhirt .	ſchebet
bsb11762465	1019	Sawhirt .	charbit
bsb11762465	1020	Schab .	blatt
bsb11762465	1020	Schaben ,	Katia
bsb11762465	1020	Schaben ,	llacharad
bsb11762465	1020	Schadt .	raah
bsb11762465	1021	Schaden .	nadſak
bsb11762465	1021	Schaden .	hera
bsb11762465	1021	Schadenhafftiger .	ntus
bsb11762465	1022	Sch	bosch
bsb11762465	1022	Schaff .	tion
bsb11762465	1023	Schaffhirt .	roch
bsb11762465	1023	Schaffhirt .	roch
bsb11762465	1024	Gallic . chien dogue .	paal
bsb11762465	1024	Scheiden .	badal
bsb11762465	1024	Scheiden .	parach
bsb11762465	1024	Scheiden .	parad
bsb11762465	1024	Scheiden .	atfal
bsb11762465	1024	Scheiden .	palah
bsb11762465	1024	Scheiden .	natſar
bsb11762465	1024	Scheidung .	bedilah
bsb11762465	1024	Scheidung .	perifchah
bsb11762465	1025	Schalck .	beli
bsb11762465	1025	Schall / laut .	Kol
bsb11762465	1025	Schallen / lauten .	ham
bsb11762465	1025	Sch	cruah
bsb11762465	1025	Sch	mebhuſchim
bsb11762465	1025	Scham / Zucht .	bofchah
bsb11762465	1025	Scham / Zucht .	bofcheth
bsb11762465	1025	Scham / Zucht .	tieniuth
bsb11762465	1026	Shand .	Kelimmah
bsb11762465	1026	Shand .	cherpah
bsb11762465	1026	Shand .	gidduph
bsb11762465	1026	Shand .	chefed
bsb11762465	1028	Schatte	tel
bsb11762465	1029	Schak .	otfar
bsb11762465	1029	Schak .	chofen
bsb11762465	1029	Schak .	fegyllah
bsb11762465	1029	Schak .	chothenati
bsb11762465	1029	Schak .	miskenoth
bsb11762465	1030	Schaudern .	chard
bsb11762465	1030	Schaudern .	raad
bsb11762465	1030	Schaudern .	famar
bsb11762465	1030	Schauderung .	charada
bsb11762465	1030	Schauderung .	readah
bsb11762465	1030	Schaum .	ketſeph
bsb11762465	1030	Schaumen .	kataph
bsb11762465	1030	Schawen .	raah
bsb11762465	1031	Schecher .	roteach
bsb11762465	1031	Schecher .	parits
bsb11762465	1031	Schedlich fein .	nad
bsb11762465	1032	Sch	táar
bsb11762465	1032	Schein .	nogah
bsb11762465	1032	Schein .	tehilla
bsb11762465	1032	Schein .	dfohar
bsb11762465	1033	Scheiffen .	ciffah
bsb11762465	1033	Scheiffen .	ciffah
bsb11762465	1033	tich Gemach .	baka
bsb11762465	1033	tich Gemach .	talach
bsb11762465	1033	tich Gemach .	fchafa
bsb11762465	1033	tich Gemach .	pachach
bsb11762465	1033	tich Gemach .	fchafaph
bsb11762465	1033	Scheiterhauff .	durah
bsb11762465	1033	Schelle / Glocke .	paamon
bsb11762465	1033	Schelle / Glocke .	metfilloth
bsb11762465	1033	Schellig / wütend ,	mefchygga
bsb11762465	1034	Schelten .	hochiach
bsb11762465	1034	Scheltung .	tochechah
bsb11762465	1034	Scheltung .	garah
bsb11762465	1034	Scheltwort .	herpa
bsb11762465	1034	Scheltwort .	dibbah
bsb11762465	1034	Schenckel / Bein .	fchok
bsb11762465	1034	Schenckel / Bein .	chobhel
bsb11762465	1035	Schepffen .	ſchaabh
bsb11762465	1035	Schepffen .	dalal
bsb11762465	1035	Schepffen .	dalah
bsb11762465	1035	Scherffen .	chadad
bsb11762465	1035	Scherffen .	fchanan
bsb11762465	1035	Schermesfer .	taar
bsb11762465	1035	Schermesfer .	morah
bsb11762465	1035	Scherk .	tfechok
bsb11762465	1036	Sch	arach
bsb11762465	1036	Sch	fillah
bsb11762465	1036	Schekung .	crech
bsb11762465	1036	Scheuhen .	nifchmar
bsb11762465	1036	Scheune / Schewr .	goren
bsb11762465	1037	Schier / Bey nahe	cimat
bsb11762465	1037	Schiessen .	arah
bsb11762465	1037	Schiessen .	ramah
bsb11762465	1037	Schiessen .	tachah
bsb11762465	1037	Schiessen .	darak
bsb11762465	1038	Schiff .	fephina
bsb11762465	1038	Schiff .	fephina
bsb11762465	1038	Schiff .	oniiah
bsb11762465	1040	Schiffen .	bhar
bsb11762465	1040	Schiffen .	bhar
bsb11762465	1041	Sch	mallach
bsb11762465	1041	Sch	fappan
bsb11762465	1041	Sch	chobhel
bsb11762465	1042	Schifflein .	daug
bsb11762465	1042	Schifflein .	dugith
bsb11762465	1042	Meerhaff .	mechuds
bsb11762465	1042	Schiffruder .	machot
bsb11762465	1043	Schildt ,	magen
bsb11762465	1043	Schildt ,	tin
bsb11762465	1043	Schildt ,	focherah
bsb11762465	1044	Schirm / zuflucht .	maon
bsb11762465	1044	Schirm / zuflucht .	machafch
bsb11762465	1044	Schlacht .	naphthul
bsb11762465	1044	Schlachtordnung .	maarachah
bsb11762465	1044	Schlacht halten .	karabh
bsb11762465	1045	machen .	arach
bsb11762465	1045	machen .	arach
bsb11762465	1045	Schlaff .	fchenah
bsb11762465	1045	Schlaff .	tenumah
bsb11762465	1045	Schlaff .	tarde
bsb11762465	1045	Schlaff .	hadah
bsb11762465	1046	Sch	nirdam
bsb11762465	1047	Schläfferich .	mele
bsb11762465	1047	Schläfferich .	mele
bsb11762465	1047	Schlaffkammer .	mich
bsb11762465	1047	Schlaffkammer .	aliiah
bsb11762465	1047	Schlaffkammer .	aliiah
bsb11762465	1047	heleute .	chyppap
bsb11762465	1047	Thalamus .	nid
bsb11762465	1048	Schlag .	pam
bsb11762465	1048	Schlag .	mackads
bsb11762465	1048	Schlag .	mackads
bsb11762465	1048	Schlag .	chabburah
bsb11762465	1048	Schlag .	ttuk
bsb11762465	1048	Schlag .	ttuk
bsb11762465	1048	Schlagen .	nachah
bsb11762465	1048	Schlagen .	chah
bsb11762465	1048	Schlagen .	faphak
bsb11762465	1048	Schlagen .	halam
bsb11762465	1048	Schlagen .	paam
bsb11762465	1048	Schlagen .	daphak
bsb11762465	1048	Schlagen .	chabhad
bsb11762465	1048	Schlahung .	maccah
bsb11762465	1049	Schleyer .	taiph
bsb11762465	1049	Schleyer .	taiph
bsb11762465	1049	Schlang / Edechs .	pethen
bsb11762465	1050	Sch	kelah
bsb11762465	1051	Schleiffen .	chadad
bsb11762465	1051	Schlichten .	fchiffah
bsb11762465	1051	Schlichten .	iiſchſcher
bsb11762465	1051	Schlichten .	tikken
bsb11762465	1051	Schloß / Burg .	bochan
bsb11762465	1051	Schloß / Burg .	ophel
bsb11762465	1051	Schloß / Burg .	met
bsb11762465	1051	Schloß .	fegor
bsb11762465	1051	Schloß .	agaph
bsb11762465	1051	Schloffer .	afger
bsb11762465	1052	Schlund / Rachen .	chech
bsb11762465	1052	Sch	celimmah
bsb11762465	1052	Sch	cherpah
bsb11762465	1052	Sch	gidduph
bsb11762465	1052	Schmalk .	che
bsb11762465	1052	Schmalk .	peder
bsb11762465	1052	Schmeicheln .	hechlick
bsb11762465	1053	Schmeichelrede /	choneph
bsb11762465	1053	Schmeichlerey .	chanyphah
bsb11762465	1054	Schmelzen .	tsaraph
bsb11762465	1054	Schmelzen .	chittik
bsb11762465	1054	Schmelzen .	nittraphatach
bsb11762465	1054	Schmerzen .	Keeb
bsb11762465	1055	Schmücken .	peer
bsb11762465	1055	Schmücken .	adah
bsb11762465	1055	Schmücken .	hadar
bsb11762465	1055	Schnarchen .	ronchos
bsb11762465	1056	Schnee .	fcheleg
bsb11762465	1056	Schneck .	fchabhlul
bsb11762465	1056	Schneckstieg .	ciphah
bsb11762465	1056	Schneckstieg .	ſiphun
bsb11762465	1057	Schnelligkeit .	meherah
bsb11762465	1057	Sch	bimerah
bsb11762465	1058	Schnur .	petil
bsb11762465	1058	Schnur .	Kaf
bsb11762465	1058	Schnur .	tikuah
bsb11762465	1058	Sch	almah
bsb11762465	1058	Sch	almah
bsb11762465	1061	Schönheit .	ophi
bsb11762465	1061	Schönheit .	tebi
bsb11762465	1062	Schopffen .	bara
bsb11762465	1062	Schopffen .	iafar
bsb11762465	1062	Schopffer .	borc
bsb11762465	1062	Schopffer .	other
bsb11762465	1062	daman spazieret .	lam
bsb11762465	1062	Schreckung .	charadah
bsb11762465	1062	Schreckung .	readah
bsb11762465	1062	Schreckung .	iira
bsb11762465	1062	Schreiben .	cathabh
bsb11762465	1062	Schreiben .	faphar
bsb11762465	1063	Sch	cothebh
bsb11762465	1063	Sch	fopher
bsb11762465	1063	Schreibfeder .	hebhet
bsb11762465	1063	Schreibfeder .	hebhet
bsb11762465	1063	Schreibung .	ketab
bsb11762465	1063	Schreibung .	michtabh
bsb11762465	1063	Schritt .	péfa
bsb11762465	1063	Schroffe / Felf .	fela
bsb11762465	1063	Schroffe / Felf .	tur
bsb11762465	1063	Schroffe / Felf .	tur
bsb11762465	1063	Schroffe / Felf .	kep
bsb11762465	1064	Sch	taar
bsb11762465	1064	Schulde .	chobah
bsb11762465	1064	Schuldener .	chaabh
bsb11762465	1065	Schulter .	catheph
bsb11762465	1065	Schulter .	chechem
bsb11762465	1065	Schuch .	fchalaph
bsb11762465	1065	Schuch .	fchalaph
bsb11762465	1065	Schulmeister .	luph
bsb11762465	1065	Schulmeister .	more
bsb11762465	1066	Schulterblat .	catheph
bsb11762465	1066	Schultheiß .	kafchkeſcheph
bsb11762465	1066	Schury / Kittel .	cha
bsb11762465	1068	Schussel .	kearah
bsb11762465	1068	Schussel .	tfallachath
bsb11762465	1068	Schütteln .	dicca
bsb11762465	1068	Schütteln .	catach
bsb11762465	1068	Schüße .	robheh
bsb11762465	1068	Schüße .	robheh
bsb11762465	1068	Schüße .	romeh
bsb11762465	1068	Schüße .	romeh
bsb11762465	1068	Schüße .	kalla
bsb11762465	1069	Sch	choleb
bsb11762465	1069	Schwachheit .	choli
bsb11762465	1069	Schwäher .	Socer
bsb11762465	1069	Schwer .	Græc
bsb11762465	1069	Schwager .	chothen
bsb11762465	1069	Schwägerhafft .	chathanuth
bsb11762465	1069	Schwalbe .	agur
bsb11762465	1070	Schweif .	Sudor
bsb11762465	1070	Schweif .	dieah
bsb11762465	1071	Schwanger .	harah
bsb11762465	1071	Schwanger .	obherah
bsb11762465	1071	Sch	harethah
bsb11762465	1071	Sch	idtrea
bsb11762465	1071	Sch	bberah
bsb11762465	1072	he Farbe .	fchachor
bsb11762465	1072	he Farbe .	chum
bsb11762465	1072	Schwechen .	chelifch
bsb11762465	1072	Item .	innah
bsb11762465	1072	Schweigen .	charakcharach
bsb11762465	1072	Schweigen .	chachah
bsb11762465	1072	Schweigen .	damah
bsb11762465	1072	Schweigen .	hafah
bsb11762465	1073	Schwein .	diminut
bsb11762465	1073	Schwein .	chadir
bsb11762465	1073	Schwell .	miphthan
bsb11762465	1073	Schwell .	monoth
bsb11762465	1074	Sch	fchechin
bsb11762465	1074	Sch	fectin
bsb11762465	1074	Schweren .	nichbha
bsb11762465	1074	Schweren .	nafaiad
bsb11762465	1074	Schwerdt .	cherebhfchelach
bsb11762465	1074	Schwerdt .	petichoth
bsb11762465	1074	Schwerdt .	mecheroth
bsb11762465	1075	binden .	chagat
bsb11762465	1075	binden .	chagat
bsb11762465	1075	Latus enfe accincto riget .	fchalaph
bsb11762465	1075	Latus enfe accincto riget .	fchalaph
bsb11762465	1075	Latus enfe accincto riget .	patach
bsb11762465	1075	Latus enfe accincto riget .	patach
bsb11762465	1076	Sch	gladii
bsb11762465	1076	Sch	hefchibh
bsb11762465	1076	Sch	hefchibh
bsb11762465	1076	Schwerke .	kadruth
bsb11762465	1076	Schwerke .	fchacharuth
bsb11762465	1076	Schwester .	achoth
bsb11762465	1076	Schwillen .	chamar
bsb11762465	1076	Schwillen .	aphach
bsb11762465	1076	Schwillen .	tabhah
bsb11762465	1076	Schwinden .	adabh
bsb11762465	1076	Schwinden .	akak
bsb11762465	1076	Schwulft .	chaburah
bsb11762465	1076	Schwulft .	Græc
bsb11762465	1076	Schwulft .	Græc
bsb11762465	1077	Schwimmen .	toph
bsb11762465	1077	Schwimmen .	fchot
bsb11762465	1077	Schwimmen .	fachah
bsb11762465	1077	Scorpion .	akrab
bsb11762465	1077	Scorpion .	okets
bsb11762465	1078	Sebel .	cis
bsb11762465	1078	Sebel .	charit
bsb11762465	1078	Sce .	agam
bsb11762465	1078	Seele .	nepheſch
bsb11762465	1078	Seele .	anelchamah
bsb11762465	1079	Se	mod
bsb11762465	1079	Se	hereb
bsb11762465	1081	Segnen .	berech
bsb11762465	1081	Schen .	raah
bsb11762465	1081	Schen .	chadiah
bsb11762465	1081	Schen .	abhat
bsb11762465	1081	Schen .	chaah
bsb11762465	1081	Schen .	fchadaph
bsb11762465	1081	Schen .	fchakaph
bsb11762465	1081	Schen .	panah
bsb11762465	1081	Schen .	taphah
bsb11762465	1081	Seiden .	bombyx
bsb11762465	1081	Seiden .	bombyx
bsb11762465	1081	Seiden .	meſchi
bsb11762465	1081	Seiden .	pas
bsb11762465	1082	Seidensticker .	rokem
bsb11762465	1082	Seeman .	dforea
bsb11762465	1082	Seen .	fara
bsb11762465	1082	Seigen .	dfakak
bsb11762465	1082	Seigen .	hittiph
bsb11762465	1083	Se	fchalom
bsb11762465	1083	Se	fchalom
bsb11762465	1083	Se	diminut
bsb11762465	1083	Se	chebhel
bsb11762465	1083	Se	methar
bsb11762465	1083	Se	abhoth
bsb11762465	1084	acht haben .	hithhaſcher
bsb11762465	1087	Seite	iela
bsb11762465	1087	Seite	canaph
bsb11762465	1087	Seite	Katfoth
bsb11762465	1087	Selig	meyſchſchar
bsb11762465	1088	Seligmacher .	mofchia
bsb11762465	1088	Seligmacher .	porek
bsb11762465	1088	Seligmacher .	nofcha
bsb11762465	1089	Se	hamat
bsb11762465	1089	Selkam ding .	pele
bsb11762465	1089	Selkam ding .	mopheth
bsb11762465	1089	Sencken .	hichkia
bsb11762465	1089	Sencken .	heemik
bsb11762465	1089	Sencken .	hitbia
bsb11762465	1089	Senden .	chalach
bsb11762465	1089	Sendung .	michachath
bsb11762465	1089	Roßbar .	eres
bsb11762465	1089	Roßbar .	mittah
bsb11762465	1090	Senader .	gid
bsb11762465	1090	Senader .	rck
bsb11762465	1090	Senader .	rck
bsb11762465	1090	Senfftigen .	hech
bsb11762465	1090	Settigen .	hifchbia
bsb11762465	1090	Seubern .	marak
bsb11762465	1090	Seubern .	iaah
bsb11762465	1091	Seuffgen .	anachanak
bsb11762465	1091	Scuffkung .	anachah
bsb11762465	1092	Seugam .	omeneth
bsb11762465	1092	Seugam .	neketh
bsb11762465	1092	Seugam .	neketh
bsb11762465	1092	Seugen .	henik
bsb11762465	1092	Scule .	ammud
bsb11762465	1092	Scule .	ſchan
bsb11762465	1092	Seumen	hith
bsb11762465	1093	Sein .	haiah
bsb11762465	1093	Sibe .	kebharah
bsb11762465	1093	Si	fuge
bsb11762465	1093	Si	aphachoreph
bsb11762465	1093	Si	aphachoreph
bsb11762465	1093	Si	nalog
bsb11762465	1093	Si	nalog
bsb11762465	1093	Sichel / Sense .	chermeſch
bsb11762465	1094	Sicher .	batuach
bsb11762465	1097	Sich rhumen .	hitbhallel
bsb11762465	1100	Sieden .	hedfid
bsb11762465	1100	Sieden .	bischfchel
bsb11762465	1103	Sünde .	anon
bsb11762465	1103	Sünde .	cheth
bsb11762465	1103	Sünde .	miſchgah
bsb11762465	1103	Silber .	kefeph
bsb11762465	1103	Sindflut .	chereph
bsb11762465	1103	Singen .	fchir
bsb11762465	1103	Singen .	dſimmer
bsb11762465	1105	Singer ..	fchar
bsb11762465	1105	Singer ..	meſchorer
bsb11762465	1105	Sinnlof .	mefchygga
bsb11762465	1105	Sinnlof .	chaar
bsb11762465	1105	Sinnlof .	chaar
bsb11762465	1105	Sitt .	derech
bsb11762465	1105	Sitt .	orach
bsb11762465	1107	Sonne .	lentia
bsb11762465	1107	Sonne .	chamma
bsb11762465	1109	fchein .	Kadar
bsb11762465	1109	fchein .	Kadar
bsb11762465	1110	Sorge .	dſarath
bsb11762465	1110	Sorge .	dſarath
bsb11762465	1113	Spade oder Hacke .	maadar
bsb11762465	1113	drick	rik
bsb11762465	1113	drick	rir
bsb11762465	1114	Spalten .	baka
bsb11762465	1114	Spalten .	talach
bsb11762465	1114	Spalten .	fchafa
bsb11762465	1114	Spalten .	chach
bsb11762465	1114	Spalten .	fchafaph
bsb11762465	1114	Spaltung .	chea
bsb11762465	1114	Spannen .	natah
bsb11762465	1114	Spannen .	Græc
bsb11762465	1114	Sparren .	Korah
bsb11762465	1114	Specerey / Würz .	bofem
bsb11762465	1114	Specerey / Würz .	fchammim
bsb11762465	1115	Speiß .	chel
bsb11762465	1115	Speiß .	maachal
bsb11762465	1115	Speiß .	taiid
bsb11762465	1115	Speiß .	tereph
bsb11762465	1115	Speiß .	chaijah
bsb11762465	1115	Speisen .	heechil
bsb11762465	1115	Speisen .	hibrah
bsb11762465	1115	Sperling / Spak .	tſippor
bsb11762465	1116	Spiegel .	maroth
bsb11762465	1116	Spiegel .	gilionım
bsb11762465	1116	Spieß / Langspich .	romach
bsb11762465	1116	Spieß / Langspich .	cidon
bsb11762465	1116	Spieß / Langspich .	chanith
bsb11762465	1116	Spieß / Langspich .	kaneh
bsb11762465	1116	Spiel .	mifchchak
bsb11762465	1117	Spielen .	thachak
bsb11762465	1117	Spielen .	fchachak
bsb11762465	1117	Spielen .	schaafcha
bsb11762465	1117	Sp	accabifch
bsb11762465	1117	Sp	chemamith
bsb11762465	1117	Spinnen .	taphar
bsb11762465	1119	Sp	okets
bsb11762465	1119	Sp	rofch
bsb11762465	1119	eines Bergs .	och
bsb11762465	1119	eines Bergs .	och
bsb11762465	1119	Spiken .	chadad
bsb11762465	1119	Spiken .	Ychanan
bsb11762465	1119	Spon .	peroleth
bsb11762465	1120	Sp	laag
bsb11762465	1120	Sp	laabh
bsb11762465	1120	Spottung .	laag
bsb11762465	1120	Spottung .	fechok
bsb11762465	1120	Spottung .	alila
bsb11762465	1120	Sprach .	lafchon
bsb11762465	1120	Sp	dibber
bsb11762465	1120	Sp	bitch
bsb11762465	1120	Sp	amar
bsb11762465	1120	Sprewer .	motstehen
bsb11762465	1120	Sprichwort .	chidah
bsb11762465	1120	Springen .	dalag
bsb11762465	1120	Springen .	rakad
bsb11762465	1120	Springen .	pafach
bsb11762465	1120	Springen .	ratfad
bsb11762465	1120	Springen .	dahar
bsb11762465	1120	Springen .	padats
bsb11762465	1120	Springen .	cir
bsb11762465	1121	Sprung .	-rik
bsb11762465	1121	Spruch .	gedera
bsb11762465	1121	Spulen .	galam
bsb11762465	1121	Stab .	chot
bsb11762465	1121	Stab .	chot
bsb11762465	1121	Stab .	pelech
bsb11762465	1121	Stachel .	darban
bsb11762465	1121	Stachel .	mal
bsb11762465	1121	Stadt .	Kiriah
bsb11762465	1122	Stadt bawen .	bana
bsb11762465	1122	Stadt bawen .	bana
bsb11762465	1124	St	addereth
bsb11762465	1126	St	ech
bsb11762465	1126	St	tachanabar
bsb11762465	1126	Starck .	gibhor
bsb11762465	1126	Starck .	adhir
bsb11762465	1126	Starck .	ammits
bsb11762465	1126	Starck .	bhir
bsb11762465	1126	Starck .	arits
bsb11762465	1126	Starck .	cabhir
bsb11762465	1126	Stercke .	tokeph
bsb11762465	1126	Stercke .	omets
bsb11762465	1126	Stercke .	tem
bsb11762465	1126	Stercke .	tem
bsb11762465	1126	Stercke .	coach
bsb11762465	1126	Stercke .	gebhurah
bsb11762465	1126	Stercke .	chaiil
bsb11762465	1126	Starck seyn .	gibbar
bsb11762465	1126	Starck seyn .	chadak
bsb11762465	1126	Starren .	Kafchah
bsb11762465	1127	Starrend .	kafcheh
bsb11762465	1127	rig .	kefcheh
bsb11762465	1127	rig .	kefcheh
bsb11762465	1127	Staub .	aphar
bsb11762465	1127	Staub .	fchachak
bsb11762465	1127	Staub .	adamah
bsb11762465	1127	Staude .	fiach
bsb11762465	1127	Staude .	naa
bsb11762465	1127	Stechen .	dakar
bsb11762465	1127	Stecken .	taka
bsb11762465	1127	Stecken .	maach
bsb11762465	1127	Stecken .	tanach
bsb11762465	1128	Stehende See .	gam
bsb11762465	1128	Steigen .	nafak
bsb11762465	1128	Stein .	chal
bsb11762465	1129	freingrube .	pefilim
bsb11762465	1129	Steinern pflaster .	mefillah
bsb11762465	1130	St	hofchibh
bsb11762465	1130	St	hitftfibh
bsb11762465	1130	St	hitftfig
bsb11762465	1130	kung .	maamad
bsb11762465	1130	St	moth
bsb11762465	1130	St	gaua
bsb11762465	1132	St	chodiekaryote
bsb11762465	1132	St	coach
bsb11762465	1132	St	chail
bsb11762465	1132	St	tokeph
bsb11762465	1132	St	omers
bsb11762465	1132	Starck sein .	chadakamats
bsb11762465	1132	Starck sein .	atam
bsb11762465	1132	Starck sein .	gabhar
bsb11762465	1132	Starck sein .	cochabh
bsb11762465	1133	Sternseher .	Chaldi
bsb11762465	1133	Sternseher .	chodſeh
bsb11762465	1133	Sternseher .	chodſeh
bsb11762465	1133	St	tamid
bsb11762465	1133	St	becolet
bsb11762465	1135	Steupen .	hiccah
bsb11762465	1136	machen .	dam
bsb11762465	1136	Stillen .	hiſchtik
bsb11762465	1136	Stillſchweigung .	miiah
bsb11762465	1137	St	kol
bsb11762465	1137	Stincken .	baach
bsb11762465	1137	Stincken .	farach
bsb11762465	1137	Stincken .	lach
bsb11762465	1137	St	nibhach
bsb11762465	1137	Stock .	fchebet
bsb11762465	1137	Stock .	matteh
bsb11762465	1137	Stock .	kkel
bsb11762465	1137	Stock .	kkel
bsb11762465	1137	Stock .	pelech
bsb11762465	1138	Stolk werden .	gabbah
bsb11762465	1138	Stolk werden .	gabbah
bsb11762465	1138	Stolk werden .	iahar
bsb11762465	1138	Stopffen .	iafach
bsb11762465	1138	St	chafidah
bsb11762465	1138	Stoffen .	hiddach
bsb11762465	1138	Stoffen .	hadaph
bsb11762465	1138	Straff .	onefch
bsb11762465	1138	Straff .	auon
bsb11762465	1138	Straff .	chattaah
bsb11762465	1139	Straffen .	heenifch
bsb11762465	1139	ten oder schrifften .	hochach
bsb11762465	1139	ten oder schrifften .	paariffar
bsb11762465	1140	Straff / Landtstraf .	Schuk
bsb11762465	1140	Straff / Landtstraf .	chutah
bsb11762465	1140	Straub .	fai
bsb11762465	1140	Strecken .	matach
bsb11762465	1140	Strecken .	ahal
bsb11762465	1140	Strecken .	Græc
bsb11762465	1141	Streich .	hechelik
bsb11762465	1141	Streich .	pittah
bsb11762465	1141	Streitbar .	ich
bsb11762465	1141	Streitbar .	ich
bsb11762465	1141	Streitbar .	chail
bsb11762465	1141	Streitbar .	chail
bsb11762465	1141	Streiten .	nilcham
bsb11762465	1142	Strom .	chibboleth
bsb11762465	1142	Strom .	pathir
bsb11762465	1143	Stück .	ciccar
bsb11762465	1143	Stück .	path
bsb11762465	1145	Stuel .	mochabh
bsb11762465	1145	Stuel .	ciffe
bsb11762465	1145	Stuel .	ille
bsb11762465	1145	Stunde .	chaah
bsb11762465	1146	Stuppel .	Kafch
bsb11762465	1146	Stuppel .	tebhen
bsb11762465	1146	regen .	fuphah
bsb11762465	1146	regen .	fearah
bsb11762465	1146	Stürken .	migger
bsb11762465	1146	Stürken .	hirgia
bsb11762465	1148	Subtil .	dak
bsb11762465	1148	wadt .	buts
bsb11762465	1148	wadt .	bad
bsb11762465	1148	wadt .	fcheh
bsb11762465	1148	wadt .	pichch
bsb11762465	1151	Sunder.c	hattarafcha
bsb11762465	1152	Sundigen .	chatah
bsb11762465	1152	Sundigen .	abhar
bsb11762465	1152	Sundigen .	racha
bsb11762465	1152	Sundigen .	herah
bsb11762465	1152	Silf .	mathok
bsb11762465	1152	Süssigkeit .	mchikuthaim
bsb11762465	1152	Suß machen .	himtik
bsb11762465	1153	Suchen .	bik
bsb11762465	1153	Suchen .	chakar
bsb11762465	1153	Suchen .	chaphas
bsb11762465	1153	Suchen .	badak
bsb11762465	1153	Suppe / Brühe .	marak
bsb11762465	1153	Suppe / Brühe .	rataph
