form	volume	scan	headword_ocr	printed
aaaa	bsb11762465	179	Zeladen .	aaaa
aach	bsb10314207	82	Verzagen .	aach
aagaab	bsb11762465	439	Fa	aagaab
aage	bsb11762465	85	Item :	aage
abad	bsb10314207	46	Verdammung .	abad
abah	bsb11762465	584	ان	.abah
abal	bsb11762465	382	Engstig sein .	abal
abarque	bsb10314207	40	Vbertretten .	abarque
abbaath	bsb11762465	1000	Ring .	abbaath
abbaiſſement	bsb11762465	64	Ablassung .	abbaiſſement
abber	bsb11762465	889	Mitgesell .	abber
abbir	bsb11762465	641	Grofmutig .	abbir
abductus	bsb11762465	756	Irrende	abductus
abech	bsb11762465	338	Du	abech
abefch	bsb11762465	340	Dürr werden .	abefch
aber	bsb11762465	1033	Schellig / wütend ,	Aber
aberwitzig	bsb11762465	1105	Sinnlof .	Aberwitzig
abfoluere	bsb11762465	134	digen .	abfoluere
abfolutio	bsb10314207	142	Volkommenheit .	abfolutio
abftergere	bsb11762465	384	Entschuidigen .	abftergere
abftinere	bsb10314207	72	Verschonen .	abftinere
abftrudere	bsb10314207	56	Verhålen .	abftrudere
abhad	bsb10314207	222	Bergehen .	abhad
abhaddon	bsb10314207	47	Be	abhaddon
abhah	bsb11762465	174	Beyfallen .	abhah
abhak	bsb11762465	1127	Staub .	abhak
abhal	bsb10314207	21	Trawren .	abhal
abhalala	bsb11762465	829	Leiden .	abhalala
abham	bsb10314207	79	Verwandter .	abham
abhar	bsb10314207	38	Pbergchen .	abhar
abhat	bsb11762465	1081	Schen .	abhat
abhatach	bsb10314207	61	Verlaffen .	abhatach
abhedah	bsb11762465	914	Na	abhedah
abhefch	bsb10314207	48	Verdorren .	abhefch
abhel	bsb11762465	211	Be	abhel
abherah	bsb10314207	40	Vbertrettung .	abherah
abhidson	bsb11762465	656	Handthierung .	abhidson
abhir	bsb10314207	65	Vermüglich .	abhir
abhnet	bsb11762465	1002	Rittergürtel .	abhnet
abhodah	bsb11762465	92	Ampt .	abhodah
abhotchab	bsb11762465	951	Pfandt .	abhotchab
abhoth	bsb10314207	147	Voreltern .	abhoth
abhur	bsb11762465	496	Frucht an Korn .	abhur
abiettus	bsb10314207	106	Vnehrlich .	abiettus
abigere	bsb10314207	78	Vertreiben .	Abigere
abiicere	bsb10314207	82	Verzagen .	abiicere
abimonah	bsb10314207	122	ge wolluft .	abimonah
abira	bsb10314207	233	Zornig	abira
abire	bsb10314207	73	Verschwinden .	abire
ablactare	bsb11762465	384	Entwehnen .	Ablactare
aboda	bsb11762465	59	Aberglaub ,	aboda
abodath	bsb11762465	70	Ackerbaw .	abodath
abolir	bsb11762465	65	Abschaffen	abolir
aboth	bsb11762465	377	Eltern .	aboth
aboutiſſant	bsb11762465	105	Anstoffig / Nahe .	aboutiſſant
aboutiſſe	bsb11762465	105	Anstoffen .	aboutiſſe-
abufiue	bsb11762465	523	Gaffe .	abufiue
abyli	bsb10314207	13	Tieffe .	abyli
abysme	bsb11762465	62	Abgrund .	abysme
abſtrahi	bsb11762465	1152	Sundigen .	abſtrahi
acbad	bsb11762465	855	Lüzel oder wenig .	acbad
accabifch	bsb11762465	1117	Sp	accabifch
acceffus	bsb11762465	364	Eingang .	acceffus
acceperunt	bsb11762465	137	Aufgang ..	acceperunt
acceptare	bsb11762465	102	Annemen .	acceptare
accepteur	bsb11762465	104	Anfchen .	accepteur
acceptum	bsb11762465	533	Gefallen .	acceptum
acceptus	bsb11762465	839	Lieb .	acceptus
accerfire	bsb11762465	478	Fordern .	accerfire
accinere	bsb11762465	93	Anblasen .	accinere
accipere	bsb10314207	82	De	accipere
accommodare	bsb10314207	249	Zusammen fågen .	accommodare
accorder	bsb11762465	178	Bekennen .	accorder
accufation	bsb11762465	101	Anklagung .	accufation
aceo	bsb11762465	427	Effig .	aceo
acerra	bsb11762465	978	Rauchfaf .	acerra
acha	bsb11762465	788	Köcher .	acha
achach	bsb11762465	708	Hoffnung .	achach
achads	bsb11762465	201	Befißen .	achads
achak	bsb11762465	439	Fa	achak
achal	bsb11762465	201	Befißen .	achal
achan	bsb11762465	288	Dampff / Dunft .	achan
achar	bsb10314207	48	Verdingen .	achar
achare	bsb11762465	134	Au	achare
acharlox	bsb11762465	659	Harren / warten .	achar.lox
acharon	bsb11762465	837	Lekter .	acharon
achas	bsb11762465	73	Adelkeit .	achas
achath	bsb11762465	530	Ordencken :	achath
achats	bsb11762465	150	Lauare & lauari , Balneare ,	achats
achbar	bsb11762465	867	Mauf .	achbar
achdar	bsb10314207	96	Inbarmherzig .	achdar
achdariiuth	bsb11762465	631	Grawsamkeit .	achdariiuth
achdfari	bsb11762465	481	Frech .	achdfari
achen	bsb10314207	159	Warlich .	achen
acher	bsb11762465	95	Ander .	acher
acherum	bsb11762465	314	Die andern .	acherum
acheter	bsb11762465	62	Abkauffen .	acheter
achhalam	bsb10314207	223	Zerstoffen .	achhalam
achid	bsb11762465	369	Einſidler .	achid
achim	bsb11762465	528	Gebrüder .	achim
achol	bsb10314207	65	Vermüglich .	achol
achor	bsb10314207	248	Item .	achor
achoth	bsb11762465	1076	Schwester .	achoth
achpoth	bsb11762465	792	Kot / Dreck .	achpoth
achsde	bsb11762465	634	Grimmigkeit .	achsde-
achumroth	bsb10314207	150	wache .	achumroth
achur	bsb11762465	789	Korn .	achur
achurim	bsb11762465	507	Fuß .	achurim
achvah	bsb11762465	107	Anzeigung .	achvah
achár	bsb10314207	48	Verdienst .	achár
aciein	bsb11762465	1044	Schlachtordnung .	aciein
aciem	bsb11762465	877	Meffer weken .	aciem
acopera	bsb11762465	1013	Sack .	acopera
acoustrer	bsb11762465	469	Flechten .	acoustrer
acropolis	bsb11762465	1051	Schloß / Burg .	acropolis
actat	bsb11762465	403	Er lobet sich selbs .	actat
adabh	bsb11762465	1076	Schwinden .	adabh
adah	bsb11762465	1055	Schmücken .	adah
adal	bsb11762465	536	Gehen .	adal
adam	bsb11762465	77	Alle Menschen .	adam
adamah	bsb11762465	71	ger .	adamah
adaph	bsb10314207	37	Vberflüßig seyn	adaph
adar	bsb10314207	40	Vbertreffen .	adar
adath	bsb11762465	745	Im	adath
addah	bsb10314207	168	We	addah
addere	bsb10314207	227	Zieren .	addere
addereth	bsb11762465	1124	St	addereth
addir	bsb11762465	72	Adel .	addir
adducere	bsb11762465	185	Be	adducere
adelheit	bsb11762465	345	Stamm .	Adelheit
adfah	bsb11762465	202	Besprengen .	adfah
adfak	bsb11762465	628	Graben .	adfak
adfal	bsb10314207	165	Wegreifen .	adfal
adfar	bsb11762465	1010	Rüsten .	adfar
adfarah	bsb11762465	707	Hoff .	adfarah
adfenim	bsb10314207	152	Waffen .	adfenim
adfur	bsb11762465	556	Gerüft .	adfur
adhachah	bsb10314207	181	Werffen .	adhachah
adhar	bsb10314207	39	Vberschreiten .	adhar
adhibebant	bsb11762465	774	Ketch .	adhibebant
adhibere	bsb11762465	202	Befferen .	adhibere
adhir	bsb11762465	1126	Starck .	adhir
adhuc	bsb11762465	788	Kol .	adhuc
adiakuch	bsb11762465	741	Jeger / Weidman .	adiakuch
adiectiu	bsb11762465	426	Efche / Eschbawm .	adiectiu
adigere	bsb10314207	16	To	adigere
adit	bsb11762465	364	Eingang .	adit
admach	bsb11762465	134	oder stoffen .	admach
admittere	bsb10314207	56	Vergunnen .	admittere
adon	bsb11762465	460	Fürst .	adon
adoptare	bsb11762465	102	Annemen .	adoptare
adoreum	bsb11762465	789	Korn .	Adoreum
adtal	bsb11762465	147	Au	adtal
adue	bsb11762465	969	Prophet .	adue
aduenture	bsb11762465	60	Abfall .	aduenture
adultera	bsb11762465	348	Ehebrecherin .	adultera
adulterari	bsb11762465	1072	Item .	adulterari
adultere	bsb11762465	348	Ehebrecher .	adultere
aera	bsb11762465	475	Fliegen .	aera
aere	bsb11762465	462	Fårtreffen .	aere
aereus	bsb11762465	699	Hoch .	aereus
afah	bsb10314207	13	Thun .	afah
afaph	bsb11762465	1016	Samlen .	afaph
afar	bsb10314207	249	Zusammen binden	afar
afcel	bsb11762465	785	Klug / Wikig .	afcel
afcendere	bsb10314207	241	Zu Himmel fahren .	afcendere
afch	bsb11762465	1020	Schab .	afch
afchach	bsb11762465	337	Dunckel werden .	afchach
afchad	bsb11762465	575	Gieffen .	afchad
afchah	bsb10314207	210	Wuchern .	afchah
afchan	bsb11762465	133	Ausblasen .	afchan
afchar	bsb11762465	989	Reich Reich seyn .	afchar
afchath	bsb11762465	838	Leuchten .	afchath
afche	bsb11762465	278	Busch .	afche
afcherah	bsb11762465	160	Bawm .	afcherah
afchir	bsb11762465	988	Reich / vermågen .	afchir
afchkenats	bsb11762465	312	Deutschlandt .	afchkenats
affabilitas	bsb11762465	487	Freundligkeit .	affabilitas
affaiſer	bsb11762465	67	Absteigen .	affaiſer
affectu	bsb11762465	862	oder Holk .	affectu
affem	bsb11762465	76	Alle .	affem-
affequi	bsb10314207	75	Verstehen .	affequi
afferere	bsb11762465	134	digen .	afferere
afferre	bsb10314207	227	Zieren .	afferre
affici	bsb11762465	385	Erbarmen .	affici
affinitas	bsb10314207	79	Verwandtschafft .	affinitas
affirmare	bsb11762465	463	Fårwar sagen .	affirmare
afger	bsb11762465	1051	Schloffer .	afger
afir	bsb11762465	533	Gefangen .	afir
afis	bsb11762465	859	Malacey / Auffak .	afis
aflictio	bsb11762465	948	Pein .	aflictio
afne	bsb11762465	410	Efel .	afne
afnon	bsb11762465	410	Efel .	afnon
afpah	bsb11762465	791	Ko	afpah
afpicere	bsb10314207	252	Zuschen .	afpicere
aftre	bsb11762465	684	Hert / Fewerftett .	aftre
aftris	bsb10314207	254	Zu	aftris
afur	bsb11762465	529	Ge	afur
afurim	bsb11762465	751	In	afurim
aféreth	bsb11762465	563	10. Gebot Gottes .	aféreth
afſfurgere	bsb10314207	168	4 Weichen .	afſfurgere
agach	bsb10314207	238	Zu einem gehen .	agach
agal	bsb10314207	90	Vmbgang .	agal
agalab	bsb10314207	153	POSTICA .	agalab
agam	bsb11762465	959	Pfük .	agam
agapagach	bsb11762465	383	lauffen .	agapagach
agaph	bsb11762465	105	Anstoffen	agaph
agar	bsb10314207	252	Acker .	agar
agencer	bsb11762465	469	Flechten .	agencer
agere	bsb10314207	214	Wurzeln .	agere
agger	bsb11762465	288	Damm .	Agger
aggo	bsb11762465	655	Handbecken .	aggo
agiddah	bsb11762465	655	Handbüschel .	agiddah
agil	bsb11762465	652	Halfbandt .	agil
agmon	bsb11762465	99	Angel . Fischhamel .	agmon
agnofcere	bsb11762465	552	Ge	agnofcere
agol	bsb11762465	494	Frolocken .	agol
agraffer	bsb11762465	258	ren .	agraffer
agricultor	bsb11762465	71	ger .	agricultor
agulah	bsb11762465	282	Circkel .	agulah
agur	bsb11762465	1069	Schwalbe .	agur
agyddah	bsb11762465	273	Bu	agyddah
ahabbah	bsb11762465	839	Liebe .	ahabbah
ahabh	bsb11762465	173	ren / vberlieffern .	ahabh
ahabhaabh	bsb11762465	168	Begierlich sein .	ahabhaabh
ahabhah	bsb11762465	487	Freundligkeit .	ahabhah
ahah	bsb11762465	148	Awe .	ahah
ahal	bsb10314207	221	Be	ahal
aheri	bsb11762465	121	Auffheben .	aheri
ahkahal	bsb11762465	872	Me	ahkahal
ahmed	bsb10314207	102	Unterrichten .	ahmed
aholo	bsb10314207	221	Be	aholo
ahubh	bsb11762465	839	Lieb .	ahubh
ahubha	bsb11762465	271	Buch	ahubha
ahubhech	bsb11762465	486	Freunde .	ahubhech
aiah	bsb11762465	537	Geyer .	aiah
aigle	bsb11762465	74	Adler .	aigle
aiin	bsb11762465	130	Aug.	aiin
aiit	bsb10314207	140	Vogel .	.aiit
aiphuth	bsb11762465	865	Mattigkeit .	aiphuth
aire	bsb11762465	71	Ack	aire
akabh	bsb11762465	694	ftellen .	akabh
akad	bsb11762465	93	Amptman .	akad
akah	bsb11762465	155	Bangigkeit .	akah
akak	bsb11762465	1076	Schwinden .	akak
akaph	bsb11762465	213	Betriegen .	akaph
akar	bsb10314207	110	Vufruchtbar .	akar
akarah	bsb10314207	110	Vnfruchtbarkeit .	akarah
akbah	bsb11762465	846	Liftigkeit .	akbah
akeph	bsb11762465	451	Fersen .	akeph
akitahor	bsb10314207	111	Vngefelscht	akitahor
akkacha	bsb11762465	108	Apoteck .	akkacha
akrab	bsb11762465	1077	Scorpion .	akrab
alach	bsb11762465	683	He	alach
alads	bsb11762465	390	Erfrewet werden .	alads
alagamar	bsb10314207	46	Verdammung .	alagamar
alah	bsb10314207	204	Wolthat erzeigen .	alah
alak	bsb11762465	259	Brennen .	alak
alal	bsb10314207	104	Item .	alal
alam	bsb10314207	43	Ve	alam
alaph	bsb11762465	834	Vnderweiser .	alaph
alaphat	bsb11762465	162	Bedecken .	alaphat
alar	bsb11762465	223	Binden .	alar
alas	bsb10314207	224	Zertretten .	alas
alatah	bsb11762465	466	Finsterniß	alatah
alats	bsb11762465	490	Frewd haben .	alats
albedo	bsb11762465	630	Grawe oder weisse .	albedo
albicans	bsb11762465	991	Rein .	albicans
albugo	bsb10314207	177	Weisse .	Albugo
album	bsb10314207	177	Weisse .	album
aleh	bsb11762465	231	Bladt .	aleh
alias	bsb10314207	105	Unterweilen .	alias
alicu	bsb11762465	328	Donnern .	alicu-
alicui	bsb11762465	882	Miffethat vergeben .	alicui
alicuius	bsb10314207	238	Zu einem gehen .	alicuius
alienatio	bsb11762465	446	Feindschafft .	alienatio
alienos	bsb11762465	61	ehren .	alienos
aliiah	bsb11762465	1047	Schlaffkammer .	aliiah
alila	bsb11762465	1120	Spottung .	alila
alilah	bsb10314207	149	Prsach .	alilah
alioquin	bsb11762465	328	Donnern .	alioquin
alios	bsb11762465	856	Mage .	alios
aliqua	bsb11762465	709	Ho	aliqua
aliquando	bsb10314207	46	Verdammung .	aliquando
aliquem	bsb11762465	408	Erstechen .	aliquem
aliqui	bsb11762465	968	Predigstul / Cankel .	aliqui
aliquid	bsb10314207	54	Vergessen .	aliquid
aliquo	bsb10314207	165	Weg senden .	aliquo
aliquot	bsb11762465	830	Leihen .	aliquot
alis	bsb11762465	475	Fliegen .	alis
alitſuth	bsb11762465	490	Fr	alitſuth
alix	bsb10314207	169	Weiden .	alix
alkal	bsb11762465	742	Il ) Egel	alkal
alken	bsb11762465	293	Darumb . D	alken
alkut	bsb10314207	5	Za	alkut
alle	bsb10314207	184	Wi	alle
aller	bsb10314207	253	Zu Stuel gehen .	aller
alleuates	bsb11762465	1138	St	alleuates
alleure	bsb11762465	665	He	alleure
alluph	bsb10314207	148	Item :	alluph
almah	bsb11762465	1058	Sch	almah
almanah	bsb10314207	190	Widwe .	almanah
almuth	bsb10314207	151	Wachsen .	almuth
alpaph	bsb10314207	252	Acker .	alpaph
alterare	bsb11762465	379	Endern .	alterare
alterutrum	bsb11762465	369	tereinander .	alterutrum
altfel	bsb11762465	99	Angel . Fischhamel .	altfel
alukah	bsb11762465	347	Egel / Eile .	alukah
aluus	bsb11762465	770	Ke	aluus
alym	bsb11762465	655	Handbüschel .	alym
alymma	bsb11762465	273	Bu	alymma
amad	bsb10314207	57	Verharren .	amad
amal	bsb10314207	52	Ve	amal
amalgadol	bsb11762465	636	Gros arbeit .	amalgadol
amans	bsb11762465	124	Auffrecht .	amans
amar	bsb11762465	142	fprechen .	amar
amarah	bsb11762465	982	Rede ..	amarah
amarulentus	bsb11762465	230	Bitter .	amarulentus
amas	bsb11762465	179	Zeladen .	amas
amator	bsb11762465	842	Liebhaber .	Amator
amicabilitas	bsb11762465	487	Freundligkeit .	amicabilitas
amicus	bsb11762465	842	Liebhaber .	amicus
amir	bsb11762465	115	Aft / Zweig .	amir
amith	bsb11762465	889	Mitgesell .	amith
amithim	bsb11762465	561	Gesellen .	amithim
amittere	bsb11762465	144	Aufschicken .	amittere
ammah	bsb11762465	96	Anderthalb schuch .	ammah
ammal	bsb11762465	374	Cubitus , & cubitum , vlna ,	ammal
ammits	bsb11762465	1126	Starck .	ammits
ammud	bsb11762465	536	Ge	ammud
amnam	bsb10314207	159	Warlich .	amnam
amok	bsb10314207	13	Tieff .	amok
amoris	bsb11762465	814	Kuh	amoris
amoth	bsb11762465	284	Corallen .	amoth
amplitudo	bsb11762465	867	Mechtigkeit .	amplitudo
amthachath	bsb11762465	1013	Sack .	amthachath
amuth	bsb11762465	757	Jugende .	amuth
anach	bsb11762465	236	Bleywage .	anach
anachah	bsb11762465	1091	Scuffkung .	anachah
anachal	bsb11762465	477	Fluß .	anachal
anachanak	bsb11762465	1091	Seuffgen .	anachanak
anachorita	bsb11762465	369	Einſidler .	anachorita
anad	bsb11762465	666	Hefften .	anad
anaf	bsb11762465	1017	Sanfftimütig .	anaf
anafch	bsb11762465	1139	Straffen .	anafch
anah	bsb10314207	149	Prsach .	anah
anak	bsb11762465	143	Plaut . Exugere , exorbere	anak
anakim	bsb11762465	1001	Riese .	anakim
anal	bsb11762465	227	Eitt erhören .	anal
anan	bsb11762465	919	Nebel .	anan
ananabh	bsb10314207	203	Wolcke .	ananabh
anaph	bsb10314207	255	nes Baums .	anaph
anauah	bsb10314207	236	Zucht / Demuth .	anauah
anchad	bsb11762465	195	Beschawen .	anchad-
anchanach	bsb10314207	102	Unterrichten .	anchanach
anelchamah	bsb11762465	1078	Seele .	anelchamah
anfallen	bsb11762465	99	, Angehen .	Anfallen
anfang	bsb10314207	150	Vrsprung .	Anfang
anfeher	bsb11762465	104	Anfchen .	Anfeher
angenim	bsb10314207	181	Werth .	Angenim
angere	bsb11762465	334	Drücken .	angere
angor	bsb10314207	22	Trawrigkeit .	angor
angufti	bsb11762465	783	Cuminum , cyn i sum .	angufti
anima	bsb10314207	167	We	anima
animi	bsb10314207	131	Pnschuldt .	animi
anis	bsb10314207	227	Biet .	anis
anklagen	bsb10314207	60	Verklagen .	Anklagen
anmar	bsb11762465	1014	Sagen / reden .	anmar
anneau	bsb11762465	466	Fingerring .	anneau
annectere	bsb11762465	93	Amptman .	annectere
anni	bsb11762465	922	New Jahr .	anni
annoncer	bsb10314207	254	Zu	annoncer
annotation	bsb11762465	106	Anzeigung .	annotation
annuere	bsb10314207	56	Vergunnen .	annuere
anon	bsb11762465	1103	Sünde .	anon
anteire	bsb10314207	40	Vbertreffen .	anteire
anteuertere	bsb10314207	40	Vbertreffen .	anteuertere
anticipare	bsb10314207	148	Vorkommen .	anticipare
antur	bsb11762465	680	Herbst .	antur
anxietas	bsb10314207	22	Trawrigkeit .	anxietas
anypodetus	bsb11762465	156	Barfuß .	Anypodetus
aouft	bsb11762465	132	Au	Aouft
apas	bsb10314207	54	De	apas
apel	bsb11762465	466	Finster .	apel
aperire	bsb11762465	125	Auffschliessen .	aperire
apes	bsb11762465	743	Imme / Biene .	apes
aphabh	bsb10314207	90	Vmbgang .	aphabh
aphach	bsb11762465	1076	Schwillen .	aphach
aphachoreph	bsb11762465	1093	Si	aphachoreph
aphad	bsb11762465	1010	Rüsten .	aphad
aphak	bsb11762465	494	Frolocken .	aphak
aphaphas	bsb10314207	46	Verdammung .	aphaphas
aphappaiim	bsb11762465	131	deckel .	aphappaiim
aphar	bsb11762465	66	Abschreiben .	aphar
aphaſch	bsb11762465	441	Faul seyn .	aphaſch
aphe	bsb10314207	206	Wo	aphe
aphel	bsb11762465	336	Dunckel .	aphel
aphelah	bsb11762465	466	Finsterniß	aphelah
aphik	bsb11762465	477	Fluß .	aphik
apis	bsb11762465	743	Imme / Biene .	Apis
apocalypfi	bsb11762465	1002	Rock .	apocalypfi
appaiim	bsb11762465	100	An	appaiim
appalim	bsb11762465	919	Nafelocher .	appalim
apparatus	bsb11762465	540	Gekocht .	apparatus
appareille	bsb11762465	189	Be	appareille
apparence	bsb11762465	104	Anfchen .	apparence
appellare	bsb11762465	194	Beruffen / fordern .	appellare
appelle	bsb11762465	132	Au	appelle
appetens	bsb11762465	341	Durstig .	appetens
appetere	bsb11762465	546	Gelüften / Begeren .	appetere
appetit	bsb11762465	108	Ap	appetit
appluere	bsb11762465	202	Besprengen .	appluere
approbare	bsb11762465	219	Bezeugen .	approbare
apud	bsb10314207	105	Unterweilen .	apud
aquam	bsb11762465	1035	Schepffen .	aquam
arab	bsb11762465	68	Ab	arab
arabbah	bsb10314207	195	Wildniß ......	arabbah
arabchabhar	bsb11762465	767	Ka	arabchabhar
arabh	bsb10314207	169	Weiden .	arabh
arabhah	bsb10314207	210	Wu	arabhah
arabhalach	bsb10314207	64	Vermischen .	arabhalach
arabhoth	bsb11762465	690	Himmel .	arabhoth
arach	bsb10314207	247	Zurichten .	arach
arah	bsb10314207	111	Ungehorsamkeit .	arah
arak	bsb11762465	822	Lauffen / Fliehen .	arak
aram	bsb11762465	214	Betriegen .	aram
araph	bsb11762465	258	Brechen .	araph
arar	bsb11762465	477	Fluchen .	arar
arbeiten	bsb11762465	1024	Gallic . chien dogue .	Arbeiten
arbor	bsb11762465	354	Eichbaum .	arbor
arcadicum	bsb11762465	247	Bo	Arcadicum
arcanum	bsb11762465	536	Geheimnis .	arcanum
arcendo	bsb11762465	276	Burg .	arcendo
arch	bsb11762465	435	Farb	arch
archimagirus	bsb11762465	807	Küchenmeister .	Archimagirus
arco	bsb11762465	243	Regenbogen .	arco
arcula	bsb11762465	978	Rauchfaf .	arcula
arcus	bsb11762465	573	Gewelbe .	arcus
ardenti	bsb10314207	233	Zornig	Ardenti
ardere	bsb11762465	167	Begeren .	ardere
ardet	bsb11762465	788	Kol .	ardet
arefactum	bsb11762465	688	Hew .	arefactum
arelah	bsb11762465	576	Gieffah .	arelah
areph	bsb11762465	1127	rig .	areph
arez	bsb11762465	77	Alle Menschen .	arez
argaman	bsb11762465	971	Purpurkleid .	argaman
argentum	bsb11762465	543	Geleutert Silber .	argentum
argute	bsb11762465	785	Klüglich .	argute
aride	bsb11762465	801	Krek / Reudigkeit .	aride
arieh	bsb11762465	852	Lowe .	arieh
arig	bsb11762465	115	Aft / Zweig .	arig
arits	bsb11762465	1126	Starck .	arits
armentis	bsb11762465	259	brám .	armentis
armon	bsb11762465	766	Kaftanie .	armon
arnébheth	bsb11762465	659	Hafe .	arnébheth
arod	bsb10314207	155	Wa	arod
aron	bsb11762465	778	Kift / Kaft / Truhe .	aron
aros	bsb10314207	170	Weyrauch .	aros
arracher	bsb11762465	55	Abbrechen .	arracher
arreſter	bsb11762465	236	Bleiben .	arreſter
artfah	bsb11762465	925	fich legen .	artfah
articulos	bsb10314207	11	Theilen .	articulos
artifex	bsb11762465	810	Künstler .	Artifex
aruch	bsb11762465	817	Lang .	aruch
aruchat	bsb11762465	56	bendmal .	aruchat
aruga	bsb11762465	943	Ordnung .	aruga
arum	bsb11762465	644	wilden Thier .	arum
arundinea	bsb11762465	789	Korb .	arundinea
arur	bsb10314207	50	Verflucht .	arur
arxab	bsb11762465	276	Burg .	Arxab
arybbah	bsb11762465	289	Rauchloch .	arybbah
asah	bsb10314207	247	Zurichten .	asah
atah	bsb10314207	180	Wenden .	atah
atalleph	bsb11762465	470	Fledermauf .	atalleph
atam	bsb11762465	1132	Starck sein .	atam
ataph	bsb10314207	26	Tropffen .	ataph
atar	bsb10314207	58	Verhüten .	atar
atarah	bsb11762465	764	1 Vogels .	atarah
atate	bsb10314207	254	Zu 1	atate
atch	bsb11762465	862	Mantel .	atch
atchpah	bsb11762465	332	Dreck .	atchpah
ateret	bsb11762465	806	Krug .	ateret
atfa	bsb11762465	137	Aufgehen .	atfa
atfabbim	bsb11762465	599	Göke .	atfabbim
atfak	bsb11762465	476	Flieffen .	atfak
atfal	bsb10314207	102	Ba	atfal
atfam	bsb10314207	92	Vmbschliessen .	atfam
atfar	bsb11762465	655	Handhaben .	atfar
atfarah	bsb11762465	946	Pallast .	atfarah
atfel	bsb11762465	439	Fa	atfel
athak	bsb10314207	42	Veralten .	athak
atham	bsb11762465	93	Amptman .	atham
athar	bsb10314207	37	Vberflüßig seyn	athar
athed	bsb11762465	916	Nagel .	athed
athla	bsb11762465	89	Amethist .	athla-
atial	bsb11762465	696	Hirsch .	atial
atifa	bsb10314207	215	Banck .	atifa
atin	bsb11762465	871	Melekemmer .	atin
atlam	bsb11762465	637	Groffer werden .	atlam
atlar	bsb11762465	123	Au	atlar
atlats	bsb10314207	222	Zerschtahen .	atlats
atque	bsb10314207	190	Item .	atque
atrum	bsb10314207	118	Ongewitter ...	atrum
atslah	bsb11762465	440	Fa	atslah
atsluth	bsb11762465	819	schlefferigkeit .	atsluth
attabh	bsb11762465	382	Engstig sein .	attabh
attali	bsb11762465	931	Nun / Jckiger zeit .	attali
atte	bsb11762465	526	Gebetr .	atte-
attirer	bsb11762465	147	Außzucken .	attirer
attud	bsb11762465	243	Bork .	attud
atſabh	bsb11762465	179	Bekümmert seyn .	atſabh
atſam	bsb11762465	132	Augen zuthun .	atſam
atſubh	bsb11762465	211	Be	atſubh
auch	bsb11762465	116	Athem holen .	auch
auctor	bsb11762465	270	bent .	Auctor
auctore	bsb11762465	75	Aher / Kornaher .	auctore
aucun	bsb11762465	69	Ab	aucun
aucupari	bsb10314207	209	Wornach streben .	aucupari
audax	bsb11762465	808	Kün .	Audax
audir	bsb11762465	65	Abschewen haben .	audir
auec	bsb11762465	68	Ab	auec
auere	bsb11762465	167	Begeren .	auere
auff	bsb11762465	1040	Schiffen .	Auff
aufpicium	bsb11762465	922	New Jahr .	aufpicium
auiditas	bsb11762465	108	Appetit / Luft .	auiditas
aulum	bsb10314207	148	Vorhoff .	aulum
auoir	bsb11762465	70	Ack	auoir
aupres	bsb10314207	238	Zu .	aupres
aura	bsb11762465	308	Derhalben .	Aura
auras	bsb11762465	116	Athem holen .	auras
auril	bsb11762465	108	Aprill .	auril
aurum	bsb11762465	543	Geleutert Gold .	Aurum
autem	bsb11762465	282	Circkel .	autem
auth	bsb11762465	384	Entschuldigung .	Auth
autre	bsb11762465	61	Götter .	autre
autumni	bsb10314207	266	Im Herbste .	autumni
avargjev	bsb11762465	384	Enkunden .	avargjev
awah	bsb11762465	855	Luft / begierde .	awah
aſali	bsb11762465	365	Ei	aſali
aſne	bsb10314207	155	Wa	aſne
aſnichon	bsb11762465	410	Efel .	aſnichon
aſtate	bsb11762465	1128	Stehende See .	aſtate
baach	bsb11762465	1137	Stincken .	baach
baah	bsb11762465	427	Eischen / Fordern .	baah
baal	bsb11762465	150	Bader .	baal
baalaabh	bsb11762465	272	Bulen .	baalaabh
baaliſch	bsb11762465	349	Ehemann .	baaliſch
baar	bsb11762465	99	Angeboren freund .	baar
baarets	bsb10314207	254	Herrschen .	baarets
baat	bsb10314207	224	Zertretten .	baat
babath	bsb11762465	131	Augapffel .	babath
babboker	bsb11762465	497	Fr	babboker
babulous	bsb11762465	550	Ge	babulous
bacchar	bsb11762465	279	Cameel .	bacchar
bach	bsb11762465	703	Infigniter probare .	bach
bachah	bsb10314207	174	We	bachah
bachar	bsb11762465	136	Auserwehlen .	bachar
bacharfoth	bsb10314207	244	Zu Mitternacht .	bacharfoth
bachfrag	bsb10314207	183	Wickeln .	bachfrag
bachofcheth	bsb11762465	341	Düfterlich .	bachofcheth
bachoreph	bsb10314207	266	Im Herbste .	bachoreph
bachthanah	bsb11762465	267	Brunk .	bachthanah
bachur	bsb11762465	136	Auserkoren .	bachur
bacum	bsb11762465	288	Dachs .	bacum
badad	bsb11762465	77	Allein .	badad
badah	bsb11762465	929	Nichtachten .	badah
badak	bsb11762465	479	Fr	badak
badal	bsb10314207	23	Trennen .	badal
baddim	bsb11762465	854	Lü	baddim
badfah	bsb10314207	41	Ve	badfah
badfar	bsb11762465	145	Aufſpreiten .	badfar
badidſahabh	bsb10314207	56	Vergülden .	badidſahabh
baerebh	bsb11762465	56	bendmal .	baerebh
baereblr	bsb11762465	57	Ab	baereblr
bafar	bsb11762465	242	Blutfreunde .	bafar
bafchichanah	bsb11762465	688	Hewr .	bafchichanah
bahah	bsb11762465	827	Item .	bahah
bahal	bsb11762465	178	Bekümmern .	bahal
bahar	bsb10314207	143	Vo	bahar
bahir	bsb11762465	781	Klar .	bahir
bahtr	bsb11762465	577	Glank / Schein .	bahtr
baiiom	bsb11762465	88	Am dritten tage .	baiiom
baiit	bsb11762465	534	Gefengnif .	baiit
baiith	bsb11762465	172	Behaufung .	baiith
bailler	bsb11762465	140	Au	bailler
baiom	bsb11762465	89	Gerichte .	baiom
baiouah	bsb10314207	78	haben .	baiouah
baith	bsb11762465	663	Hauß	baith
baka	bsb11762465	62	Ab .	baka
bakak	bsb11762465	827	Item .	bakak
bakar	bsb10314207	84	Vich .	bakar
bakkafchah	bsb11762465	390	Erforschung .	bakkafchah
bakkarah	bsb11762465	390	Erforschung .	bakkarah
bala	bsb10314207	71	Verschlucken .	bala
balah	bsb10314207	42	Veralten .	balah
balam	bsb10314207	92	Vmbschliessen .	balam
baleh	bsb11762465	86	Alter man .	baleh
balier	bsb11762465	63	ab	Balier
balim	bsb10314207	203	Wolcke .	balim
ballailah	bsb11762465	174	Bey nachte .	ballailah
ballat	bsb11762465	668	Aduerbialiter .	ballat
balmuth	bsb11762465	654	Hammer .	balmuth
balnearium	bsb11762465	150	Badstub .	balnearium
balohebh	bsb11762465	272	Buler .	balohebh
bamma	bsb11762465	294	fupp .	bamma
bana	bsb11762465	1122	Stadt bawen .	bana
banaeth	bsb11762465	367	Ein Hauß bawen .	banaeth
banah	bsb11762465	158	Bawen .	banah
banim	bsb11762465	775	Kinder .	banim
banniſement	bsb11762465	69	Acht .	banniſement
banquet	bsb10314207	218	Zech .	banquet
bara	bsb11762465	1062	Schopffen .	bara
barach	bsb11762465	316	Die flucht geben .	barach
barack	bsb11762465	62	Ab .	barack
barad	bsb11762465	651	Hagel .	barad
barah	bsb11762465	136	Auserwehlen .	barah
barak	bsb11762465	237	Blik .	barak
barar	bsb11762465	136	Auserwehlen .	barar
barba	bsb11762465	157	Ba	barba
barbicarius	bsb11762465	1082	Seidensticker .	barbicarius
bare	bsb11762465	169	Be	bare
bari	bsb11762465	313	Dick .	bari
bariach	bsb11762465	634	Grindel / Riegel .	bariach
barur	bsb11762465	136	Auserkoren .	barur
bata	bsb11762465	540	Ge	bata
batach	bsb10314207	78	Vertrawen .	batach
batal	bsb11762465	904	Mu	batal
batel	bsb11762465	903	Müssig .	batel
batfa	bsb11762465	573	Gewinnen .	batfa
batfal	bsb10314207	257	Zwiebel .	batfal
batfir	bsb11762465	680	Herbst .	batfir
bath	bsb10314207	14	Tochter .	bath
bathak	bsb10314207	222	Be	bathak
batlan	bsb11762465	903	Müssig .	batlan
batlantum	bsb11762465	373	Eitel / leichtfertig .	batlan.tum
batuach	bsb11762465	1094	Sicher .	batuach
baudrier	bsb11762465	1002	Rittergürtel .	baudrier
baſſephinah	bsb11762465	118	Au	baſſephinah
bbach	bsb11762465	403	Ernehren .	bbach
bbed	bsb10314207	23	Treschen .	bbed
bber	bsb11762465	1014	Sagen / reden .	bber
bberah	bsb11762465	1071	Sch	bberah
bboth	bsb11762465	154	Bandt .	bboth
beale	bsb11762465	273	Bundgenossen .	beale
bealim	bsb11762465	61	Götter .	bealim
bearah	bsb11762465	384	Enhåndung .	bearah
beatus	bsb11762465	1087	Selig	Beatus
beaucoup	bsb11762465	280	Capittelhauf .	beaucoup
bebatith	bsb11762465	751	Jus Haus gehen .	bebatith
bebeth	bsb11762465	751	In	bebeth
bebherur	bsb11762465	135	Ausdrücklich .	bebherur
bebitur	bsb11762465	135	Ausdrücklich .	bebitur
bech	bsb11762465	490	Frewd anzeigen .	bech
bechabod	bsb11762465	393	Honorifice fepultus eſt .	bechabod
becherch	bsb11762465	668	Aduerbialiter .	becherch
becheribh	bsb11762465	340	Dürr machen .	becheribh
becherifch	bsb10314207	6	Taubheit .	becherifch
bechoch	bsb11762465	785	Klüglich .	bechoch-
bechochma	bsb10314207	177	Weißlich .	bechochma
becol	bsb11762465	78	Allenthalben .	becol
becolet	bsb11762465	1133	St	becolet
becoli	bsb10314207	4	Täglich .	becoli
bedaath	bsb11762465	137	Au	bedaath
bedilah	bsb11762465	1024	Scheidung .	bedilah
bedorenu	bsb10314207	254	Zu 1	bedorenu
bedſeh	bsb11762465	369	tereinander .	bedſeh
beebha	bsb11762465	136	Auß fcindschafft .	beebha
beefir	bsb11762465	1000	Kingern .	beefir
beemath	bsb11762465	463	1 Fürwar .	beemath
beemeth	bsb10314207	158	Warhafftiglich .	beemeth
beenai	bsb11762465	411	Es gefelt mir .	beenai
beene	bsb11762465	748	genwertng .	beene
beer	bsb11762465	139	Auflegen .	beer
beeth	bsb10314207	254	Zu 1	beeth
befcare	bsb11762465	1115	Speisen .	befcare
befferung	bsb10314207	236	Zuchtigung .	Befferung
befinah	bsb11762465	136	Auß fcindschafft .	befinah
beforah	bsb11762465	253	Botschafft .	beforah
befudlen	bsb10314207	79	Verunreinigen .	Befudlen
beged	bsb11762465	179	Ve	beged
behemah	bsb10314207	84	Vich .	behemah
behemoth	bsb10314207	11	Thier .	behemoth
behyllal	bsb11762465	704	Hochwirdig .	behyllal
beiroth	bsb10314207	11	Thier .	beiroth
beitto	bsb10314207	220	Zeitlich .	beitto
bekadruth	bsb11762465	341	Düfterlich .	bekadruth
bekar	bsb11762465	763	Kalb .	bekar
beketcher	bsb11762465	244	Bogen spannen .	beketcher
beli	bsb11762465	85	Item :	beli
belia	bsb11762465	248	Bofwicht / bube .	belia
belial	bsb10314207	126	Vnnüşer Mensch .	belial
beliial	bsb11762465	268	Bub / Lecker .	beliial
belil	bsb11762465	508	Futter .	belil
bellica	bsb11762465	665	Heer / Kriegesheer .	bellica
belux	bsb10314207	193	Wilde thier .	belux
bemirmah	bsb11762465	846	Liſtiglich .	bemirmah
bene	bsb11762465	77	Alle Menschen .	bene
beneficiorum	bsb11762465	289	Danck .	beneficiorum
bens	bsb11762465	999	Richter .	bens
beodenni	bsb10314207	167	We	beodenni
bepheta	bsb11762465	152	Bald .	bepheta
berabha	bsb11762465	983	Re	berabha
berachah	bsb11762465	509	Gabe .	berachah
beratſon	bsb10314207	4	Tamarisch staude .	beratſon
bere	bsb11762465	105	Item :	bere
bereb	bsb11762465	516	Gar offt .	bereb
berech	bsb11762465	786	Knie .	berech
berecha	bsb11762465	250	Bo	berecha
berefchit	bsb11762465	98	Anfenglich .	berefchit
berent	bsb11762465	324	Difch .	berent
beriah	bsb11762465	560	Gefchöpff .	beriah
beriali	bsb11762465	98	Anfang der Welt .	beriali
berith	bsb10314207	43	Verbundtnuß .	berith
bermim	bsb11762465	781	Kleid .	bermim
berofch	bsb11762465	270	Buchsbawm .	berofch
beromin	bsb11762465	179	Ve	beromin
bert	bsb11762465	826	Ledig .	bert
berubtein	bsb10314207	21	Trawren .	Berubtein
beta	bsb11762465	538	Geik .	beta
betech	bsb11762465	708	Hoffnung .	betech
beten	bsb11762465	157	Bauch .	beten
beter	bsb11762465	626	Gold .	beter
betfa	bsb11762465	573	Gewinn .	betfa
betfeth	bsb11762465	497	Fr	betfeth
beth	bsb11762465	150	Badstub .	beth
betham	bsb11762465	138	Au	betham
bethléchem	bsb11762465	209	Bethlchem .	bethléchem
bethulah	bsb11762465	758	Jungfrauw .	bethulah
bethulim	bsb11762465	760	Jungfrawschafft .	bethulim
bett	bsb10314207	100	Vnderbett .	Bett
beuru	bsb11762465	1145	Stunde .	beuru
beſch	bsb10314207	105	Unterwerffen .	beſch
beſchachar	bsb11762465	497	Fr	beſchachar
beſtuæ	bsb10314207	193	Wilde thier .	beſtuæ
bfque	bsb11762465	379	Enderung .	bfque
bhaats	bsb11762465	632	Gr	bhaats
bhah	bsb10314207	122	Vngunst .	bhah
bhai	bsb11762465	1152	Silf .	bhai
bhal	bsb11762465	136	Auffallen .	bhal
bhala	bsb11762465	168	Begierligkeit .	bhala
bhar	bsb11762465	1040	Schiffen .	bhar
bhchair	bsb11762465	688	Hew .	bhchair
bhed	bsb11762465	350	Gloria .	bhed
bhet	bsb11762465	1012	Xu	bhet
bheth	bsb10314207	65	Ve	bheth
bhimach	bsb11762465	882	Mischung .	bhimach
bhir	bsb11762465	1126	Starck .	bhir
bhorah	bsb11762465	743	Imme / Biene .	bhorah
bhri	bsb11762465	756	Jüde .	bhri
bhth	bsb11762465	561	Geschwulst .	bhth
biar	bsb11762465	107	An	biar
bibbith	bsb11762465	126	Auffsehen .	bibbith
bible	bsb11762465	219	Bibel .	bible
biche	bsb11762465	693	Hinde .	biche
bidens	bsb11762465	766	Karst .	Bidens
biei	bsb11762465	801	Krek / Reudigkeit .	biei
bier	bsb11762465	259	Brennen .	bier
biet	bsb11762465	66	Abschrecken .	biet
bieth	bsb11762465	405	Er	bieth
biffer	bsb11762465	382	En	biffer
biftaf	bsb10314207	267	Im Winter .	biftaf
bigrah	bsb11762465	334	Dromedari .	bigrah
bikah	bsb11762465	344	Ebenfeldt .	bikah
bikka	bsb11762465	711	Ho	bikka
biktfarah	bsb11762465	811	Kürklich	biktfarah
bilis	bsb11762465	178	Bekandt .	bilis
bilitas	bsb11762465	205	Bestendigkeit .	bilitas
billah	bsb11762465	486	Freffen .	billah
bilti	bsb11762465	921	Nein .	bilti
biluah	bsb10314207	249	Zusammen fågen .	biluah
bilum	bsb10314207	203	Wolcke .	bilum
bilſchon	bsb11762465	820	Latcinisch reden .	bilſchon
bimah	bsb11762465	280	Cameel .	bimah
bimerah	bsb11762465	1057	Sch	bimerah
bina	bsb10314207	75	Aftligere lapidum imbri .	bina
bindabhah	bsb10314207	196	Williglich	bindabhah
binurim	bsb11762465	747	२३ nen tagen .	binurim
bipalium	bsb11762465	766	Karst .	Bipalium
birah	bsb11762465	172	Behaufung .	birah
birbah	bsb10314207	63	Vermehren .	birbah
birhallel	bsb11762465	998	Item .	birhallel
bischfchel	bsb11762465	1100	Sieden .	bischfchel
bisher	bsb11762465	103	Anråren .	bisher
bitch	bsb11762465	1120	Sp	bitch
bitcha	bsb11762465	708	Hoffnung .	bitcha
bithbhunah	bsb11762465	785	Klüglich .	bithbhunah
bithochu	bsb10314207	177	Weißlich .	bithochu
bits	bsb10314207	103	Vnterfpreiten .	bits
bitta	bsb10314207	243	Bu	bitta
bitte	bsb11762465	1014	Sagen / reden .	bitte
bitten	bsb10314207	239	Zu fuß fallen .	bitten
bitter	bsb11762465	145	Aufsſpenden .	bitter
bitumen	bsb11762465	757	Jüdenleim .	Bitumen
bium	bsb11762465	420	Es	bium
blancheur	bsb10314207	177	Weisse .	blancheur
blatt	bsb11762465	1020	Schab .	blatt
blax	bsb11762465	784	Klok .	blax
blaſme	bsb11762465	75	Affterredung .	blaſme
blirah	bsb10314207	232	Zorn .	blirah
boda	bsb11762465	318	feit .	boda
bofch	bsb11762465	195	Be	bofch
bofchah	bsb11762465	1025	Scham / Zucht .	bofchah
bofcheh	bsb10314207	106	Vnehr .	bofcheh
bofcheth	bsb11762465	1025	Scham / Zucht .	bofcheth
bofem	bsb11762465	575	Gewürk .	bofem
bohen	bsb11762465	297	Daum .	bohen
bohu	bsb11762465	936	Dede .	bohu
boire	bsb10314207	218	Bechgesell .	boire
bois	bsb11762465	270	Buchsbawm .	Bois
boker	bsb10314207	85	Vichhirt .	boker
boles	bsb11762465	775	Kinder .	boles
bombarda	bsb11762465	274	ſcheuft .	bombarda
bombo	bsb11762465	274	ſcheuft .	bombo
bombyx	bsb11762465	1081	Seiden .	bombyx
bona	bsb11762465	648	Guter ding / frolich .	bona
bonchacham	bsb10314207	75	Verstehen .	bonchacham
boneh	bsb11762465	158	Bawmeister .	boneh
bonnet	bsb11762465	223	Bireth .	bonnet
borare	bsb11762465	573	Ge	borare
borc	bsb11762465	1062	Schopffer .	borc
bore	bsb11762465	1010	Ruhe / Ruge .	bore
boriofus	bsb11762465	1069	Schwer .	boriofus
boris	bsb11762465	660	Haselstaude .	boris
borreur	bsb11762465	65	Abschewen haben .	borreur
bosch	bsb11762465	1022	Sch	bosch
both	bsb11762465	839	Lideren Sack .	both
bouc	bsb11762465	243	Bork .	bouc
boucler	bsb11762465	258	ren .	boucler
bouffle	bsb11762465	272	Büffel .	Bouffle
boule	bsb11762465	808	Kugel .	boule
boulengier	bsb11762465	162	Becker .	boulengier
bourer	bsb11762465	71	Ackern / Pflügen .	bourer
bracatebre	bsb11762465	266	Br	bracatebre
bracha	bsb11762465	268	Brunk verhalten .	bracha
bractea	bsb11762465	235	Blech .	Bractea
branche	bsb11762465	115	Aft / Zweig .	branche
brare	bsb10314207	150	Wachen .	brare
bras	bsb11762465	110	Arm am Leibe .	bras
bratiffimæ	bsb11762465	190	Verumpt .	bratiffimæ
breite	bsb11762465	1068	Schussel .	breite
bricanda	bsb10314207	228	Zimmerman .	bricanda
bricoſe	bsb11762465	341	Düfterlich .	bricoſe
brigand	bsb11762465	898	Morder .	brigand
bringen	bsb10314207	249	Zusaminen halten .	bringen
bros	bsb11762465	270	Buchtrucken .	bros
brouillard	bsb11762465	919	Nebel .	brouillard
brouster	bsb11762465	68	Abweiden .	brouster
brouuee	bsb11762465	919	Nebel .	brouuee
bruchus	bsb10314207	213	Wurım .	bruchus
bruit	bsb11762465	1025	Schall / laut .	bruit
brum	bsb10314207	8	Tempel .	brum
brume	bsb10314207	267	Im Winter .	brume
brunette	bsb10314207	218	Zech .	brunette
bruta	bsb10314207	193	Wilde thier .	bruta
buah	bsb11762465	561	Geschwer )	buah
bubalus	bsb11762465	272	Büffel .	Bubalus
bubfequa	bsb11762465	814	ber .	bubfequa
bubulcus	bsb10314207	85	Vichhirt .	bubulcus
bubulo	bsb11762465	278	Butter .	bubulo
bucca	bsb10314207	230	Zinn .	bucca
bucula	bsb11762465	762	Junge Kuh .	bucula
bugler	bsb11762465	245	Blocken .	bugler
bulum	bsb11762465	925	Ni	bulum
bumah	bsb11762465	968	Predigstul / Cankel .	bumah
bunculus	bsb11762465	280	Carfunckelstein .	bunculus
bunt	bsb10314207	170	Weyrauch .	bunt
buri	bsb11762465	170	Begraben werden .	buri
buts	bsb11762465	1148	wadt .	buts
caabh	bsb11762465	179	Bekümmert seyn .	caabh
caafcher	bsb10314207	190	Item .	caafcher
caah	bsb11762465	211	Betrübt seyn .	caah
caaſcher	bsb11762465	82	Al	caaſcher
cabal	bsb11762465	662	Hauff Volcks .	cabal
cabbir	bsb11762465	641	Grofmutig .	cabbir
cabh	bsb10314207	191	Wieg / Kindtswing .	cabh
cabhad	bsb10314207	65	Vermüglich .	cabhad
cabhar	bsb11762465	637	Groffer werden .	cabhar
cabhed	bsb11762465	989	Reich Reich seyn .	cabhed
cabhir	bsb11762465	1126	Starck .	cabhir
cabhod	bsb11762465	73	Adelkeit .	cabhod
cabled	bsb10314207	85	Viel .	cabled
cabo	bsb11762465	345	Stamm .	cabo
caboth	bsb11762465	350	Ehr .	caboth
cacabus	bsb11762465	772	Keffel .	cacabus
cachach	bsb10314207	62	Ve	cachach
cachad	bsb10314207	43	Ve	cachad
cachal	bsb11762465	106	An	cachal
cachali	bsb11762465	436	Fa	cachali
cachinnus	bsb11762465	814	Lachend .	cachinnus
cadauera	bsb11762465	662	verbrennen .	cadauera
cadere	bsb11762465	167	Begeben .	cadere
cadfabh	bsb11762465	844	Liegen / dichten .	cadfabh
cadunt	bsb10314207	3	Tachrinnen .	cadunt
cafah	bsb11762465	162	Bedecken .	cafah
cafaph	bsb11762465	546	Gelüften / Begeren .	cafaph
cafas	bsb10314207	105	Vnterzelen .	cafas
cafch	bsb11762465	259	Breit .	cafch-
cafchafch	bsb11762465	661	hauffen bringen .	cafchafch
cafchal	bsb11762465	105	Anstoffen	cafchal
cafchaph	bsb11762465	200	Beschwerung .	cafchaph
cafe	bsb10314207	100	lieben .	cafe
caffah	bsb10314207	253	Zu Stuel gehen .	caffah
caffida	bsb11762465	679	Helm .	caffida
caftella	bsb11762465	249	Vo	caftella
caftimonia	bsb11762465	773	Keuschheit .	caftimonia
cafui	bsb11762465	668	Heimlich .	cafui
cahal	bsb11762465	661	hauffen bringen .	cahal
cala	bsb11762465	219	Bi	cala
calah	bsb10314207	54	De	calah
calat	bsb11762465	661	hauffen bringen .	calat
calcaneum	bsb11762465	451	Fersen .	calcaneum
calice	bsb11762465	774	Ketch .	calice
calil	bsb11762465	977	C.Fumus , capnos.achan S	calil
callah	bsb11762465	257	Braut .	callah
calon	bsb10314207	106	Vnehr .	calon
calua	bsb11762465	763	Kal .	calua-
caluities	bsb11762465	764	Kalheit / Kalkopff .	Caluities
caluitium	bsb11762465	764	Kalheit / Kalkopff .	caluitium
calumnia	bsb11762465	1052	Sch	calumnia
caluus	bsb11762465	763	Kal .	Caluus
camah	bsb11762465	167	Begeren .	camah
caman	bsb10314207	43	Ve	caman
camar	bsb11762465	950	Pfaff	camar
camentarius	bsb11762465	108	Apotecker .	camentarius
caminus	bsb11762465	937	Ofen .	caminus
canaph	bsb11762465	250	Bo	canaph
canapher	bsb11762465	443	Feder .	canapher
canas	bsb10314207	249	Zusaminen halten .	canas
candela	bsb11762465	838	Liecht .	Candela
candor	bsb11762465	1032	Schein .	candor
caneus	bsb11762465	451	Fersen .	caneus
cantare	bsb11762465	1084	acht haben .	cantare
canticu	bsb11762465	844	Liedt .	canticu
cantio	bsb11762465	844	Liedt .	cantio
cantur	bsb11762465	1148	wadt .	cantur
capere	bsb11762465	437	Faffen .	capere
caph	bsb11762465	508	Fussole .	caph
caphaph	bsb11762465	245	Bo	caphaph
caphar	bsb10314207	66	Verpichen .	caphar
caphuph	bsb11762465	807	Krum .	caphuph
capillos	bsb11762465	469	Flechten .	capillos
capillus	bsb11762465	659	Haarig .	capillus
capitale	bsb11762465	663	Hauptstadt .	capitale
capitis	bsb11762465	250	Item Gürtel .	capitis
capitum	bsb10314207	217	Zaum .	capitum
cappalim	bsb10314207	203	Wolcke .	cappalim
capr	bsb11762465	984	Rehebocklein .	Capr
capreoli	bsb11762465	984	Rehebocklein .	Capreoli
captum	bsb11762465	918	Närrisch seyn .	captum
capulum	bsb11762465	655	Handhaben .	capulum
capus	bsb10314207	21	gange Traube .	capus
caput	bsb10314207	103	Vn	caput
cara	bsb11762465	628	Graben .	cara
carah	bsb11762465	138	Aufholen .	carah
carath	bsb11762465	664	Hawen .	carath
carbonis	bsb11762465	280	Carfunckelstein .	carbonis
carcos	bsb11762465	1013	Saffran .	carcos
care	bsb11762465	134	digen .	care
careia	bsb11762465	62	Abkauffen .	careia
carere	bsb11762465	861	Mangelen .	carere
carica	bsb10314207	126	Vnnüşer Mensch .	Carica
carium	bsb11762465	105	Item :	carium
carmen	bsb11762465	970	Pfalm .	carmen
carnifex	bsb11762465	898	Morder .	carnifex
caron	bsb11762465	486	Fr	caron
carpere	bsb11762465	1034	Schelten .	carpere
casaph	bsb11762465	167	Begeren .	casaph
cash	bsb10314207	43	Ve	cash
catab	bsb11762465	64	Abmalen .	catab
catabh	bsb11762465	126	Au	catabh
catach	bsb11762465	1068	Schütteln .	catach
cataph	bsb11762465	168	Begierlich sein .	cataph
catapulta	bsb11762465	110	Armbrust .	catapulta
catastrophe	bsb11762465	378	Endt .	catastrophe
catenascha	bsb11762465	533	Gefangen nemen .	catenas.cha-
catfats	bsb11762465	664	Hawen .	catfats
cathabh	bsb11762465	144	schreiben .	cathabh
cathach	bsb10314207	223	Zerstoffen .	cathach
catham	bsb11762465	106	Anzeichnen .	catham
catharatar	bsb10314207	90	Vmbgang .	catharatar
cathedra	bsb11762465	1145	Stuel .	cathedra
catheph	bsb11762465	1065	Schulter .	catheph
catrix	bsb10314207	217	Zauberin .	catrix
cauahatlar	bsb11762465	661	hauffen bringen .	cauahatlar
cauare	bsb11762465	628	Ausgraben .	cauare
cauca	bsb10314207	141	Vogelbawr .	Cauca
caufa	bsb11762465	293	Darumb . D	caufa
caufidicus	bsb11762465	984	Redener .	caufidicus
caufis	bsb11762465	293	Darumb . D	caufis
cautes	bsb11762465	449	Felf .	cautes
caſſis	bsb11762465	679	Helm .	Caſſis
caſſus	bsb11762465	237	Cuius oculi lucis egent .	caſſus
cben	bsb11762465	345	Edelgestein .	cben
cbhch	bsb10314207	195	Will .	cbhch
cealin	bsb11762465	515	bey nahe .	cealin
cebel	bsb11762465	508	Fu	cebel
cechah	bsb10314207	236	Zuchtigung .	cechah
cedens	bsb11762465	659	Hartneckig .	cedens
cedere	bsb11762465	236	Bleiben .	cedere
cedro	bsb11762465	281	chartanotetur .	Cedro
cefactum	bsb11762465	778	ftein .	cefactum
cefeph	bsb11762465	543	Geleutert Silber .	Cefeph
ceffe	bsb11762465	64	Ablassung .	ceffe
ceffer	bsb11762465	63	Ablaffen .	ceffer
cefil	bsb10314207	108	Vnfürscher .	cefil
cehah	bsb11762465	336	Dunckel .	cehah
celeb	bsb11762465	910	nakal .	celeb
celebh	bsb11762465	369	Ei	celebh
celebris	bsb11762465	704	Hochwirdig .	celebris
celes	bsb11762465	565	Cic . Ludibrium Gefpött , ludificatio .	celes
celi	bsb11762465	179	Ve	celi
celim	bsb11762465	664	gereth .	celim
celimah	bsb10314207	106	Vnehr .	celimah
cenaan	bsb11762465	757	Judisch lande .	Cenaan
cenah	bsb11762465	549	Be	cenah
cendre	bsb11762465	115	Aft	cendre
ceph	bsb11762465	449	Felf .	ceph
cephefch	bsb11762465	507	Banck .	cephefch
cephir	bsb11762465	852	Lowe .	cephir
cephor	bsb11762465	990	Reiff .	cephor
cephora	bsb11762465	162	Becken .	cephora-
cercorel	bsb11762465	589	Glocklein .	cercorel-
cere	bsb11762465	546	Gelüften / Begeren .	cere
ceres	bsb11762465	157	Bauch .	ceres
cerf	bsb11762465	696	Hirsch .	cerf
ceri	bsb11762465	315	Die Ehe trennen .	ceri-
certiorem	bsb10314207	254	Zu wiſſen thun .	certiorem
certius	bsb11762465	938	Of	certius
certo	bsb11762465	463	Fårwar sagen .	certo
ceruoise	bsb11762465	220	Bier .	ceruoise
cethoneth	bsb11762465	403	Ermelrock .	cethoneth
ceſſfer	bsb11762465	63	Ablaffen .	ceſſfer
cfcheh	bsb11762465	941	Opffer .	cfcheh
cffchil	bsb11762465	148	Are	cffchil
cfunda	bsb11762465	1050	Sch	C.Funda
chaabh	bsb10314207	48	Verdorren .	chaabh
chaah	bsb10314207	78	Vertrawen .	chaah
chaak	bsb11762465	546	Gelüften / Begeren .	chaak
chaal	bsb11762465	386	Erbitten .	chaal
chaar	bsb11762465	64	Item .	chaar
chababb	bsb11762465	842	Li	chababb
chabah	bsb10314207	44	Verborgen sein .	chabah
chabath	bsb11762465	904	Mu	chabath
chabbatchath	bsb11762465	764	Kalheit / Kalkopff .	chabbatchath
chabber	bsb11762465	278	Burschgesell .	chabber
chabburah	bsb11762465	1048	Schlag .	chabburah
chaberim	bsb11762465	561	Gesellen .	chaberim
chabh	bsb11762465	436	Fahren .	chabh
chabha	bsb10314207	43	Ve	chabha
chabhad	bsb11762465	1048	Schlagen .	chabhad
chabhat	bsb11762465	1004	Ro	chabhat-
chabhatah	bsb11762465	475	Fliegen .	chabhatah
chabhataphas	bsb11762465	435	Fangen .	chabhataphas
chabhatch	bsb11762465	223	Binden .	chabhatch
chabhath	bsb11762465	63	Ablaffen .	chabhath
chabhaſch	bsb10314207	249	Zusammen binden	chabhaſch
chabho	bsb11762465	644	wilden Thier .	chabho
chabhurah	bsb11762465	561	Geschwulst .	chabhurah
chabu	bsb11762465	529	Ge	chabu
chaburah	bsb11762465	1076	Schwulft .	chaburah
chacachi	bsb11762465	419	Es	chacachi
chach	bsb11762465	99	Angel . Fischhamel .	chach
chachabh	bsb11762465	69	Achten .	chachabh
chachabha	bsb10314207	221	Zehlen .	chachabha
chachacha	bsb10314207	54	Vergessen .	chachacha
chachahal	bsb11762465	502	Su	chachahal
chachak	bsb11762465	167	Begeren .	chachak
chachal	bsb11762465	379	Engel .	chachal
chacham	bsb10314207	75	Verstendig .	chacham
chachamad	bsb11762465	140	Ausleschen .	chachamad
chachar	bsb10314207	142	trincken .	chachar
chacharaph	bsb11762465	1049	Schlang / Edechs .	chacharaph
chachim	bsb11762465	773	Ke	chachim
chachubh	bsb11762465	190	Verumpt .	chachubh
chachuch	bsb11762465	336	Dunckel .	chachuch
chadad	bsb10314207	47	Clades .	chadad
chadah	bsb11762465	390	Erfrewet werden .	chadah
chadak	bsb11762465	174	halten .	chadak
chadakamats	bsb11762465	1132	Starck sein .	chadakamats
chadal	bsb11762465	63	Ablaffen .	chadal
chadfah	bsb11762465	1030	Schawen .	chadfah
chadfak	bsb11762465	653	Halten .	chadfak
chadfids	bsb10314207	203	Wolcke .	chadfids
chadfir	bsb10314207	192	Schwein .	chadfir
chadfirim	bsb11762465	1019	Sawhirt .	chadfirim
chadfon	bsb11762465	644	Grund legen .	chadfon
chadiah	bsb11762465	1081	Schen .	chadiah
chadir	bsb11762465	1073	Schwein .	chadir
chads	bsb11762465	171	Be	chads
chadskah	bsb11762465	205	Bestendigkeit .	chadskah
chadſak	bsb10314207	58	Verhertet werden .	chadſak
chafch	bsb10314207	217	Ba	chafch
chafer	bsb11762465	64	• Abnemen .	chafer
chaffa	bsb11762465	161	Bawrenhoff .	chaffa
chaffah	bsb11762465	329	Dorff .	chaffah
chafid	bsb11762465	881	linde .	chafid
chafidah	bsb11762465	1138	St	chafidah
chafil	bsb11762465	689	De	chafil
chaftré	bsb10314207	72	Verschnittener .	chaftré
chag	bsb11762465	291	Dank .	chag
chaga	bsb11762465	445	Feilen / oder Irren .	chaga
chagab	bsb11762465	689	De	chagab
chagag	bsb11762465	447	Feyren .	chagag
chagar	bsb11762465	1010	Rüsten .	chagar
chagarah	bsb11762465	1002	Rittergürtel .	chagarah
chagat	bsb11762465	1075	binden .	chagat
chagorah	bsb11762465	250	Item Gürtel .	chagorah
chaguim	bsb11762465	849	Loch .	chaguim
chagur	bsb11762465	556	Gerüft .	chagur
chah	bsb10314207	76	Versónung .	chah
chahechel	bsb11762465	278	Busch .	chahechel
chai	bsb10314207	167	We	chai
chaiah	bsb11762465	113	Frkney .	chaiah
chaibh	bsb10314207	66	Verpflicht .	chaibh
chaid	bsb11762465	495	Fromb .	chaid
chaiiabh	bsb10314207	60	Verklagter .	chaiiabh
chaiiah	bsb11762465	870	halten .	chaiiah
chaiiat	bsb11762465	920	Neer / Schneider .	chaiiat
chaiifch	bsb11762465	863	Marmelstein .	chaiifch
chaiil	bsb10314207	5	xifch chail .	chaiil
chaiim	bsb11762465	824	Lcben .	chaiim
chaiioth	bsb10314207	193	Wilde thier .	chaiioth
chaiits	bsb11762465	866	Mawr .	chaiits
chail	bsb11762465	665	Heer / Kriegesheer .	chail
chaine	bsb11762465	773	Ke	chaine
chair	bsb11762465	470	Fleisch .	chair
chaith	bsb11762465	330	Dorn .	chaith
chakak	bsb10314207	165	Wegreifen .	chakak
chakar	bsb11762465	390	Erforschen .	chakar
chakats	bsb11762465	65	Abschewen haben .	chakats
chakkah	bsb11762465	99	Angel . Fischhamel .	chakkah
chal	bsb11762465	849	Lösen .	chal
chala	bsb11762465	747	In der jrre gehen .	chala
chalabh	bsb11762465	880	Milch .	chalabh
chalach	bsb10314207	165	Weg senden .	chalach
chalafch	bsb11762465	260	Brautgamführer .	chalafch
chalah	bsb11762465	445	Feilen / oder Irren .	chalah
chalak	bsb10314207	11	Theilen .	chalak
chalal	bsb10314207	81	Verwunden .	chalal
chalalgadfal	bsb11762465	977	Rauben .	chalalgadfal
chalam	bsb10314207	92	Vmbschliessen .	chalam
chalaph	bsb10314207	38	Pbergchen .	chalaph
chalat	bsb11762465	683	He	chalat
chalata	bsb11762465	832	Lende .	chalata-
chalats	bsb11762465	147	Ausziehen .	chalats
chalchash	bsb11762465	176	Bey sich fürnemen .	chalchash
chaldaica	bsb10314207	216	Zauberey .	Chaldaica
chaldi	bsb11762465	1133	Sternseher .	Chaldi
chalem	bsb10314207	142	Volkommen .	chalem
chaleur	bsb11762465	698	Hike .	chaleur
chalioth	bsb10314207	11	Thier .	chalioth
chaliphah	bsb10314207	49	Verenderung .	chaliphah
chaliſchim	bsb11762465	287	Vaſto corpore .	chaliſchim
challa	bsb11762465	449	Felf .	challa-
challah	bsb11762465	807	Kuche / Labkuche .	challah
chalom	bsb11762465	491	Fried .	chalom
chalote	bsb11762465	1049	Schleyer .	chalote
chaluach	bsb11762465	556	Gesandt .	chaluach
chaluk	bsb11762465	1002	Ritterkleid .	chaluk
cham	bsb11762465	199	Beschreiben .	cham
chama	bsb11762465	227	Eitt erhören .	chama
chamabon	bsb11762465	785	Klug / Wikig .	chamabon
chamad	bsb10314207	209	Wornach streben .	chamad
chamah	bsb10314207	82	Verwundern .	chamah
chamaiim	bsb11762465	690	Himmel .	chamaiim
chamal	bsb10314207	72	Verschonen .	chamal
chamam	bsb11762465	699	Hikig seyn .	chamam
chamarth	bsb11762465	165	Be	chamarth
chamas	bsb10314207	98	Vnbilligkeit .	chamas
chamat	bsb11762465	67	Abstoffen .	chamat
chamats	bsb11762465	962	Plündern .	chamats
chamem	bsb11762465	407	Erstarren .	chamem
chamits	bsb11762465	1019	Sa	chamits
chamma	bsb11762465	1107	Sonne .	chamma
chammah	bsb10314207	82	Verwunderung .	chammah
chamor	bsb11762465	410	Efel .	chamor
champ	bsb11762465	70	Acker .	champ
chamr	bsb11762465	330	Dorn .	chamr
chan	bsb11762465	137	Aufgeben .	chan
chanab	bsb10314207	208	Wonen .	chanab
chanah	bsb10314207	49	Verendern .	chanah
chanamal	bsb11762465	651	Hagel .	chanamal
chanan	bsb11762465	385	Erbarmen .	chanan
chaneh	bsb11762465	803	Kriegsheer .	chaneh
chaneph	bsb11762465	583	Gleißner .	chaneph
changer	bsb11762465	68	Ab	changer
chanith	bsb11762465	820	Langstange .	chanith
channum	bsb11762465	156	Ba	channum
channun	bsb11762465	645	Gütig	channun
chanum	bsb11762465	289	Danckbar .	chanum
chanun	bsb11762465	881	linde .	chanun
chanupha	bsb11762465	583	Gleißnerey .	chanupha
chanyccah	bsb10314207	102	Vn	chanyccah
chanyccа	bsb11762465	777	Kirchweihe .	chanyccа
chanyphah	bsb11762465	1053	Schmeichlerey .	chanyphah
chapacharaph	bsb10314207	151	Wa	chapacharaph
chaperon	bsb11762465	1049	Schleyer .	chaperon
chapers	bsb11762465	168	Begierlich sein .	chapers
chaphads	bsb11762465	358	Eilen .	chaphads
chaphah	bsb11762465	162	Bedecken .	chaphah
chaphar	bsb11762465	390	Erforschen .	chaphar
chaphas	bsb11762465	1153	Suchen .	chaphas
chaphat	bsb10314207	150	fprechen .	chaphat
chaphats	bsb11762465	1146	Stürken .	chaphats
chaphets	bsb10314207	206	Wo	chaphets
chappeau	bsb11762465	223	Bireth .	chappeau
char	bsb11762465	68	Abwechselung .	char
chara	bsb11762465	262	Brennen .	chara
characcim	bsb11762465	451	Fenestra , Jueis , feneſtella ,	characcim
charach	bsb10314207	11	Th	charach
charad	bsb10314207	229	Zitteren .	charad
charada	bsb11762465	1030	Schauderung .	charada
charadah	bsb10314207	232	Zitterung .	charadah
charafch	bsb11762465	810	Künstler .	charafch
charafchim	bsb11762465	529	Gedancke .	charafchim
charah	bsb11762465	259	Brennen .	charah
charak	bsb10314207	231	Zischen / Pfeiffen .	charak
charar	bsb11762465	138	Aufholen .	charar
charath	bsb11762465	628	Ausgraben .	charath
charats	bsb11762465	333	Drefchen .	charats
charatswoch	bsb10314207	23	Treschen .	charatswoch
charatutama	bsb11762465	470	Fleaf .	charatutama
charaſch	bsb10314207	228	Zimmerman .	charaſch
charbit	bsb11762465	1019	Sawhirt .	charbit
charbo	bsb11762465	1075	binden .	charbo
chard	bsb11762465	70	Ack	chard
charefchah	bsb11762465	958	Pflug .	charefchah
chareth	bsb11762465	318	feit .	chareth
charichadad	bsb11762465	502	Furch / Ackerfurch .	charichadad
charifch	bsb11762465	70	Ackerbaw .	charifch
charit	bsb11762465	1078	Sebel .	charit
charith	bsb11762465	177	Beutel .	charith
charits	bsb11762465	768	Kef .	charits
charon	bsb10314207	232	Zorn .	charon
charongne	bsb11762465	55	Daß .	charongne
charoſeth	bsb11762465	801	Krek / Reudigkeit .	charoſeth
charrue	bsb11762465	71	Ackern / Pflügen .	charrue
charta	bsb11762465	231	Bladt .	charta
charts	bsb10314207	5	a-	charts
charul	bsb11762465	921	Neffel .	charul
charuna	bsb11762465	330	Dorn .	Charuna
charuts	bsb10314207	152	Wacker / Fleissig .	charuts
charutzma	bsb11762465	112	Artig .	charutzma
chata	bsb10314207	224	Zertheilen .	chata
chatabh	bsb10314207	223	Zerschneiden .	chatabh
chatach	bsb11762465	65	Abschneiden .	chatach
chatah	bsb10314207	143	Vo	chatah
chatan	bsb11762465	260	Brdutgam .	chatan
chataph	bsb11762465	994	Ne	chataph
chater	bsb11762465	67	Item :	chater
chatfer	bsb11762465	161	Bawrenhoff .	chatfer
chatfi	bsb11762465	652	Halb jhar .	chatfi
chath	bsb11762465	463	Fieber .	chath
chathal	bsb11762465	223	Binden .	chathal
chathan	bsb11762465	688	Heyrathen / Freyen .	chathan
chathanuth	bsb10314207	79	Verwandtschafft .	chathanuth
chathath	bsb10314207	82	Verzagen .	chathath
chathichab	bsb11762465	262	Brocken . 2	chathichab
chati	bsb11762465	652	Halb .	chati
chatiah	bsb11762465	918	Na	chatiah
chatil	bsb11762465	641	Grosmitigkeit .	chatil
chatlah	bsb10314207	11	Th	chatlah
chatser	bsb11762465	707	Hoff .	chatser
chattaah	bsb11762465	1138	Straff .	chattaah
chattach	bsb11762465	664	Hawen .	chattach
chattinnah	bsb11762465	704	Hochzeit .	chattinnah
chatul	bsb11762465	281	Cake	chatul
chatynnah	bsb11762465	257	Brautlauff .	chatynnah
chatſaph	bsb11762465	491	Freuelich .	chatſaph
chatſats	bsb11762465	784	Kl	chatſats
chauch	bsb11762465	343	Eben .	chauch
chaulue	bsb11762465	764	Kal machen .	chaulue
chaſchabh	bsb11762465	164	Beduncken .	chaſchabh
chaſchaph	bsb10314207	216	Zauberey .	chaſchaph
chaſchar	bsb11762465	223	Binden .	chaſchar
chaſcun	bsb11762465	76	Alle .	chaſcun
chaſid	bsb11762465	1017	Sanfftimütig .	chaſid
chea	bsb11762465	1114	Spaltung .	chea
chear	bsb10314207	37	Vb	chear
cheb	bsb10314207	66	Vernünfftig .	cheb
chebel	bsb11762465	808	Angst .	chebel
chebh	bsb11762465	880	Måle .	chebh
chebhel	bsb11762465	154	Bandt .	chebhel
chebher	bsb11762465	662	Hauff Volcks .	chebher
chebhua	bsb10314207	202	Woch .	chebhua
chebiet	bsb11762465	787	Knüttel .	chebiet
chebra	bsb11762465	278	Bu	chebra
chebrah	bsb11762465	547	Gemeinschafft .	chebrah
chech	bsb11762465	1052	Schlund / Rachen .	chech
checha	bsb11762465	690	Himmel .	checha
chechar	bsb11762465	220	Bier .	chechar
chechem	bsb11762465	1065	Schulter .	chechem
check	bsb11762465	888	Mittel .	check
chedek	bsb11762465	330	Dorn .	chedek
chedua	bsb11762465	490	Fr	chedua
cheelah	bsb11762465	479	Frag .	cheelah
cheerim	bsb11762465	314	Die andern .	cheerim
chef	bsb11762465	528	Gebrech .	chef
chefch	bsb11762465	141	Ausrechnung .	chefch
chefchbon	bsb11762465	222	Bildung .	chefchbon
chefed	bsb11762465	269	Bubenstück .	chefed
chefer	bsb11762465	528	Gebrech .	chefer
chehrerets	bsb11762465	265	Bruch .	chehrerets
chekets	bsb11762465	633	Gr	chekets
chel	bsb11762465	249	Vo	chel
chelach	bsb10314207	256	Ziv	chelach
chelah	bsb10314207	109	Vnflat .	chelah
chelak	bsb10314207	107	Vneinig sein .	chelak
chelbon	bsb10314207	177	Weisse .	chelbon
cheleb	bsb11762465	447	feit .	cheleb
cheled	bsb10314207	179	Welt .	cheled
chelek	bsb10314207	11	Thal .	chelek
cheleph	bsb11762465	379	Enderung .	cheleph
chelifch	bsb11762465	1072	Schwechen .	chelifch
chelka	bsb11762465	70	Acker .	chelka
chem	bsb11762465	555	Gerücht .	chem
chemah	bsb10314207	232	Zorn .	chemah
chemar	bsb11762465	757	Jüdenleim .	chemar
chemarim	bsb11762465	665	Hefen .	chemarim
chemdah	bsb11762465	855	Luft / begierde .	chemdah
chemeth	bsb10314207	162	eymer .	chemeth
chemiah	bsb11762465	168	Begierligkeit .	chemiah
chemin	bsb11762465	68	Abereiten .	chemin
chemlah	bsb10314207	83	Verzeihung .	chemlah
cheoir	bsb11762465	60	Abfallen .	cheoir
cheol	bsb11762465	670	He	cheol
chepha	bsb10314207	37	Vberflüßigkeit .	chepha
cher	bsb10314207	38	Vbrig .	cher
chered	bsb11762465	217	Be	chered
chereph	bsb11762465	1103	Sindflut .	chereph
cheres	bsb11762465	1107	Sonne .	cheres
chereth	bsb11762465	633	Grieffel .	chereth
cheriruth	bsb11762465	529	Gedancke .	cheriruth
chermeſch	bsb11762465	1093	Sichel / Sense .	chermeſch
cherpa	bsb10314207	106	Vnehr .	cherpa
cherpah	bsb11762465	836	Lefterung .	cherpah
cherphah	bsb11762465	820	Laster . 1	cherphah
chetebh	bsb11762465	1075	Latus enfe accincto riget .	chetebh
cheth	bsb11762465	573	Ge	cheth
chetron	bsb11762465	89	Gerichte .	chetron
chets	bsb11762465	249	Bolk / Pfeil .	chets
cheure	bsb10314207	226	Bi	cheure
cheureau	bsb11762465	984	Rehe / Rchebock .	cheureau
cheuren	bsb11762465	287	Balcke .	cheuren
cheureul	bsb11762465	984	Rehe / Rchebock .	cheureul
chia	bsb10314207	141	Voigtey .	chia
chiach	bsb11762465	101	Anklager .	chiach
chiah	bsb10314207	54	Gall Vergeßligkeit .	chiah
chianam	bsb10314207	93	Vmb sonst .	chianam
chib	bsb11762465	333	Drefchen .	chib
chibbach	bsb11762465	847	Loben .	chibbach
chibber	bsb10314207	223	Zerschleiffen .	chibber
chibbo	bsb11762465	75	Aher / Kornaher .	chibbo-
chibboleth	bsb11762465	1142	Strom .	chibboleth
chibhil	bsb10314207	164	Weg .	chibhil
chiccah	bsb10314207	16	To	Chiccah
chiccaron	bsb10314207	27	Trunckenheit .	chiccaron
chiccha	bsb11762465	409	Erwarten .	chiccha
chid	bsb11762465	405	Er	chid
chidah	bsb10314207	49	Verdunckeln .	chidah
chiddah	bsb11762465	490	Frewd bringen .	chiddah
chiddefch	bsb11762465	403	Ernewern .	chiddefch
chidor	bsb11762465	153	Ball .	chidor
chids	bsb11762465	205	Beftettigen .	chids-
chidſak	bsb11762465	165	Befestigen .	chidſak
chidſeſek	bsb10314207	83	Veftigen .	chidſeſek
chier	bsb10314207	253	Zu Stuel gehen .	chier
chif	bsb10314207	56	Vergleichen .	chif
chiffa	bsb11762465	107	An	chiffa
chiffah	bsb10314207	254	Zu wiſſen thun .	chiffah
chiiah	bsb11762465	403	Ernehren .	chiiah
chiiebh	bsb10314207	45	Verdammen .	chiiebh
chil	bsb10314207	58	Item .	chil
chillach	bsb11762465	139	Außlassen .	chillach
chillah	bsb11762465	628	Grabe / Grube .	chillah
chilled	bsb11762465	207	Be	chilled
chillel	bsb10314207	79	Verunreinigen .	chillel
chillem	bsb10314207	186	ten / geben .	chillem
chilleph	bsb11762465	782	Ponere tunicam .	chilleph
chilluchim	bsb11762465	509	Gabe .	chilluchim
chim	bsb11762465	315	Die fürnembſten .	chim
chimchoth	bsb11762465	451	Fenestra , Jueis , feneſtella ,	chimchoth
chin	bsb11762465	379	Endern .	chin
chini	bsb11762465	779	Item .	chini
chinnah	bsb11762465	403	Ernewern .	chinnah
chipcha	bsb11762465	318	Di	chipcha
chiph	bsb10314207	3	Taffel .	chiph
chippad	bsb11762465	358	Eilung .	chippad-
chir	bsb10314207	69	Versch .	chir
chiri	bsb11762465	946	ber .	chiri-
chirion	bsb11762465	541	Gelender / Panker .	chirion
chit	bsb11762465	848	men / etc .	chit
chith	bsb11762465	483	Freyheit .	chith
chittah	bsb10314207	178	Weiße .	chittah
chittel	bsb10314207	183	Wickeln .	chittel
chitteth	bsb11762465	405	Er	chitteth
chittik	bsb11762465	1054	Schmelzen .	chittik
chittul	bsb10314207	197	Windel .	chittul
chlim	bsb11762465	194	Beschämen .	chlim
choach	bsb10314207	65	Vermüglich .	choach
choal	bsb11762465	441	Faust .	choal
chobah	bsb11762465	1064	Schulde .	chobah
choberth	bsb11762465	501	Fügung .	choberth
chobeſch	bsb11762465	663	Ha	chobeſch
chobh	bsb11762465	211	Be	chobh
chobhel	bsb11762465	1034	Schenckel / Bein .	chobhel
choch	bsb11762465	358	Eilen .	choch
chochmah	bsb11762465	810	Kunst .	chochmah
chochmahebhu	bsb10314207	176	Weifheit .	chochmahebhu-
chod	bsb10314207	47	Be	chod
chodech	bsb11762465	896	Monat .	chodech
chodek	bsb11762465	856	Macht / krafft .	chodek
chodſeh	bsb11762465	1133	Sternseher .	chodſeh
chodſek	bsb11762465	205	Bestendigkeit .	chodſek
chofchech	bsb11762465	466	Finsterniß	chofchech
chofen	bsb11762465	1029	Schak .	chofen
chofer	bsb11762465	528	Gebrech .	chofer
choijır	bsb11762465	409	Erwehlen .	choijır
chok	bsb11762465	562	Gesek .	chok
chole	bsb11762465	525	Geberen .	chole
choleb	bsb11762465	1069	Sch	choleb
choleh	bsb11762465	794	Kranck .	choleh
cholel	bsb11762465	313	Dichten .	cholel
choli	bsb11762465	1069	Schwachheit .	choli
chom	bsb10314207	264	Im Sommer .	chom
chomer	bsb11762465	864	Materi .	chomer
chomes	bsb10314207	99	Vnbilliger .	chomes
chomets	bsb11762465	427	Effig .	chomets
chomh	bsb11762465	866	Mawr .	chomh
chon	bsb11762465	202	Beftchen .	chon
choneph	bsb11762465	1053	Schmeichelrede /	choneph
choph	bsb11762465	166	Befreyct .	choph
chophar	bsb10314207	26	Trommeten .	chophar
chophichi	bsb11762465	826	Ledig .	chophichi
chophnaiim	bsb11762465	441	Faust .	chophnaiim
chophſchi	bsb10314207	135	Vnucrbunden .	chophſchi
chor	bsb10314207	100	Untergang .	chor
chore	bsb11762465	278	Busch .	-chore
choreach	bsb11762465	158	Bawr .	choreach
chorefchah	bsb10314207	154	Wa	chorefchah
choreph	bsb10314207	198	Winter .	choreph
choreſch	bsb11762465	71	ger .	choreſch
chorob	bsb11762465	339	Dürrhcie .	chorob
chos	bsb10314207	72	Verschonen .	chos
chose	bsb11762465	68	Ab	chose
choseph	bsb11762465	680	Herbst .	choseph
choses	bsb11762465	80	Alles / alle ding .	choses
chot	bsb11762465	1012	Xu	chot
chotel	bsb11762465	566	Geftalten .	chotel
chotem	bsb11762465	918	Nafe .	chotem
choter	bsb11762465	1008	Ruderknecht .	choter
chotham	bsb11762465	466	Fingerring .	chotham
chothenati	bsb11762465	1029	Schak .	chothenati
choſchebh	bsb11762465	810	Kunstreich .	choſchebh
choſcheth	bsb11762465	810	Kupffer .	choſcheth
chri	bsb11762465	486	Frembdling .	chri
chrochim	bsb11762465	717	Hüner / Küchlin .	chrochim
chua	bsb11762465	990	Re	chua
chub	bsb11762465	60	Abermal .	chub
chuch	bsb11762465	466	Finster .	chuch
chug	bsb11762465	282	Circkel .	chug
chum	bsb11762465	698	Hike .	chum
chumchammah	bsb10314207	182	Werme .	chumchammah
chur	bsb10314207	177	Weyfi .	chur
church	bsb11762465	943	Ordnung .	church
churchil	bsb11762465	1000	mawr .	churchil
chut	bsb11762465	433	Fadem .	chut
chutah	bsb11762465	523	Gaffe .	chutah
chuth	bsb11762465	252	Boßheit .	chuth
chyfch	bsb11762465	772	Ketten .	chyfch-
chykkim	bsb11762465	777	chenordnung .	chykkim
chyllal	bsb10314207	82	De	chyllal
chyp	bsb11762465	257	Brautbeth .	chyp
chyppap	bsb11762465	1047	heleute .	chyppap
chytilah	bsb11762465	656	Handthierung .	chytilah
chéphes	bsb11762465	390	Erforschung .	chéphes
cial	bsb11762465	641	Grosmitigkeit .	cial
cians	bsb11762465	178	Bekümmernih .	cians
ciare	bsb11762465	103	Anråren .	ciare
cibbed	bsb10314207	181	Wehrt machen .	cibbed
cibbefch	bsb10314207	105	Vn	cibbefch
cibhchan	bsb11762465	937	Ofen .	cibhchan
cibis	bsb11762465	325	ten .	cibis
cibledhada	bsb10314207	199	Wirdigen .	cibledhada
cibo	bsb10314207	243	Zu Mittage .	cibo
cibus	bsb11762465	905	Muß / Brey .	cibus
ciccar	bsb11762465	344	Ebenfeldt .	ciccar
ciccollum	bsb11762465	652	Halß .	Cic.Collum
cicduxidem	bsb11762465	685	Herkog .	Cic.Dux.Idem
cicer	bsb10314207	21	Trawm .	Cicer
cicero	bsb10314207	201	Wiesel .	Cicero
cicfamilia	bsb11762465	663	Haußgesind .	Cic.Familia
cicficus	bsb11762465	444	Feige .	Cic.Ficus
cicpah	bsb11762465	573	Gewelbe .	cicpah
cidere	bsb11762465	136	Auffallen .	cidere
cidon	bsb11762465	1116	Spieß / Langspich .	cidon
cidor	bsb11762465	808	Kugel .	cidor
ciere	bsb11762465	194	Beruffen / fordern .	ciere
cifcendi	bsb11762465	973	Rach	cifcendi
ciffah	bsb10314207	41	Vherziehen .	ciffah
ciffe	bsb11762465	809	Künigs stuel .	.ciffe
cihen	bsb11762465	683	He	cihen
ciicere	bsb11762465	1030	Schaumen .	ciicere
cilcel	bsb10314207	19	Tragen .	cilcel
cillah	bsb10314207	46	Verdammung .	cillah
cillare	bsb11762465	814	Laben / Ergehen .	cillare
cillus	bsb11762465	269	Buch .	cillus
cimad	bsb11762465	515	bey nahe .	cimad
cimat	bsb11762465	1037	Schier / Bey nahe	cimat
cinare	bsb11762465	994	Ne	cinare
cinnor	bsb11762465	658	Harffe .	cinnor
cinnus	bsb11762465	659	Haarig .	cinnus
cipere	bsb11762465	147	Au	cipere
ciphah	bsb11762465	1056	Schneckstieg .	ciphah
cipium	bsb11762465	922	New Jahr .	cipium
ciplina	bsb11762465	810	Kunst .	ciplina
cipper	bsb10314207	76	Versonen .	cipper
cippur	bsb10314207	76	Versónung .	cippur
cippus	bsb11762465	772	Ke	cippus
circafeptio	bsb11762465	1000	mawr .	circafeptio
circulare	bsb10314207	90	Vmbgang .	circulare
circulus	bsb11762465	282	Circkel .	circulus
circumfeptio	bsb10314207	217	Zaun ...	circumfeptio
circummunio	bsb11762465	806	Krippe .	circummunio
cire	bsb11762465	478	Fordern .	cire
cirtfonecha	bsb11762465	909	Nahe darbey sein .	cirtfonecha
citare	bsb11762465	194	Beruffen / fordern .	citare
citter	bsb11762465	409	Erwarten .	citter
citur	bsb11762465	923	New Mon.	citur
ciuftitia	bsb11762465	551	Gerechtigkeye .	C.Iuftitia
ciuicus	bsb10314207	236	Züchtig	ciuicus
ciuilis	bsb10314207	236	Züchtig	ciuilis
ciuitatis	bsb11762465	276	Bürgermeister .	ciuitatis
cium	bsb11762465	778	Kift / Kaft / Truhe .	cium
cius	bsb11762465	785	Knabe .	cius
ciſchſcheph	bsb10314207	217	Ba	ciſchſcheph
clades	bsb10314207	16	Todtschlag .	clades
clandestino	bsb11762465	668	Aduerbialiter .	clandestino
claron	bsb10314207	25	Trommet / Posaun .	claron
claudere	bsb10314207	13	Thür zuschliessen .	claudere
clauftrum	bsb11762465	1051	Schloß .	Clauftrum
clauus	bsb11762465	916	Nagel .	clauus
clector	bsb11762465	835	Lefer .	C.Lector
clefiæ	bsb11762465	777	chenordnung .	clefiæ
clem	bsb11762465	785	Knabe .	clem
cliens	bsb11762465	317	Jong .	cliens
clilim	bsb11762465	61	Götter .	clilim
clis	bsb11762465	539	Ceigig .	clis
cliuulus	bsb11762465	713	Hügel / Rein .	cliuulus
clocare	bsb11762465	250	Bo	clocare
cludere	bsb11762465	197	Beschliessen .	cludere
cmercaturaid	bsb11762465	656	Handthierung .	C.Mercaturaid
cmim	bsb11762465	61	Götter .	cmim
coach	bsb11762465	641	Grosmitigkeit .	coach
coacto	bsb11762465	768	Kef .	coacto
coba	bsb11762465	679	Helm .	coba
coccus	bsb11762465	970	Purpur .	coccus
cochabbim	bsb11762465	1133	Sternseher .	cochabbim
cochabh	bsb11762465	1132	Starck sein .	cochabh
cochlides	bsb11762465	1056	Schneckstieg .	cochlides
codebh	bsb11762465	435	Falsch .	codebh
codfebh	bsb10314207	138	Vnwarhafftig .	codfebh
coeb	bsb11762465	211	Be	coeb
coelos	bsb10314207	241	Zu Himmel fahren .	coelos
cofpicere	bsb11762465	195	Beschawen .	cofpicere
cogere	bsb11762465	661	hauffen bringen .	cogere
cognoistre	bsb11762465	178	Bekandt machen .	cognoistre
cohen	bsb11762465	223	Pischoff .	cohen
coletis	bsb11762465	61	ehren .	coletis
coleus	bsb11762465	705	peler .	coleus
colis	bsb11762465	705	peler .	colis
colligere	bsb11762465	661	hauffen bringen .	colligere
colligi	bsb11762465	1128	Stehende See .	colligi
collocare	bsb11762465	1129	Darstellen .	collocare
color	bsb11762465	643	Farbe .	color
comer	bsb10314207	164	Wechter .	comer
comitari	bsb11762465	478	Folgen .	comitari
commedatio	bsb11762465	847	Lob .	commedatio
commemoratio	bsb11762465	401	Erklerung .	commemoratio
comment	bsb10314207	190	Wie ? Interrogat .	comment
commercia	bsb11762465	656	Handthieren .	commercia
commiffa	bsb11762465	142	Aufrichten .	commiffa
comminatio	bsb10314207	23	Trewung .	comminatio
committere	bsb10314207	57	Verharrung .	committere
commodare	bsb11762465	250	Bo	commodare
commonftrare	bsb10314207	176	Weisen .	commonftrare
commotum	bsb10314207	116	Waffer .	commotum
compaignon	bsb10314207	218	Bechgesell .	compaignon
compedes	bsb11762465	751	In	compedes
complecti	bsb11762465	752	faffen .	complecti
compos	bsb11762465	867	Mechtig .	compos
compotatio	bsb11762465	859	Mal / Gafterey .	compotatio
computare	bsb10314207	221	Zehlen .	computare
concameratio	bsb11762465	573	Gewelbe .	concameratio
concedere	bsb10314207	57	Verharrung .	concedere
conchylium	bsb11762465	970	Purpur .	Conchylium
concidere	bsb10314207	222	Bergehen .	concidere
conciliare	bsb10314207	38	Vberkommen .	conciliare
concionare	bsb11762465	408	Erstatten .	concionare
concipere	bsb11762465	171	Be	concipere
concludere	bsb11762465	197	Beschliessen .	concludere
concumbre	bsb11762465	811	Kürbes .	concumbre
concutitur	bsb11762465	388	Erdtbebung sein .	concutitur
condecorate	bsb11762465	1055	Schmücken .	condecorate
condemner	bsb11762465	92	Am leben straffen .	condemner
conditio	bsb10314207	175	Weise .	conditio
confarcinare	bsb11762465	920	Neen .	confarcinare
confarcire	bsb11762465	475	Flicken .	confarcire
confcium	bsb11762465	991	Rein Herk	confcium
confeffer	bsb11762465	178	Bekennen .	confeffer
confeffio	bsb11762465	178	Bekandtnih .	Confeffio
confeffus	bsb11762465	999	Richterstuel .	confeffus
confenfu	bsb11762465	368	Ei	confenfu
confequi	bsb11762465	409	Erzehlen .	confequi
conferre	bsb10314207	101	Unterreden .	conferre
conficere	bsb10314207	13	Thür zerbrechen .	Conficere
confidere	bsb11762465	709	hoffen .	confidere
configi	bsb11762465	391	Erhangen werden .	configi
confignare	bsb11762465	126	Au	confignare
confilium	bsb10314207	246	Zu Raht gehen .	confilium
confligere	bsb10314207	250	Zusammen ordnen .	confligere
confolator	bsb10314207	25	Troster .	Confolator
confpicere	bsb10314207	252	Zuschen .	confpicere
conftare	bsb10314207	38	Vberkommen .	conftare
conftipare	bsb11762465	288	Dammen .	conftipare
conftituere	bsb11762465	1045	machen .	conftituere
confuetudine	bsb11762465	170	Begraben werden .	confuetudine
confueuit	bsb11762465	1014	Salbe .	confueuit
confufio	bsb11762465	882	Mischung .	confufio
confulere	bsb11762465	316	Die flucht geben .	confulere
confultum	bsb11762465	974	Rath / Anschlag .	confultum
confundere	bsb11762465	882	Mi	confundere
confus	bsb10314207	12	Thürhüter .	confus
coniunctim	bsb10314207	241	Zugleich	coniunctim
coniunctio	bsb11762465	923	New Mon.	Coniunctio
coniunctus	bsb11762465	99	Angeboren freund .	coniunctus
coniungere	bsb10314207	253	Zu	coniungere
coniurati	bsb11762465	273	Bundgenossen .	coniurati
connuere	bsb11762465	338	sehen .	connuere
contari	bsb11762465	390	Erforschen .	contari
contemtui	bsb11762465	929	Nichtachten .	contemtui
contingere	bsb11762465	632	Igneis oculis .	contingere
contra	bsb10314207	184	Wi	contra
contractio	bsb11762465	767	Kauff .	contractio
contractus	bsb11762465	655	Handel .	contractus
contrahere	bsb11762465	123	Au	Contrahere
contre	bsb11762465	101	Anhangen .	contre
contrefcrire	bsb11762465	66	Abschreiben .	contrefcrire
conuexitas	bsb11762465	807	Krumme .	conuexitas
conuiuium	bsb11762465	524	Gafterey anrichten .	conuiuium
copher	bsb11762465	161	Bawrenhoff .	copher
copia	bsb10314207	65	Vermüglich .	copia
copula	bsb11762465	99	Angeboren freund .	copula
coral	bsb11762465	284	Corallen .	coral
corarius	bsb10314207	85	Vichhirt .	corarius
cordis	bsb11762465	194	gewalt .	cordis
core	bsb11762465	972	Rabhun .	core
corem	bsb10314207	198	Wintermond .	corem
cores	bsb11762465	60	Abermal .	cores
coreth	bsb10314207	181	Gall . marchandise .	coreth
corne	bsb10314207	25	Trommet / Posaun .	corne
cornu	bsb11762465	712	blefet .	Cornu
corona	bsb11762465	1001	hen .	corona
correcteur	bsb11762465	284	Co	correcteur
correctio	bsb11762465	278	Eusse .	correctio
corrigeur	bsb11762465	284	Co	corrigeur
corruptio	bsb11762465	453	Feulung / Eyter .	corruptio
coste	bsb11762465	1087	Seite	coste
cotel	bsb10314207	156	Wand .	cotel
cothebh	bsb11762465	1063	Sch	cothebh
couler	bsb11762465	1082	Seigen .	couler
couleurer	bsb11762465	436	Fa	couleurer
coupee	bsb11762465	115	Aft / Zweig .	coupee
couper	bsb10314207	91	Vmbhawen .	couper
coupet	bsb11762465	1119	Sp	coupet
cour	bsb11762465	707	Hoff .	cour
courge	bsb11762465	811	Kürbesbawm .	courge
cours	bsb11762465	821	Lauff .	cours
course	bsb11762465	821	Lauff .	course
couu	bsb11762465	179	Bekleiden .	couu-
couſturier	bsb11762465	920	Neer / Schneider .	couſturier
coſpirare	bsb10314207	43	nuß nicht halten .	coſpirare
crabro	bsb11762465	712	Horlik .	Crabro
crachat	bsb11762465	1113	drick	crachat
creancier	bsb11762465	140	Ausleiher .	creancier
creati	bsb11762465	98	Anfang der Welt .	creati
crech	bsb11762465	1036	Schekung .	crech
credere	bsb11762465	164	Beduncken .	credere
credulus	bsb11762465	580	Glaubig .	Credulus
crefcere	bsb10314207	151	Wa	crefcere
crematu	bsb11762465	339	Dürrholk .	crematu
crementa	bsb11762465	919	Nasen schnauben	crementa
crepantia	bsb10314207	258	Zwitrechtigkeit .	crepantia
crepare	bsb11762465	1084	acht haben .	crepare
cres	bsb11762465	439	Faulbetih .	cres
cretizare	bsb11762465	214	Betriegen .	cretizare
crets	bsb11762465	757	Judisch lande .	crets
cribrare	bsb11762465	997	Reutern / ficben .	Cribrare
cribrum	bsb11762465	1093	Sibe .	cribrum
crilegium	bsb11762465	315	Diebstall .	crilegium
cris	bsb11762465	950	Pfaff	cris
cristatus	bsb11762465	764	1 Vogels .	cristatus
cruah	bsb11762465	1025	Sch	cruah
cruciamentum	bsb11762465	863	ckende Drutt .	cruciamentum
cruciari	bsb11762465	796	Kr	cruciari
crux	bsb11762465	285	Creuk .	Crux
crymis	bsb11762465	179	Bekümmert seyn .	crymis
crystal	bsb11762465	286	Cristall .	Crystal
csors	bsb11762465	851	Loß .	C.Sors
csulcus	bsb11762465	502	Furch / Ackerfurch .	C.Sulcus
ctionis	bsb11762465	284	rung .	ctionis
ctum	bsb11762465	151	Backenftreich .	ctum
cuariare	bsb11762465	379	Endern .	cuariare
cubellum	bsb11762465	162	Becher .	cubellum
cubiculi	bsb11762465	1047	Schlaffkammer .	cubiculi
cucurbita	bsb11762465	811	Kürbesbawm .	Cucurbita
cueillir	bsb11762465	404	Erndten / Meyen .	cueillir
cufatiuo	bsb10314207	211	Wunden heilen .	cufatiuo
cuftos	bsb11762465	1023	Schaffhirt .	cuftos
cuider	bsb11762465	69	Achten .	cuider
cuiffe	bsb11762465	718	Hüfft .	cuiffe
cula	bsb11762465	856	Mackel / Flecke .	cula
culeus	bsb11762465	1013	Sack .	culeus
culi	bsb10314207	159	Warsager .	culi
culigna	bsb11762465	162	Becher .	culigna
culpa	bsb10314207	131	Vnschüldig seyn .	culpa
culpam	bsb10314207	50	Vergeben .	culpam
culter	bsb10314207	113	Vngern .	culter
culti	bsb11762465	71	Ackern / Pflügen .	culti-
culto	bsb11762465	706	Hole .	culto
cultor	bsb11762465	370	Einwohner .	cultor
cultri	bsb11762465	877	Meffer weken .	cultri
cultus	bsb11762465	318	feit .	cultus
culum	bsb10314207	221	Zelt .	culum
culus	bsb11762465	1000	Ring .	culus
cumar	bsb11762465	777	Kirchherr .	cumar
cumfluere	bsb11762465	989	Reich Reich seyn .	cumfluere
cundare	bsb11762465	496	Fruchtbar machen .	cundare
cunia	bsb11762465	903	Munke .	cunia
cupidus	bsb11762465	341	Durstig .	cupidus
curare	bsb10314207	211	Wunden heilen .	curare
curaæ	bsb11762465	165	Be	curaæ
cure	bsb11762465	70	Ack	cure
curfitare	bsb11762465	994	Rennen / lauffen .	curfitare
curfor	bsb11762465	838	Lcuffer / Poft .	Curfor
curio	bsb11762465	945	Pabst / Antichrist .	curio
currere	bsb11762465	685	Herzu kommen .	currere
cuſchi	bsb11762465	898	Mor .	cuſchi
cuſtodire	bsb11762465	365	Eingedenck seyn .	cuſtodire
cyathos	bsb10314207	218	Zechen .	cyathos
cymbalu	bsb11762465	287	Vaſto corpore .	Cymbalu
cyprium	bsb11762465	810	Kupffer .	Cyprium
cæli	bsb11762465	960	Plag / streich .	cæli
cælos	bsb10314207	241	Zu Himmel fahren .	cælos
cæpit	bsb11762465	775	Kinder .	cæpit
cæteris	bsb11762465	260	Brautgamführer .	cæteris
daab	bsb11762465	382	Engstig sein .	daab
daabh	bsb10314207	21	Trawren .	daabh
daabhaag	bsb11762465	211	Betrübt seyn .	daabhaag
daag	bsb10314207	21	Trawren .	daag
daah	bsb10314207	170	Weyhe .	daah
daaph	bsb10314207	232	Zorn .	daaph
daath	bsb10314207	202	Wohn / meinung .	daath
dabar	bsb10314207	159	mahnen .	dabar
dabek	bsb11762465	103	Anråren .	dabek
dabhak	bsb11762465	194	Beruffen / fordern .	dabhak
dabhar	bsb11762465	536	Geheis .	dabhar
dabhek	bsb11762465	101	Anhangen .	dabhek
dabitur	bsb10314207	167	We	dabitur
dach	bsb10314207	223	Zerstoffen .	dach-
dachach	bsb11762465	930	No	dachach
dachah	bsb10314207	78	Ve	dachah
dachak	bsb11762465	334	Drücken .	dachak
dachaph	bsb11762465	930	No	dachaph
dachch	bsb10314207	71	Verschleiffen .	dachch
dadon	bsb10314207	39	Vbermuht .	dadon
dafchen	bsb11762465	447	Feift .	dafchen
dagah	bsb10314207	22	Trawrigkeit .	dagah
dagan	bsb11762465	496	Frucht an Korn .	dagan
dahab	bsb11762465	626	Gold .	dahab
dahar	bsb11762465	291	Danken .	dahar
daiek	bsb10314207	31	Thurn .	daiek
dakak	bsb10314207	222	Zerschtahen .	dakak
dakan	bsb11762465	87	Alt werden .	dakan
dakar	bsb10314207	81	Verwunden .	dakar
dalach	bsb10314207	224	Zertretten .	dalach
dalag	bsb11762465	291	Danken .	dalag
dalah	bsb11762465	1035	Schepffen .	dalah
dalak	bsb11762465	262	Brennen .	dalak
dalal	bsb11762465	111	Arm werden .	dalal
dalaph	bsb10314207	26	Tropffen .	dalaph
daliiah	bsb11762465	115	Aft / Zweig .	daliiah
dallah	bsb11762465	857	Magerheit .	dallah
dalleth	bsb11762465	384	Enhåndung .	dalleth
dalo	bsb11762465	391	Ergern .	dalo
dama	bsb10314207	174	We	dama
damah	bsb11762465	1072	Schweigen .	damah
damar	bsb11762465	65	Abschneiden .	damar
damdam	bsb11762465	1006	Notfarbig .	damdam
damnare	bsb11762465	144	pfeiffen .	damnare
daph	bsb11762465	231	Bladt .	daph
daphach	bsb10314207	91	Vmbkeren ,	daphach
daphak	bsb11762465	784	Crepitaculum , ſyſtrum .	daphak
dara	bsb11762465	59	Aberglaub ,	dara
darach	bsb11762465	244	Bogen spannen .	darach
darah	bsb11762465	145	Aufſpreiten .	darah
darak	bsb11762465	202	Besprengen .	darak
darban	bsb11762465	1121	Stachel .	darban
dardar	bsb11762465	325	Diftel .	dardar
dare	bsb10314207	46	Verdammung .	dare
darh	bsb11762465	562	Gesek .	darh
dari	bsb11762465	962	Plündern .	dari
dath	bsb11762465	834	Lehr .	dath
datio	bsb11762465	278	Eusse .	datio
dauah	bsb11762465	67	Item :	dauah
daug	bsb11762465	1042	Schifflein .	daug
daſch	bsb11762465	922	New .	daſch
deagah	bsb11762465	70	Item :	deagah
dealbare	bsb10314207	178	Weiffen .	Dealbare
dearbh	bsb11762465	381	Engstig .	dearbh
deatur	bsb11762465	763	Kalb .	deatur
debc	bsb11762465	745	Im	debc-
debek	bsb11762465	501	Fügung .	debek
debher	bsb10314207	14	Tode ..	debher
debhorah	bsb11762465	223	Bien .	debhorah
debul	bsb11762465	690	Himmel .	debul
debuter	bsb11762465	67	Abstoffen .	debuter
decapulare	bsb11762465	827	Item .	decapulare
decidit	bsb11762465	689	De	decidit
deckt	bsb11762465	862	Mantel .	deckt
declarare	bsb11762465	326	Dolmetschen .	declarare
declarer	bsb11762465	139	Auflegen .	declarer
decliuis	bsb11762465	925	Nider .	decliuis
decor	bsb11762465	560	Geschmuck .	decor
decorare	bsb11762465	1055	Schmücken .	decorare
decori	bsb11762465	393	Honorifice fepultus eſt .	decori
decorta	bsb11762465	67	Abstreiffen .	Decorta-
decurforium	bsb11762465	235	Blah .	decurforium
dedere	bsb10314207	174	We	dedere
dedication	bsb11762465	777	Kirchweihe .	dedication
deditum	bsb11762465	272	Bulen .	Deditum
deducere	bsb10314207	11	Theilen .	deducere
deducitur	bsb11762465	1015	Salk .	deducitur
deer	bsb11762465	782	Klein .	deer
defaccorder	bsb11762465	96	Anderst sein .	defaccorder
defaillan	bsb11762465	60	Item :	defaillan-
defaillir	bsb11762465	61	Ab	defaillir
defcendre	bsb11762465	67	Absteigen .	defcendre
defch	bsb11762465	923	New Mon.	defch
defche	bsb11762465	630	Graß .	defche
defchen	bsb11762465	115	Aft	defchen
defcifcere	bsb11762465	784	Kleinmütig sein .	defcifcere
defcindere	bsb11762465	1033	tich Gemach .	defcindere
defcroiftre	bsb11762465	64	• Abnemen .	defcroiftre
defendere	bsb11762465	995	Retten / erlofen .	defendere
defenfio	bsb11762465	995	Rettung .	defenfio
defert	bsb10314207	195	Wildniß ......	defert
defiderare	bsb11762465	861	Mangelen .	defiderare
definitor	bsb11762465	141	Ausmeffer .	definitor
defnue	bsb11762465	238	Blof .	defnue
defnuer	bsb11762465	123	Aufflosen .	defnuer
defpectus	bsb11762465	374	Geplagt .	defpectus
deftillans	bsb10314207	26	Tr	deftillans
deftourner	bsb11762465	69	Ab	deftourner
deftruire	bsb11762465	65	Abschaffen	deftruire
defuoier	bsb11762465	68	Abereiten .	defuoier
deglutire	bsb10314207	72	Verschlinden .	deglutire
degree	bsb11762465	958	Pflug .	degree
deie	bsb11762465	69	Abwerffen .	deie-
deiiciuntur	bsb11762465	866	Mawrenbrecher .	deiiciuntur
deio	bsb11762465	324	Dinte .	deio
deir	bsb11762465	855	Lüzel oder wenig .	deir
dejala	bsb11762465	1128	Steigen .	dejala
dekenim	bsb11762465	315	Die fürnembſten .	dekenim
dela	bsb11762465	220	Bier .	dela
delaif	bsb11762465	64	Ablassung .	delaif
delaiſſement	bsb10314207	195	Wildniß ......	delaiſſement
delaiſſer	bsb11762465	61	Ab	delaiſſer
delathaiim	bsb11762465	451	Fenster laden .	delathaiim
delectum	bsb11762465	136	Auserwehlen .	delectum
deleth	bsb10314207	11	Thür ......	deleth
deliberare	bsb10314207	246	Zu Raht gehen .	deliberare
delitefcere	bsb10314207	44	Verborgen sein .	delitefcere
delitiæ	bsb10314207	207	Wolluft .	delitiæ
demandare	bsb11762465	382	En	demandare
demande	bsb11762465	208	Betteler .	demande
demerer	bsb11762465	236	Bleiben .	demerer
demi	bsb11762465	556	Gesang .	demi-
demittere	bsb11762465	24	mium	Demittere
demonftratio	bsb11762465	193	Bericht .	demonftratio
demorah	bsb10314207	256	Ziv	demorah
demuth	bsb11762465	222	Bildniß .	demuth
demy	bsb10314207	72	Verschnittener .	demy
dendo	bsb11762465	74	Adler .	dendo
deni	bsb11762465	65	Item :	deni-
denier	bsb10314207	62	Ve	denier
dens	bsb10314207	202	Wizig .	dens
denter	bsb11762465	785	Klüglich .	denter
denudare	bsb11762465	238	Blosen .	denudare
deos	bsb11762465	61	ehren .	deos
depeindre	bsb11762465	64	Abmalen .	depeindre
dephus	bsb11762465	270	staben .	dephus
depilare	bsb11762465	337	Dunne machen .	depilare
depilis	bsb11762465	763	Kal .	depilis
deponere	bsb11762465	295	Abrogare leges ..	deponere
deprauare	bsb10314207	59	Verkeren .	deprauare
depreffus	bsb11762465	925	Nider .	depreffus
derben	bsb10314207	54	De	derben
dere	bsb10314207	13	Thür zuschliessen .	dere
derech	bsb10314207	175	Weise .	derech
derechef	bsb11762465	60	Abermal .	derechef
deror	bsb11762465	483	Freyheit .	deror
descende	bsb11762465	67	Absteigung .	descende
descriere	bsb11762465	66	Abschreiben .	descriere
desempeſtrer	bsb11762465	123	Aufflosen .	desempeſtrer
desregiæ	bsb11762465	707	Item Fürstenhoff .	desregiæ
destordre	bsb11762465	55	Ab	destordre
destouner	bsb11762465	55	Ab	destouner
destourner	bsb11762465	68	Abwenden .	destourner
detefter	bsb11762465	65	Abschewen haben .	detefter
detegere	bsb11762465	238	Blosen .	detegere
determinare	bsb11762465	205	Bestimmen .	determinare
detourner	bsb11762465	62	Abhalten .	detourner
detrudere	bsb10314207	78	Ve	detrudere
detruncatus	bsb11762465	566	Gestümmelt .	detruncatus
deuafſtatio	bsb10314207	57	Verhcerung .	deuafſtatio
deuant	bsb10314207	254	Zu	deuant
deuenir	bsb11762465	67	Ab	deuenir
deum	bsb11762465	620	oder ein Christ .	Deum
deus	bsb11762465	603	Gott Vatter .	Deus
deuxiefme	bsb11762465	95	Ander .	deuxiefme
dfaam	bsb10314207	23	Tr	dfaam
dfaaph	bsb10314207	116	Vn	dfaaph
dfach	bsb11762465	250	Item Gürtel .	dfach
dfahabh	bsb11762465	543	Geleutert Gold .	dfahabh
dfaith	bsb11762465	936	Delbawm .	dfaith
dfakak	bsb11762465	1082	Seigen .	dfakak
dfar	bsb11762465	486	Frembdling .	dfar
dfathach	bsb10314207	73	Verseken .	dfathach
dfeauah	bsb11762465	217	Be	dfeauah
dfebach	bsb11762465	941	Opffer .	dfebach
dfed	bsb11762465	700	Hochfertig .	dfed
dfekunin	bsb11762465	85	Item :	dfekunin
dfemirah	bsb11762465	844	Liedt .	dfemirah
dfereon	bsb11762465	549	Gemüß .	dfereon
dferoa	bsb11762465	110	Arm am Leibe .	dferoa
dfim	bsb11762465	269	Bubenstück .	dfim-
dfimmer	bsb11762465	848	men / etc .	dfimmer
dfoam	bsb10314207	232	Zorn .	dfoam
dfobh	bsb11762465	476	Flieffen .	dfobh
dfohar	bsb11762465	1032	Schein .	dfohar
dfor	bsb11762465	687	Heilen .	dfor
dforea	bsb11762465	1082	Seeman .	dforea
dfáam	bsb10314207	23	Trewung .	dfáam
diaconus	bsb11762465	317	Jong .	diaconus
diadon	bsb11762465	699	Hochfart .	diadon
diakan	bsb11762465	774	Kihn .	diakan
diamant	bsb11762465	72	Adamant .	diamant
dianak	bsb11762465	291	Danken .	dianak
diastema	bsb10314207	178	Weite .	diastema
dibbah	bsb11762465	555	Gerücht .	dibbah
dibber	bsb10314207	101	Unterreden .	dibber
diber	bsb11762465	105	Item :	diber
dibh	bsb11762465	167	Be	dibh
dibhrah	bsb11762465	256	Brauch .	dibhrah
dicare	bsb10314207	101	Vntergraben .	dicare
dicca	bsb10314207	71	Verschleiffen .	dicca
diccah	bsb11762465	991	Reinigen .	diccah
dicebatur	bsb11762465	285	Creuk .	dicebatur
dicere	bsb10314207	225	Zeugnuß geben .	dicere
dich	bsb11762465	369	tereinander .	dich
dichſchen	bsb11762465	879	Mesten .	dichſchen
dicimus	bsb11762465	328	Donnern .	Dicimus
dicitur	bsb10314207	155	Wa	dicitur
dicta	bsb11762465	274	ſcheuft .	dicta
dictio	bsb11762465	763	Kalb .	dictio
dictis	bsb11762465	650	Hadern .	dictis
dictum	bsb11762465	280	Cameel .	Dictum
dictus	bsb11762465	297	Daum .	dictus
didah	bsb11762465	271	Buch	didah
dieah	bsb11762465	1070	Schweif .	dieah
dieakah	bsb11762465	561	Geschrey .	dieakah
diefcere	bsb11762465	844	Liecht werden .	diefcere
diekenah	bsb11762465	87	Alt weib .	diekenah
dierem	bsb10314207	115	vngewitter .	dierem
dierum	bsb10314207	202	Woch .	dierum
dies	bsb11762465	830	Leihen .	dies
dieu	bsb11762465	1083	Se	dieu
dieux	bsb11762465	61	Götter .	dieux
difch	bsb11762465	667	Heiligen .	difch
difchichen	bsb11762465	448	Feiftmachen .	difchichen
difcordia	bsb11762465	122	Aufflauff	difcordia
difcrimina	bsb11762465	290	Dancken .	Difcrimina
difcrucians	bsb11762465	100	Angesicht bedecken .	difcrucians
difcutere	bsb10314207	78	Vertreiben .	difcutere
diffamare	bsb11762465	139	Auffündigen .	diffamare
diffe	bsb11762465	96	Anderst sein .	diffe-
difference	bsb10314207	102	Unterscheid .	difference
differunt	bsb11762465	282	Circkel .	Differunt
difgregatio	bsb11762465	1024	Scheidung .	difgregatio
difpenfare	bsb11762465	145	Aufsſpenden .	difpenfare
difpertire	bsb11762465	1045	machen .	difpertire
difplicere	bsb11762465	1030	Schawen .	difplicere
diftri	bsb10314207	224	Zertheilen .	diftri
digatur	bsb10314207	69	Versch .	digatur
digestio	bsb11762465	943	Ordnung .	digestio
diikkim	bsb11762465	772	Ketten .	diikkim
diiknah	bsb11762465	85	Item :	diiknah
diiuk	bsb11762465	284	rung .	diiuk
diligence	bsb11762465	470	Fleaf .	diligence
dilucide	bsb11762465	135	Ausdrücklich .	dilucide
diluere	bsb10314207	64	Vermischen .	diluere
dimah	bsb10314207	175	Weinung .	dimah
dimi	bsb11762465	583	Gleichniß .	dimi
dimin	bsb11762465	880	Måle .	dimin
diminu	bsb11762465	64	• Abnemen .	diminu
diminut	bsb10314207	230	Zinn .	diminut
diminutiuum	bsb11762465	159	Bawrenheußlein .	diminutiuum
dimion	bsb11762465	431	Ex	dimion
dimittere	bsb11762465	144	Aufschicken .	dimittere
dimmah	bsb11762465	581	Gleichen .	dimmah
dimmen	bsb11762465	205	Bestimmen .	dimmen
dimın	bsb11762465	659	Hafe .	dimın
dinah	bsb11762465	817	Landt .	dinah
dine	bsb11762465	909	Nahe darbey sein .	dine
dinem	bsb10314207	195	Wildniß ......	dinem
dinges	bsb10314207	150	Vrsprung .	dinges
dior	bsb11762465	250	Item Gürtel .	dior
dioſe	bsb11762465	883	Misgünstiger .	dioſe
dire	bsb11762465	65	Item :	dire
dirigere	bsb11762465	910	nakal .	dirigere
diritas	bsb11762465	633	Gr	diritas
discernendo	bsb11762465	657	Haar .	discernendo
discous	bsb10314207	47	Mensch .	discous
ditio	bsb11762465	683	Herrschafft .	ditio
ditorium	bsb11762465	1036	Scheune / Schewr .	ditorium
diuendi	bsb10314207	59	Ve	diuendi
diuerberare	bsb10314207	222	Zerschtahen .	diuerberare
diuifer	bsb10314207	224	Zertheilen .	diuifer
diuturna	bsb11762465	818	Langes Leben .	diuturna
diſcindere	bsb11762465	1114	Spalten .	diſcindere
diſpoſitio	bsb11762465	943	Ordnung .	diſpoſitio
diſtendere	bsb10314207	178	Weit machen .	diſtendere
diſtrahi	bsb10314207	255	Zw	diſtrahi
diſtraire	bsb11762465	62	Abhalten .	diſtraire
diſſeminare	bsb11762465	145	Aufſpreiten .	diſſeminare
diſſuadere	bsb11762465	69	Ab	diſſuadere
dober	bsb11762465	528	Gebrauch .	dober
dobh	bsb11762465	476	Flieffung .	dobh
dobherah	bsb11762465	265	Brücke .	dobherah
doch	bsb11762465	111	Arm werden .	doch
docher	bsb11762465	364	Eingedenck .	docher
dodim	bsb11762465	839	Liebe .	dodim
dohar	bsb11762465	843	Liecht / helligkeit .	dohar
doigt	bsb11762465	465	nahmen .	Doigt
dolabrare	bsb11762465	699	Hobelen .	dolabrare
dole	bsb11762465	486	Fr	dole-
dolent	bsb11762465	179	Bekümmert seyn .	dolent
dome	bsb11762465	792	Kot / Dreck .	dome
domeb	bsb10314207	118	Vugleich	domeb
domeh	bsb11762465	580	Gleich .	domeh
domestici	bsb11762465	663	Haußgesind .	domestici
domina	bsb11762465	681	Herrin / Fraw .	Domina
dominator	bsb11762465	681	Herr .	dominator
domini	bsb11762465	906	Mutter Chrifti .	Domini
domino	bsb11762465	1130	St	Domino
domo	bsb11762465	539	Ceigig .	domo
domos	bsb10314207	226	Ziegel .	domos
domum	bsb11762465	751	Jus Haus gehen .	domum
donare	bsb11762465	850	Lohn geben .	donare
donatus	bsb11762465	166	Befreyct .	donatus
dones	bsb11762465	152	Balck .	dones
donner	bsb11762465	178	Bekandt machen .	donner
dopes	bsb11762465	270	Buchdrucker .	dopes
dophi	bsb11762465	470	Flecken .	dophi
dorari	bsb10314207	63	Vermercken .	dorari
dorem	bsb11762465	816	Lampe / Kerke .	dorem
dorer	bsb10314207	56	Vergülden .	dorer
dormire	bsb11762465	1130	St	dormire
dotales	bsb11762465	688	Heyrath gut .	dotales
doth	bsb10314207	149	Prsach .	doth
dots	bsb11762465	390	Erfrewet werden .	dots
doubler	bsb11762465	66	Abschreiben .	doubler
doucement	bsb11762465	106	An	doucement
doſch	bsb11762465	667	Heilig .	doſch
draak	bsb11762465	194	Beruffen / fordern .	draak
dragon	bsb11762465	331	Drach .	dragon
drama	bsb11762465	530	Ordencken :	drama
dref	bsb11762465	469	Flechten .	dref-
drikkim	bsb11762465	508	Fu	drikkim
droham	bsb10314207	109	Vnflat .	droham
droit	bsb11762465	68	Abereiten .	droit
dromedarius	bsb11762465	334	Dromedari .	dromedarius
dromus	bsb11762465	235	Blah .	dromus
drott	bsb11762465	334	Dromedari .	Drott
dsot	bsb11762465	688	Hewr .	dsot
dtechuchith	bsb11762465	577	Glaß .	dtechuchith
ducere	bsb11762465	291	Danken .	ducere
duere	bsb11762465	782	Kleiden .	duere
duftrius	bsb11762465	112	Artig .	duftrius
dugerem	bsb11762465	787	Knoche / Bein .	Dugerem
dugith	bsb11762465	1042	Schifflein .	dugith
dukidar	bsb11762465	460	Fürst .	dukidar
dulari	bsb11762465	1103	Singen .	dulari
dulcor	bsb11762465	1152	Süssigkeit .	dulcor
duph	bsb11762465	1052	Sch	duph
duplex	bsb11762465	284	Corallen .	duplex
duplicatus	bsb11762465	329	Doppelt .	duplicatus
duplus	bsb11762465	329	Doppelt .	Duplus
durah	bsb11762465	1033	Scheiterhauff .	durah
duras	bsb11762465	654	Hammer .	duras
durefcere	bsb10314207	58	Verhertet werden .	durefcere
durr	bsb10314207	48	Verdorren .	Durr
duus	bsb10314207	154	Wa	duus
dæmonu	bsb10314207	217	Ba	Dæmonu
dérech	bsb11762465	817	Landeſtraß .	dérech
díakaph	bsb11762465	121	Auffheben .	díakaph
dſach	bsb11762465	993	Reinigkeit .	dſach
dſakkan	bsb11762465	157	Ba	dſakkan
dſarath	bsb11762465	1110	Sorge .	dſarath
dſechuchith	bsb11762465	286	Cristall .	dſechuchith
dſeg	bsb11762465	882	Mischung .	dſeg
dſepheth	bsb11762465	960	Pich .	dſepheth
dſimmah	bsb11762465	269	Bu	dſimmah
dſimmer	bsb11762465	1103	Singen .	dſimmer
eagal	bsb11762465	100	Angesicht bedecken .	eagal
ebchah	bsb11762465	678	Helle / Klarheit .	ebchah
ebhah	bsb11762465	660	Ha	ebhah
ebhan	bsb11762465	446	Feindschafft .	ebhan
ebhed	bsb11762465	786	Knecht .	ebhed
ebhel	bsb10314207	22	Trawrigkeit .	ebhel
ebhiion	bsb11762465	208	Betteler .	ebhiion
ebion	bsb11762465	374	Geplagt .	ebion
ebrah	bsb11762465	443	Feder .	ebrah
echad	bsb11762465	367	tigkeit .	echad
echaf	bsb10314207	100	lieben .	echaf
echaim	bsb11762465	902	Måhle .	echaim
echolecha	bsb11762465	429	seyn .	echolecha
echoleth	bsb11762465	867	Mechtigkeit .	echoleth
echorach	bsb10314207	164	Weg .	echorach
echtonoth	bsb11762465	529	Gedancke .	echtonoth
eclipfis	bsb11762465	1109	fchein .	eclipfis
ects	bsb11762465	975	Rahtgeber .	ects
edah	bsb11762465	662	Hauff Volcks .	edah
edar	bsb11762465	354	Ehrlich .	edar
eden	bsb11762465	948	Paradis .	eden
eder	bsb11762465	73	Adelkeit .	eder
edfem	bsb11762465	652	Halfbandt .	edfem
edfor	bsb11762465	645	Gürtel .	edfor
edfrach	bsb11762465	160	Bawm .	edfrach
edicere	bsb11762465	669	Heiffen / Befehlen .	edicere
edil	bsb10314207	228	Zinn .	edil
educatio	bsb11762465	120	Aufferzihung .	Educatio
educere	bsb11762465	919	Nasen schnauben	educere
efahel	bsb11762465	160	Bawm .	efahel
efcarter	bsb11762465	67	Ab	efcarter
efch	bsb11762465	262	Brennend Fewer .	efch
efchboarah	bsb11762465	262	Brennend Fewer .	efchboarah
efchbon	bsb10314207	65	Vernunfft .	efchbon
efchcar	bsb11762465	509	Gabe .	efchcar
efchech	bsb11762465	705	peler .	efchech
efcheth	bsb11762465	1032	Schein .	efcheth
efchkol	bsb11762465	332	Dr	efchkol
efcorcement	bsb11762465	67	Abstreiffen .	efcorcement
efek	bsb11762465	1012	Sach .	efek
effe	bsb10314207	82	Verzagen .	effe
effent	bsb11762465	393	Honorifice fepultus eſt .	effent
efficere	bsb11762465	205	Beftettigen .	efficere
effluere	bsb11762465	136	Auffallen .	effluere
effrenatus	bsb11762465	653	Halfstarrig .	effrenatus
effringere	bsb11762465	117	Auffbrechen .	Effringere
effum	bsb11762465	695	Hindersich .	effum
effundat	bsb11762465	856	Mage .	effundat
efinuare	bsb11762465	133	Ausbreiten .	efinuare
efle	bsb11762465	533	Gefallen .	efle
eftre	bsb11762465	63	Ablaffen .	eftre
egel	bsb11762465	763	Kalb .	egel
egerah	bsb11762465	1014	Såge .	egerah
egerminare	bsb11762465	681	fproffen .	egerminare
egestas	bsb11762465	861	Mangel .	egestas
eglife	bsb11762465	777	Kirchweihe .	eglife
eiicere	bsb11762465	1037	Schiessen .	eiicere
eines	bsb10314207	150	Vrsprung .	eines
eiulatus	bsb11762465	779	Item .	eiulatus
ekdach	bsb11762465	280	Carfunckelstein .	ekdach
ekeph	bsb11762465	334	Dromedari .	ekeph
elaborare	bsb11762465	478	Formieren .	elaborare
eled	bsb11762465	775	Kinder .	eled
eleganter	bsb11762465	340	Dürsten .	Eleganter
elem	bsb11762465	775	Kinder .	elem
eleuare	bsb11762465	391	Erheben .	eleuare
elgabiſeſch	bsb11762465	651	Hagel .	elgabiſeſch
eliquare	bsb11762465	1054	Schmelzen .	eliquare
elixare	bsb11762465	1100	Sieden .	elixare
ellych	bsb11762465	279	Busscheer .	ellych-
elohim	bsb11762465	379	Engel .	elohim
elucubrare	bsb10314207	150	Wachen .	elucubrare
elucubratio	bsb11762465	313	Di	elucubratio
elul	bsb11762465	132	Au	elul
embig	bsb10314207	152	Wacker / Fleissig .	embig
emigrare	bsb11762465	141	ziehen .	emigrare
emim	bsb11762465	599	Göke .	emim
emittere	bsb11762465	1037	Schiessen .	emittere
emporeuta	bsb10314207	180	Werber .	emporeuta
empreinte	bsb11762465	859	Mal / Brandtmal .	empreinte
emtio	bsb11762465	767	Kauff .	Emtio
emunah	bsb10314207	24	Trew / Glaube .	Emunah
enaf	bsb11762465	126	Auffsehen .	enaf
encens	bsb10314207	170	Weyrauch .	encens
enclume	bsb11762465	87	Ambof .	enclume
encuſement	bsb11762465	107	Anzeigung .	encuſement
ends	bsb11762465	1137	St	ends
enfem	bsb11762465	1076	Sch	enfem
engendre	bsb11762465	529	Geburt .	engendre-
engin	bsb11762465	1012	mecht .	engin
enoch	bsb11762465	872	Mensche	enoch
enormis	bsb11762465	635	Gros .	enormis
enui	bsb11762465	356	Ciffern .	enui-
enuieillir	bsb11762465	87	Alt werden .	Enuieillir
enuieux	bsb11762465	883	Misgünstiger .	enuieux
enuoyer	bsb11762465	1089	Senden .	enuoyer
eodem	bsb10314207	105	Unterweilen .	eodem
epheh	bsb11762465	72	Adder / Nater .	epheh
epher	bsb11762465	260	Brieffe / Miffiue .	epher
ephes	bsb11762465	921	Nein .	ephes
ephrocha	bsb11762465	762	Thieres .	ephrocha
epidimia	bsb11762465	950	Pestilenk .	epidimia
epifcopus	bsb10314207	164	Wechter .	epifcopus
eptare	bsb11762465	102	Annemen .	eptare
epulum	bsb11762465	859	Mal / Gafterey .	epulum
epur	bsb11762465	826	Leber .	Epur
eques	bsb11762465	996	Reuter .	Eques
equidem	bsb11762465	574	Gewißlich .	equidem
erab	bsb10314207	101	Vnterpfandt .	erab
erabhon	bsb11762465	951	Pfandt .	erabhon
erach	bsb11762465	1090	Senfftigen .	erach
ercs	bsb11762465	208	Beth .	ercs
ereb	bsb11762465	56	Abend .	ereb
erech	bsb11762465	531	Gedültig .	erech
erectus	bsb11762465	981	Recht .	erectus
ereds	bsb11762465	281	chartanotetur .	ereds
ereg	bsb11762465	573	Ge	ereg
eremus	bsb11762465	936	Dede .	eremus
ereptus	bsb11762465	567	Gestorben .	ereptus
eres	bsb11762465	257	Brautbeth .	eres
erets	bsb11762465	312	Deutschlandt .	erets
ergaster	bsb10314207	181	Item :	ergaster
erichtheh	bsb11762465	524	Gafterey .	erichtheh
eripere	bsb11762465	1052	Schlund / Rachen .	eripere
erit	bsb11762465	429	seyn .	erit
erlangen	bsb10314207	38	Vberkommen .	Erlangen
erogare	bsb11762465	145	Aufsſpenden .	erogare
erom	bsb11762465	238	Blof .	erom
erotema	bsb11762465	479	Frag .	erotema
errare	bsb11762465	747	In der jrre gehen .	errare
errorem	bsb10314207	50	Verfüren .	errorem
eruah	bsb11762465	872	Menlich scham .	eruah
eruditio	bsb11762465	193	Bericht .	eruditio
eruere	bsb11762465	383	Entledigen .	eruere
erumpere	bsb11762465	133	Ausbrechen .	erumpere
erythræum	bsb11762465	1006	Note Meer .	erythræum
eryttach	bsb11762465	564	Gefotten .	eryttach
escorcher	bsb11762465	67	Abstreiffen .	escorcher
eslire	bsb11762465	409	Erwehlen .	eslire
espi	bsb11762465	76	Ah	espi
esportis	bsb11762465	145	aufreden .	esportis
espou	bsb11762465	66	Abschrecken .	espou-
estimare	bsb11762465	164	Beduncken .	estimare
estimer	bsb11762465	69	Achten .	estimer
estranges	bsb11762465	61	Götter .	estranges
estre	bsb11762465	96	Anderst sein .	estre
etari	bsb11762465	101	Anhangen .	Etari
etel	bsb11762465	820	Laft / Bürde .	etel
etfah	bsb11762465	974	Rath / Anschlag .	etfah
etfaim	bsb11762465	775	Kinder .	etfaim
etfebh	bsb11762465	1054	Schmerzen .	etfebh
ethachad	bsb11762465	584	Glied .	ethachad
ethanim	bsb11762465	505	ten einer Stadt .	ethanim
ethil	bsb11762465	288	Dachs .	ethil
ethischto	bsb11762465	315	Die Ehe trennen .	ethischto
ethnan	bsb11762465	850	lohn .	ethnan
etiam	bsb11762465	427	Effig .	etiam
etseb	bsb11762465	808	Angst .	etseb
ette	bsb11762465	211	Be	ette
etum	bsb11762465	1011	Ruhig machen .	etum
etun	bsb11762465	154	Bandt .	etun
etymologia	bsb11762465	139	Auflegung .	etymologia
etſim	bsb10314207	228	Zimmerman .	etſim
euenire	bsb11762465	167	Begeben .	euenire
euil	bsb10314207	18	Ther .	euil
euiter	bsb11762465	68	Abwenden .	euiter
eundem	bsb11762465	157	Ba	eundem
euphanim	bsb11762465	704	Hochwirdig .	euphanim
euphoniæ	bsb11762465	431	Ey .	euphoniæ
exagitare	bsb10314207	50	Verfolgen .	exagitare
exagitatus	bsb11762465	974	Rafender .	exagitatus
excalceatus	bsb11762465	156	Barfuß .	excalceatus
excare	bsb11762465	138	Aufhawen .	excare
excedere	bsb11762465	135	Au	excedere
excellence	bsb11762465	463	Fürtreffung .	excellence
excidere	bsb11762465	138	Aufhawen .	Excidere
excipere	bsb11762465	1035	Schepffen .	excipere
excire	bsb11762465	478	Fordern .	excire
excoctum	bsb11762465	543	Geleutert Gold .	excoctum
excutere	bsb11762465	178	Bekümmern .	excutere
exedere	bsb11762465	865	Matt machen .	exedere
exfuperare	bsb10314207	39	Vberschiffen .	exfuperare
exhibet	bsb11762465	394	Er	exhibet
exhorrere	bsb10314207	229	Zitteren .	exhorrere
exiccatus	bsb11762465	338	Du	exiccatus
exiftimare	bsb11762465	653	Item :	exiftimare
exiguus	bsb11762465	782	Klein .	exiguus
eximere	bsb11762465	1030	Schaumen .	eximere
eximius	bsb11762465	136	Auserkoren .	eximius
exordium	bsb11762465	922	New Jahr .	exordium
expandere	bsb11762465	133	Ausbreiten .	expandere
expergifci	bsb11762465	130	Auffwachen .	expergifci
expers	bsb11762465	237	Cuius oculi lucis egent .	expers
expertus	bsb10314207	176	Weiß .	expertus
expetere	bsb11762465	546	Gelüften / Begeren .	expetere
expla	bsb11762465	139	Außleger .	expla-
explere	bsb11762465	426	Essen .	explere
expofer	bsb11762465	139	Auflegen .	expofer
exporrigere	bsb11762465	492	Frotich seyn .	exporrigere
exprimer	bsb11762465	55	Abdrucken .	exprimer
exteratū	bsb11762465	375	Elend / Veriagung .	exteratū
exterere	bsb11762465	877	Meffer weken .	exterere
extollere	bsb11762465	665	He	extollere
extraire	bsb11762465	55	Abbrechen .	extraire
exturbare	bsb10314207	58	Veriagen .	exturbare
exul	bsb11762465	376	Elender / Veriagter .	exul
exulans	bsb11762465	376	Elender / Veriagter .	exulans
exultare	bsb11762465	490	Frewd anzeigen .	exultare
exultatione	bsb11762465	490	Frewd haben .	exultatione
exurgere	bsb11762465	129	Bette .	exurgere
exus	bsb11762465	807	Krum .	exus
exſpectat	bsb10314207	181	Werth .	exſpectat
exſtendere	bsb10314207	178	Weit machen .	exſtendere
exſtruere	bsb11762465	1122	Stadt bawen .	exſtruere
eſclair	bsb11762465	237	Blik .	eſclair
eſclairemët	bsb11762465	237	Blik .	eſclairemët
eſcoufle	bsb10314207	170	Weyhe .	eſcoufle
eſtre	bsb11762465	67	Ab	eſtre
eſſe	bsb11762465	247	Bo	eſſe
faad	bsb10314207	104	Vn	faad
faar	bsb11762465	817	fo man abschneidet .	faar
faba	bsb11762465	244	Bon .	Faba
fabah	bsb11762465	106	An	fabah
fabbar	bsb11762465	288	Dammen .	fabbar
fabbath	bsb11762465	273	Bu	fabbath
faber	bsb11762465	810	Kupfferschmidt .	Faber
fabh	bsb11762465	86	Alter man .	fabh
fabha	bsb10314207	24	Tr	fabha
fabhach	bsb10314207	81	Verwickeln .	fabhach
fabhib	bsb10314207	90	Vmbgang .	fabhib
fabhibh	bsb10314207	88	Vmb .	fabhibh
fabrile	bsb11762465	259	Breit .	Fabrile
fabuch	bsb10314207	81	Verwickelt .	fabuch
facach	bsb11762465	162	Bedecken .	facach
facar	bsb11762465	850	Lohn geben .	facar
facath	bsb11762465	123	Auffmercken .	facath
faccin	bsb11762465	877	Messer .	faccin
facer	bsb10314207	50	Verflucht .	facer
facerdos	bsb11762465	223	Pischoff .	facerdos
facere	bsb11762465	142	Außreiffen .	facere
facha	bsb11762465	62	Abkauffen .	facha
fachab	bsb11762465	771	Keren .	fachab
fachah	bsb11762465	444	Fegen / Keren .	fachah
fachak	bsb11762465	439	Fa	fachak
fachal	bsb11762465	210	Bethoret	fachal
fachaph	bsb11762465	930	No	fachaph
fachar	bsb11762465	68	Ab	fachar
facharatam	bsb10314207	71	Verschliessen .	facharatam
facharti	bsb11762465	411	Es felt mir ein .	facharti
fachat	bsb10314207	90	Vmbgang .	fachat
fachur	bsb11762465	364	Eingedenck .	fachur
facial	bsb11762465	456	Fürchten .	facial
faciem	bsb11762465	100	Angesicht bedecken .	faciem
facile	bsb11762465	339	Dürrholk .	facile
facinorofus	bsb10314207	47	Mensch .	facinorofus
facra	bsb11762465	941	Opffern .	facra
facrificulus	bsb11762465	968	Pr	facrificulus
facris	bsb11762465	160	Bawm .	facris
facrorum	bsb11762465	777	chenordnung .	facrorum
facrum	bsb11762465	941	Opffer .	facrum
facræ	bsb10314207	8	Tempel .	facræ
facta	bsb10314207	211	Wunde .	facta
factis	bsb11762465	447	Feyren .	factis
factum	bsb11762465	269	Bubenstück .	factum
fadar	bsb11762465	943	Dronen .	fadar
fadeh	bsb11762465	70	Acker .	fadeh
fafcia	bsb11762465	258	riem .	Fafcia
faffar	bsb11762465	652	Halß .	faffar
fafon	bsb11762465	490	Fr	fafon
faftidium	bsb11762465	355	Eickel .	faftidium
faftuofus	bsb11762465	700	Hochfertig .	faftuofus
fagad	bsb11762465	93	An	fagad
fagah	bsb10314207	151	Wachsen .	fagah
fagal	bsb11762465	197	Beschlaffen .	fagal
fagar	bsb10314207	13	Thür zuschliessen .	fagar
fagax	bsb11762465	112	Artig .	fagax
fagulum	bsb11762465	464	nisch anlegt .	fagulum
fahad	bsb11762465	219	Bezeugen .	fahad
fahanan	bsb11762465	1009	Ruffen .	fahanan
faillir	bsb11762465	60	Abfallen .	faillir
faiph	bsb10314207	255	nes Baums .	faiph
fair	bsb11762465	243	Bork .	fair
faire	bsb10314207	6	Taubheit .	faire
fakal	bsb10314207	74	Versteinigen .	fakal
falach	bsb10314207	76	Versonen .	falach
falah	bsb11762465	256	Br	falah
falarium	bsb11762465	850	lohn .	falarium
falfa	bsb11762465	138	Au	falfa
faliuum	bsb11762465	1113	drick	faliuum
fall	bsb10314207	41	Ve	fall
fallach	bsb10314207	76	Versoner .	fallach
fallibiliter	bsb10314207	158	Warhafftiglich .	fallibiliter
falue	bsb11762465	1083	Se	falue
faluti	bsb11762465	316	Die flucht geben .	faluti
famach	bsb10314207	104	Vn	famach
faman	bsb11762465	106	Anzeichnen .	faman
famar	bsb11762465	1030	Schaudern .	famar
fameth	bsb11762465	163	Be	fameth
fammim	bsb11762465	575	Gewürk .	fammim
fancte	bsb11762465	574	Gewißlich zusagen .	fancte
fanctificare	bsb11762465	991	Reinigen .	fanctificare
fanctus	bsb11762465	608	Go	fanctus
fane	bsb11762465	883	nen .	fane
fanfue	bsb11762465	742	Il ) Egel	fanfue
fangfue	bsb11762465	347	Egel / Eile .	fangfue
fans	bsb11762465	82	Als bald .	fans
fanum	bsb10314207	8	Tempel .	fanum
fapbam	bsb11762465	774	Kihn .	fapbam
faph	bsb11762465	437	Fay / Gefäß .	faph
faphad	bsb11762465	216	Beweinen .	faphad
faphah	bsb11762465	501	Jügen .	faphah
faphahathar	bsb11762465	1120	Sprach .	faphahathar
faphak	bsb11762465	1048	Schlagen .	faphak
faphan	bsb11762465	162	Bedecken .	faphan
faphar	bsb10314207	105	Vnterzelen .	faphar
fapor	bsb11762465	1000	Ricchung .	fapor
fappan	bsb11762465	1041	Sch	fappan
fara	bsb11762465	1082	Seen .	fara
farabh	bsb10314207	182	Werme .	farabh
farach	bsb11762465	441	Faul seyn .	farach
farad	bsb10314207	38	Vbrig seyn .	farad
farag	bsb11762465	469	Flechten .	farag
farah	bsb11762465	68	Abwenden .	farah
faraph	bsb10314207	45	Verbrennen .	faraph
farar	bsb11762465	333	Drengen .	farar
farcinare	bsb11762465	920	Neen .	farcinare
fare	bsb11762465	1068	Schütteln .	fare
farifia	bsb11762465	1116	Spieß / Langspich .	farifia
farinam	bsb11762465	786	Knetten .	Farinam
faris	bsb10314207	72	Verschnittener .	faris
farnim	bsb10314207	3	Taffel .	farnim
farrago	bsb11762465	508	Futter .	farrago
fast	bsb10314207	3	Tagen .	fast
fatah	bsb10314207	180	Wenden .	fatah
fatan	bsb10314207	122	Vngunst .	fatan
fath	bsb11762465	259	Brennen .	fath
fatham	bsb10314207	92	Vmbschliessen .	fatham
fathar	bsb10314207	43	Ve	fathar
fatio	bsb11762465	408	Erstattung .	fatio
fator	bsb11762465	1062	Schopffer .	fator
fatum	bsb10314207	14	Tode ..	fatum
fatyriasis	bsb11762465	859	Malacey / Auffak .	fatyriasis
faucibus	bsb11762465	1052	Schlund / Rachen .	faucibus
fauere	bsb11762465	1072	Schweigen .	fauere
faul	bsb11762465	818	Langsam	Faul
faulx	bsb11762465	270	Buchbawm .	faulx
fauuement	bsb11762465	667	Heil .	fauuement
fauſtas	bsb11762465	477	Fluchen .	fauſtas
fayant	bsb11762465	270	Buchbawm .	fayant
fceleftus	bsb11762465	248	Bofwicht / bube .	fceleftus
fcentiam	bsb11762465	761	Jüngling .	fcentiam
fceptre	bsb11762465	1019	Sawhirt .	fceptre
fcere	bsb10314207	3	Tagen .	fcere
fcha	bsb10314207	24	Tr	fcha-
fchaag	bsb11762465	266	Brüllen .	fchaag
fchaah	bsb11762465	407	Erstarren .	fchaah
fchaal	bsb11762465	103	Anschawen .	fchaal
fchaar	bsb10314207	13	Thor / Pforte .	fchaar
fchaath	bsb10314207	24	Tritt .	fchaath
fchab	bsb11762465	122	Au	fchab-
fchabbath	bsb11762465	64	Ablassung .	fchabbath
fchabh	bsb11762465	227	Eitt erhören .	fchabh
fchabhar	bsb10314207	13	Thür zerbrechen .	fchabhar
fchabhlul	bsb11762465	1056	Schneck .	fchabhlul
fchabli	bsb11762465	133	Ausbleiben .	fchabli
fchach	bsb11762465	1140	Strecken .	fchach
fchachabh	bsb11762465	197	Beschlaffen .	fchachabh
fchachak	bsb11762465	1117	Spielen .	fchachak
fchachal	bsb11762465	852	Lowe .	fchachal
fchachar	bsb11762465	899	Morgenrote .	fchachar
fchacharuth	bsb11762465	1076	Schwerke .	fchacharuth
fchache	bsb11762465	561	Geschwulst .	fchache
fchachen	bsb11762465	908	Nachbawer .	fchachen
fchachor	bsb11762465	1072	he Farbe .	fchachor
fchadad	bsb10314207	210	Wufte machen .	fchadad
fchadaph	bsb11762465	1081	Schen .	fchadaph
fchaf	bsb10314207	52	Ve	fchaf
fchafa	bsb10314207	81	Verwüsten .	fchafa
fchafah	bsb11762465	184	Berauben .	fchafah
fchafaph	bsb11762465	1033	tich Gemach .	fchafaph
fchaffeah	bsb11762465	561	Geschrey .	fchaffeah
fchafua	bsb11762465	564	Gespalten .	fchafua
fchaga	bsb10314207	210	Wüten .	fchaga
fchah	bsb11762465	830	Leihen .	fchah
fchahadur	bsb11762465	72	Adel .	fchahadur
fchahath	bsb11762465	253	Brach .	fchahath
fchaka	bsb11762465	1018	Sauffen .	fchaka
fchakad	bsb11762465	70	Ack	fchakad
fchakah	bsb11762465	146	Auftrincken .	fchakah
fchakal	bsb10314207	164	Wegen .	fchakal
fchakaph	bsb11762465	1081	Schen .	fchakaph
fchakat	bsb11762465	1010	Kugen .	fchakat
fchakats	bsb11762465	632	Gr	fchakats
fchalach	bsb11762465	144	Aufschicken .	fchalach
fchalaph	bsb11762465	1065	Schuch .	fchalaph
fchalef	bsb11762465	492	Friedsam .	fchalef
fchalem	bsb11762465	124	Auffrecht .	fchalem
fchalit	bsb11762465	460	Fürst .	fchalit
fchallecheni	bsb11762465	820	Las mich gehen .	fchallecheni
fchalom	bsb11762465	1083	Se	fchalom
fchaluah	bsb11762465	491	Fried .	fchaluah
fcham	bsb11762465	144	schreiben .	fcham
fchamai	bsb11762465	910	nakal .	fchamai-
fchamar	bsb11762465	172	Behalten .	fchamar
fchamathi	bsb11762465	882	Mi	fchamathi
fchammim	bsb11762465	1114	Specerey / Würz .	fchammim
fchanan	bsb11762465	1035	Scherffen .	fchanan
fchaphach	bsb11762465	575	Gieffen .	fchaphach
fchaprir	bsb10314207	221	Zelt .	fchaprir
fchar	bsb11762465	61	Ab	fchar
fcharah	bsb11762465	1018	Sauffen .	fcharah
fcharak	bsb10314207	229	Zischen / Pfeiffen .	fcharak
fchat	bsb11762465	1008	Ruderknecht .	fchat
fchath	bsb11762465	644	Grund legen .	fchath
fchathah	bsb10314207	24	Tr	fchathah
fchathal	bsb11762465	182	Belken / Propffen	fchathal
fchau	bsb11762465	78	Al	fchau
fchaſaph	bsb10314207	222	Be	fchaſaph
fchbeh	bsb11762465	533	Gefangen .	fchbeh
fche	bsb11762465	373	tigkeit .	fche-
fchebet	bsb11762465	683	Herrschafft .	fchebet
fchebher	bsb11762465	789	Korn .	fchebher
fchebhet	bsb11762465	1121	Stab .	fchebhet
fchebuah	bsb11762465	356	Eide .	fchebuah
fchechin	bsb11762465	561	Geschwer )	fchechin
fchecho	bsb10314207	65	Ve	fchecho-
fchechor	bsb11762465	788	Kol .	fchechor
fchediog	bsb11762465	1013	Safft / Feucht .	fchediog
fcheer	bsb11762465	99	Angeboren freund .	fcheer
fcheh	bsb11762465	1148	wadt .	fcheh
fchelach	bsb11762465	561	Geschof .	fchelach
fchelah	bsb11762465	225	1 Bitt .	fchelah
fcheleg	bsb11762465	1056	Schnee .	fcheleg
fchem	bsb11762465	648	Guter ding / frolich .	fchem
fchemate	bsb11762465	819	Lang vom leib .	fchemate
fchemefch	bsb11762465	1107	Sonne .	fchemefch
fchemittah	bsb11762465	253	Brach .	fchemittah
fchemuroth	bsb11762465	131	deckel .	fchemuroth
fchen	bsb10314207	215	Zan .	fchen
fchenah	bsb11762465	1045	Schlaff .	fchenah
fcheninah	bsb11762465	431	Fabel .	fcheninah
fchenith	bsb10314207	186	Widerumb .	fchenith
fchephod	bsb11762465	768	Kef .	fchephod
fcher	bsb10314207	229	Sibila rauca ſonans .	fcher
fcheth	bsb11762465	694	Hinder .	fcheth
fchetſeph	bsb11762465	855	Lüzel oder wenig .	fchetſeph
fcheus	bsb11762465	249	Bolk / Pfeil .	fcheus
fchi	bsb11762465	88	Am dritten tage .	fchi
fchib	bsb11762465	117	Auffbrechen .	fchib
fchibber	bsb10314207	92	Vimbreiffen .	fchibber
fchichar	bsb11762465	390	Erforschen .	fchichar
fchichor	bsb11762465	925	Nider werffen .	fchichor
fchif	bsb11762465	1009	Ruffen .	fchif
fchiffah	bsb11762465	581	Gleichen .	fchiffah
fchigga	bsb11762465	210	Bethoren .	fchigga
fchiggaon	bsb10314207	132	Vnsinnigkeit .	fchiggaon
fchikmah	bsb11762465	444	Felgenbawm .	fchikmah
fchillach	bsb11762465	134	oder stoffen .	fchillach
fchillem	bsb10314207	184	Widergelten .	fchillem
fchillunı	bsb10314207	54	Vergeltung .	fchillunı
fchilton	bsb11762465	683	Herrschafft .	fchilton
fchir	bsb11762465	1103	Singen .	fchir
fchittuk	bsb11762465	194	gewalt .	fchittuk
fchlofch	bsb11762465	333	Drey .	fchlofch
fcho	bsb11762465	712	blefet .	fcho-
fchobh	bsb11762465	278	Pænitere facinus .	fchobh
fchobhel	bsb11762465	507	Fuß .	fchobhel
fchocba	bsb11762465	628	Grabe / Grube .	fchocba
fchoer	bsb10314207	12	Thürhüter .	fchoer
fchofchannah	bsb11762465	1004	Ro	fchofchannah
fchok	bsb11762465	1034	Schenckel / Bein .	fchok
fchomer	bsb11762465	717	Hüter .	fchomer
fchophar	bsb10314207	25	Trommet / Posaun .	fchophar
fchophet	bsb11762465	999	Richter .	fchophet
fchor	bsb11762465	908	Nabel .	fchor
fchorer	bsb11762465	908	Nabel .	fchorer
fchot	bsb11762465	390	Erforschen .	fchot
fchoter	bsb11762465	663	Ha	fchoter
fchoth	bsb11762465	662	Hauptküssen .	fchoth
fchua	bsb11762465	554	Ge	fchua
fchual	bsb11762465	502	Fuchf .	fchual
fchubh	bsb10314207	186	Widerumb .	fchubh
fchuch	bsb11762465	110	Afflictæ fortunæ .	fchuch
fchul	bsb11762465	250	Bo	fchul
fchuph	bsb11762465	470	Fledermauf .	fchuph
fchylchan	bsb11762465	304	den .	fchylchan
fciabar	bsb11762465	258	Brechen .	fciabar
fciachar	bsb11762465	577	Glank / Schein .	fciachar
fcil	bsb10314207	202	Wizig .	fcil
fcilicet	bsb10314207	12	Thürangel .	fcilicet
fcindere	bsb11762465	258	Brechen .	fcindere
fciplina	bsb10314207	105	Unterweisung .	fciplina
fcopus	bsb10314207	227	Biet .	fcopus
fcriptio	bsb11762465	1063	Schreibung .	fcriptio
fcriptor	bsb11762465	270	bent .	fcriptor
fcriptorius	bsb11762465	1063	Schreibfeder .	fcriptorius
fcrupulis	bsb11762465	784	Kl	fcrupulis
fculpere	bsb11762465	628	Ausgraben .	fculpere
fcurum	bsb10314207	135	Vnuerborgen .	fcurum
fear	bsb11762465	657	Haar .	fear
fearah	bsb10314207	115	vngewitter .	fearah
febab	bsb11762465	85	Item :	febab
febhach	bsb10314207	81	Verwicklung .	febhach
febhah	bsb11762465	630	Grawe oder weisse .	febhah
fechel	bsb10314207	65	Vernunfft .	fechel
fechen	bsb11762465	528	Gebrauch .	fechen
fecher	bsb11762465	529	Gedechtniß .	fecher
fechi	bsb11762465	792	Kot / Dreck .	fechi
fechok	bsb11762465	1120	Spottung .	fechok
fechorah	bsb10314207	181	Werbung .	fechorah
fecon	bsb11762465	60	Abermal .	fecon
fectin	bsb11762465	1074	Sch	fectin
fectus	bsb10314207	142	Vo	fectus
fedare	bsb11762465	426	Essen .	fedare
feden	bsb11762465	87	Ambof .	feden
feder	bsb11762465	943	Ordnung .	feder
fedes	bsb11762465	694	Hinder .	fedes
fedibus	bsb11762465	134	oder stoffen .	fedibus
feeth	bsb11762465	233	Blafe .	feeth
fefcere	bsb11762465	448	Feift werden .	fefcere
feffor	bsb11762465	898	Morder .	feffor
fegi	bsb11762465	197	Beschlieffung .	fegi-
fegnis	bsb11762465	818	Langsam	fegnis
fegnitia	bsb11762465	819	schlefferigkeit .	fegnitia
fegor	bsb11762465	626	Gold .	fegor
fegyllah	bsb11762465	357	Eigen Gut .	fegyllah
feignes	bsb10314207	218	Zeichen .	feignes
fela	bsb11762465	449	Felf .	fela
felem	bsb11762465	222	Bildniß .	felem
feli	bsb10314207	76	Versónung .	feli
felim	bsb11762465	287	Vaſto corpore .	felim
felle	bsb10314207	253	Zu Stuel gehen .	felle
felytusgr	bsb11762465	486	Frembdling .	felytus.gr
femel	bsb11762465	222	Bildniß .	femel
femen	bsb11762465	789	Korn .	femen
fement	bsb11762465	64	Ablassung .	fement
femer	bsb11762465	1082	Seen .	femer
femeur	bsb11762465	1082	Seeman .	femeur
femina	bsb10314207	64	ond Mannes .	femina
femme	bsb11762465	87	Alt weib .	femme
femol	bsb11762465	845	Lincke Handt .	femol
fench	bsb11762465	330	Dorn .	fench
fenestre	bsb11762465	451	Fenestra , Jueis , feneſtella ,	fenestre
fenfio	bsb11762465	1103	Sünde .	fenfio
fenfu	bsb11762465	87	Alt weib .	fenfu
fenfus	bsb11762465	529	Gedancke .	fenfus
fentatorius	bsb11762465	1053	Schmeichelrede /	fentatorius
fentear	bsb11762465	243	Bork .	fentear
fententia	bsb11762465	548	Gaffenwortlein .	fententia
fententiæ	bsb11762465	584	ان	fententiæ
fentire	bsb11762465	164	Beduncken .	fentire
feparatim	bsb11762465	382	über .	feparatim
feparation	bsb10314207	102	Unterscheid .	feparation
feparer	bsb11762465	67	Ab	feparer
fephekah	bsb10314207	255	Zweiffel .	fephekah
fephel	bsb11762465	162	Becken .	fephel
fepher	bsb11762465	269	Buch .	fepher
fephiah	bsb10314207	14	Tochter .	fephiah
fephina	bsb11762465	1038	Schiff .	fephina
ferach	bsb10314207	37	Vb	ferach
feram	bsb10314207	252	Zuschliessen .	feram
ferarum	bsb11762465	644	wilden Thier .	ferarum
fere	bsb10314207	34	Past / Bey nahe .	fere
ferens	bsb11762465	1071	Schwanger .	ferens
feridim	bsb11762465	775	Kinder .	feridim
feriez	bsb11762465	447	Feyertag .	feriez
ferinum	bsb10314207	206	Vellus	ferinum
ferire	bsb11762465	1138	Stoffen .	ferire
ferme	bsb10314207	34	Past / Bey nahe .	ferme
fernere	bsb10314207	103	Vnterfpreiten .	fernere
feroch	bsb11762465	258	riem .	feroch
ferocia	bsb11762465	634	Grimmigkeit .	ferocia
feroculus	bsb11762465	481	Frech .	feroculus
ferox	bsb11762465	481	Frech .	ferox
ferre	bsb10314207	82	De	ferre
ferreum	bsb11762465	1051	Schloß .	ferreum
ferreus	bsb11762465	916	Nagel .	ferreus
ferri	bsb11762465	475	Fliegen .	ferri
fertile	bsb11762465	496	Lande .	fertile
fertor	bsb11762465	68	Abtränniger .	fertor
fertum	bsb11762465	936	Dede .	fertum
feruens	bsb10314207	233	Zornig	Feruens
feruminare	bsb11762465	156	Bappen .	feruminare
ferus	bsb11762465	818	Langsam	ferus
feræ	bsb10314207	193	Wilde thier .	Feræ
festo	bsb11762465	75	Aher / Kornaher .	Festo
fethaf	bsb10314207	198	Winter .	fethaf
fether	bsb11762465	644	wilden Thier .	fether
fetrim	bsb11762465	985	Regen .	fetrim
fetuere	bsb11762465	1100	Sieden .	fetuere
feudah	bsb10314207	218	Zech .	feudah
feue	bsb11762465	1013	Safft / Feucht .	feue
feueritas	bsb11762465	634	Grimmigkeit .	feueritas
feuerus	bsb11762465	403	Ernsthafftig .	feuerus
feul	bsb11762465	77	Allein .	feul
feule	bsb11762465	77	Aduerbialiter .	feule-
feyn	bsb10314207	61	Verleken .	feyn
ffer	bsb11762465	236	Blindt .	ffer
ffur	bsb11762465	863	ckende Drutt .	ffur
fiach	bsb11762465	160	Bawm .	fiach
fibbah	bsb10314207	149	Prsach .	fibbah
fibbebh	bsb11762465	1001	walken .	fibbebh
fibbech	bsb11762465	469	Flechten .	fibbech
fibboth	bsb11762465	148	Aw	fibboth
fica	bsb11762465	877	Messer .	fica
ficare	bsb11762465	938	Offenbaren .	ficare
ficcah	bsb11762465	690	Hütte .	ficcah
ficcari	bsb11762465	1128	Stehende See .	ficcari
ficcaron	bsb11762465	529	Gedechtniß .	ficcaron
ficcel	bsb11762465	210	Bethoren .	ficcel
ficcim	bsb11762465	916	Nagel .	ficcim
ficere	bsb10314207	49	Verendern .	ficere
fichi	bsb11762465	884	Mist .	fichi
fichluth	bsb11762465	210	Bethoret	fichluth
ficta	bsb11762465	431	Fabel .	ficta
fictilis	bsb10314207	18	Topff / Hafen .	fictilis
fictitia	bsb11762465	431	Fabel .	fictitia
fidah	bsb11762465	276	Burg .	fidah
fidelis	bsb11762465	580	Glaubig .	fidelis
fidelitas	bsb11762465	578	Glaube .	fidelitas
fidentia	bsb11762465	708	Hoffnung .	fidentia
fideratio	bsb11762465	194	gewalt .	fideratio
fidere	bsb11762465	709	hoffen .	fidere
fides	bsb11762465	1044	Schirm / zuflucht .	fides
fiduciam	bsb10314207	78	Vertrawen .	fiduciam
fiegeroyal	bsb11762465	809	Künigs stuel .	fiegeroyal
fierete	bsb11762465	491	ligkeit .	fierete
fieri	bsb11762465	167	Be	fieri
fieure	bsb11762465	442	Feber .	fieure
fifa	bsb11762465	669	Heiffen / Befehlen .	fifa
fiffime	bsb11762465	79	Allermeist .	fiffime
fiftor	bsb11762465	717	Hüter .	fiftor
figere	bsb11762465	408	Erstechen .	figere
figillaris	bsb11762465	960	Pitschierring .	figillaris
fignacula	bsb11762465	261	brechen .	fignacula
fignare	bsb11762465	197	Beschliessen .	fignare
fignificare	bsb10314207	60	Verkündigen ,	fignificare
fignificat	bsb11762465	816	Lampe / Kerke .	fignificat
fignificatu	bsb10314207	105	Unterweilen .	fignificatu
figulus	bsb10314207	18	Töpffer .	Figulus
fiion	bsb11762465	859	Mal / Brandtmal .	fiion
fiiphim	bsb11762465	529	Gedancke .	fiiphim
fiirion	bsb11762465	946	ber .	fiirion
fila	bsb11762465	864	Materi .	fila
filer	bsb11762465	1117	Spinnen .	filer
filigo	bsb10314207	178	Weiße .	filigo
fillah	bsb11762465	1036	Sch	fillah
fillon	bsb11762465	330	Dorn .	fillon
fiman	bsb11762465	859	Mal / Brandtmal .	fiman
fimchah	bsb11762465	490	Fr	fimchah
fime	bsb11762465	1089	Se	fime
fimlah	bsb11762465	179	Ve	fimlah
fimplicitas	bsb10314207	98	Inbetriegligkeit .	fimplicitas
fimulacrum	bsb11762465	536	Ge	fimulacrum
finah	bsb11762465	446	Feindschafft .	finah
fine	bsb10314207	177	Weißlich .	fine
finer	bsb11762465	63	Ablaffen .	finer
finge	bsb11762465	75	Affe .	finge
fingere	bsb11762465	313	Dichten .	fingere
fingulari	bsb11762465	919	Nafelocher .	fingulari
fingulariter	bsb11762465	1079	Se	fingulariter
finir	bsb11762465	122	Au	finir
finitimus	bsb11762465	908	Nachbawer .	finitimus
finnok	bsb11762465	508	Fu	finnok
fins	bsb11762465	105	Anstoffen .	fins
finus	bsb11762465	643	Farbe .	finus
fipper	bsb11762465	409	Erzehlen .	fipper
firah	bsb11762465	259	brám .	firah
fire	bsb11762465	710	Holen / Herfordern .	fire
firma	bsb11762465	491	Fried .	firma
firmare	bsb11762465	463	Fårwar sagen .	firmare
firmitas	bsb11762465	205	Bestendigkeit .	firmitas
firmitudo	bsb11762465	205	Bestendigkeit .	firmitudo
firmus	bsb10314207	99	Vnbrüchig .	firmus
fischer	bsb10314207	88	Vi	Fischer
fish	bsb11762465	663	Ha	fish
fitfith	bsb11762465	1018	Saum .	fitfith
fithnah	bsb10314207	122	Vngunst .	fithnah
fitim	bsb11762465	61	Götter .	fitim
fitnah	bsb11762465	446	Feindschafft .	fitnah
fiue	bsb11762465	280	Cameel .	fiue
flagranti	bsb10314207	233	Zornig	flagranti
flambe	bsb11762465	432	Fackel .	flambe-
flamirab	bsb11762465	454	Fewrig .	flamirab
flammeus	bsb11762465	454	Fewrig .	flammeus
flare	bsb11762465	234	Blasen .	flare
fleisch	bsb11762465	763	Kalb .	Fleisch
fletum	bsb11762465	178	Bekümmern .	fletum
fletus	bsb11762465	779	Item .	fletus
flictio	bsb11762465	863	ckende Drutt .	flictio
florens	bsb11762465	757	Jugende .	florens
flores	bsb11762465	240	Blumen brechen .	flores
florida	bsb11762465	757	Jugende .	florida
fluens	bsb11762465	960	Plag / streich .	fluens
fluentum	bsb11762465	477	Fluß .	fluentum
fluor	bsb11762465	476	Flieffung .	Fluor
fluxio	bsb11762465	476	Flieffung .	fluxio
fluxus	bsb11762465	476	Flieffung .	fluxus
foach	bsb11762465	207	Beten .	foach
fobh	bsb11762465	87	Alt werden .	fobh
fobha	bsb10314207	37	Vb	fobha
fobhe	bsb10314207	171	Wein .	fobhe
foch	bsb11762465	115	Aft / Zweig .	foch
foche	bsb11762465	1043	Schildt ,	foche-
focheach	bsb11762465	142	fprechen .	focheach
focher	bsb10314207	180	Werber .	focher
fodere	bsb11762465	664	Hawen .	fodere
foedus	bsb11762465	470	Flecket .	foedus
foer	bsb10314207	116	Waffer .	foer
foetura	bsb11762465	525	Geberung .	foetura
foetus	bsb11762465	717	Hüner / Küchlin .	foetus
foffa	bsb11762465	628	Grabe / Grube .	foffa
fohar	bsb11762465	534	Gefengnif .	fohar
fohed	bsb10314207	225	Be	fohed
foigner	bsb11762465	70	Ack	foigner
foin	bsb11762465	688	Hew .	foin
foing	bsb11762465	70	Item :	foing
fokeph	bsb10314207	255	Zweiffelhafftig .	fokeph
folaria	bsb11762465	1062	daman spazieret .	folaria
foleach	bsb11762465	589	Gnedig .	foleach
folel	bsb11762465	255	Braffer .	folel
folelah	bsb11762465	249	Vo	folelah
folers	bsb11762465	460	Fürsichtig .	folers
folet	bsb11762465	1128	Stehende See .	folet
folice	bsb11762465	839	Liebe .	Folice
folidum	bsb11762465	205	Beftettigen .	folidum
folineau	bsb11762465	287	Balcke .	folineau
folitaire	bsb11762465	77	Allein .	folitaire
folitarius	bsb11762465	369	Einſidler .	folitarius
foluere	bsb11762465	760	Ju	foluere
folum	bsb11762465	771	Keren .	folum
folutum	bsb11762465	560	Geschmelkt .	folutum
fommet	bsb11762465	1119	Sp	fommet
fomnum	bsb11762465	384	Entschlaffen .	fomnum
fonarum	bsb11762465	104	Anfchen .	fonarum
fonc	bsb10314207	122	Vngunst .	fonc
fone	bsb11762465	445	Feindt .	fone
foneille	bsb11762465	589	Glocklein .	foneille
foniorum	bsb11762465	787	Koch .	foniorum
fons	bsb11762465	201	Be	fons
foperim	bsb11762465	280	Cankter .	foperim
foph	bsb11762465	224	Bif ans Ende .	foph
fophea	bsb10314207	37	Vberflüßig .	fophea
foporem	bsb11762465	1047	Thalamus .	foporem
forbillare	bsb10314207	218	Zechen .	forbillare
force	bsb10314207	216	Zauberey .	force-
forceps	bsb10314207	216	Zang .	Forceps
forck	bsb10314207	174	We	forck
ford	bsb11762465	764	Kalt .	ford
forer	bsb10314207	111	Vugehorsam .	forer
fores	bsb10314207	12	Thår offenen .	fores
forester	bsb10314207	12	pfoft .	forester
formera	bsb11762465	278	Pænitere facinus .	formera
formofulus	bsb10314207	206	Wo	formofulus
fornix	bsb11762465	573	Gewelbe .	Fornix
forschen	bsb11762465	478	Forschen .	forschen
fort	bsb10314207	62	Ve	fort
fortrude	bsb11762465	224	Gebif .	fortrude
foth	bsb11762465	103	Anreiken .	foth
fotian	bsb11762465	270	Buchbawm .	fotian
foufflement	bsb11762465	961	Plast .	foufflement
foulci	bsb11762465	70	Item :	foulci
foupper	bsb11762465	56	bendmal .	foupper
fourd	bsb10314207	6	Taubheit .	fourd
fourmage	bsb11762465	768	Kef .	fourmage
fpem	bsb10314207	82	Verzagen .	fpem
fpicue	bsb11762465	135	Ausdrücklich .	fpicue
fpirare	bsb10314207	52	Ve	fpirare
fpiritus	bsb11762465	1138	Stolk werden .	fpiritus
fpoliare	bsb11762465	962	Plündern .	fpoliare
fracher	bsb11762465	69	Item .	Fracher
fran	bsb10314207	196	Williglich	fran
françoy	bsb11762465	479	reicher .	françoy
fratres	bsb10314207	257	Zwilling .	fratres
fraudi	bsb11762465	1021	Schaden .	fraudi
fraudulentia	bsb11762465	846	Liftigkeit .	fraudulentia
frayeur	bsb10314207	229	Zitteren .	frayeur
frenum	bsb11762465	219	Bi	frenum
fricare	bsb11762465	987	Reiben .	Fricare
frigidulus	bsb11762465	764	Kalt .	frigidulus
froid	bsb11762465	770	Kelte .	froid
froidure	bsb11762465	770	Kelte .	froidure
fromb	bsb11762465	984	Redlicher Mann .	fromb
frontem	bsb11762465	492	Frotich seyn .	frontem
frotter	bsb11762465	106	An	frotter
fructus	bsb11762465	496	Frucht .	Fructus
frui	bsb10314207	167	We	frui
frumenti	bsb11762465	651	Hagel .	frumenti
frumento	bsb11762465	973	Raden .	frumento
ftantia	bsb11762465	1061	Schönheit .	ftantia
ftari	bsb11762465	383	Enthalten / meiden .	ftari
ftatio	bsb11762465	1130	kung .	ftatio
ftation	bsb10314207	104	Vnterstehung .	ftation
ftatuere	bsb11762465	1129	Darstellen .	ftatuere
ftella	bsb11762465	166	Befestigung .	ftella
fter	bsb11762465	763	Kal .	fter
ftercus	bsb11762465	654	Hammerschlag .	ftercus
ftinum	bsb11762465	898	Morgen .	ftinum
ftinus	bsb11762465	150	Bader .	ftinus
ftio	bsb11762465	173	Beicht / bekendtniß .	ftio
ftitudo	bsb11762465	635	Grösse .	ftitudo
ftitutus	bsb10314207	82	Verzagt .	ftitutus
ftodire	bsb11762465	216	Bewahren .	ftodire
ftola	bsb11762465	781	Kleid .	ftola
ftra	bsb11762465	249	Vo	ftra
ftrepitus	bsb11762465	650	Ha	ftrepitus
ftrigillare	bsb11762465	987	Reiben .	ftrigillare
ftrum	bsb11762465	634	Grindel / Riegel .	ftrum
fuah	bsb11762465	165	Befehl .	fuah
fuas	bsb10314207	105	Vn	fuas
fuauiolum	bsb11762465	812	Kuf .	fuauiolum
fuauium	bsb10314207	207	Wolluft .	fuauium
fubftantia	bsb11762465	864	Materi .	fubftantia
fubhalare	bsb11762465	234	Blasen .	fubhalare
fubiect	bsb11762465	1018	Sa	fubiect
fubigere	bsb11762465	786	Knetten .	fubigere
fubiungere	bsb10314207	253	Zu	fubiungere
fubleuare	bsb11762465	1000	Kingern .	fubleuare
fubmergere	bsb11762465	1089	Sencken .	fubmergere
fubmittere	bsb11762465	925	Nidrigen .	fubmittere
fubrogare	bsb10314207	103	Vaterseßen .	fubrogare
fubtegmen	bsb11762465	370	haben .	fubtegmen
fubtrai	bsb11762465	69	Item .	fubtrai
fuccendere	bsb11762465	384	Enkunden .	fuccendere
fucus	bsb11762465	583	Gleißnerey .	fucus
fudah	bsb11762465	1051	Schloß / Burg .	fudah
fuemet	bsb11762465	55	Abdrucken .	fuemet
fuerit	bsb10314207	196	: Will Gott .	fuerit
fufficere	bsb10314207	103	Vaterseßen .	fufficere
fufflare	bsb11762465	117	Item / Auffblasen .	fufflare
fuffocare	bsb11762465	121	Item :	fuffocare
fuffragium	bsb11762465	715	Hülffe .	fuffragium
fuffumigare	bsb11762465	995	Reuchern .	fuffumigare
fufpicere	bsb11762465	350	Gloria .	fufpicere
fufpirare	bsb11762465	234	Blasen .	fufpirare
fufus	bsb11762465	1117	Spille .	Fufus
fugacitas	bsb11762465	1057	Schnelligkeit .	fugacitas
fugah	bsb10314207	92	Vmschrenckung .	fugah
fugam	bsb11762465	822	Lauffen / Fliehen .	fugam
fuge	bsb11762465	1093	Si	fuge
fulatum	bsb11762465	543	Geleutert Silber .	fulatum
fulcus	bsb11762465	643	Grube .	fulcus
fulgor	bsb11762465	781	Klarheit .	fulgor
fulmen	bsb11762465	328	Stral .	Fulmen
fultare	bsb10314207	50	Verfolgen .	fultare
fumere	bsb11762465	1138	Stolk werden .	fumere
fumi	bsb11762465	280	Carfunckelstein .	fumi
fummates	bsb11762465	505	ten einer Stadt .	fummates
fummitas	bsb11762465	1119	eines Bergs .	fummitas
fumtio	bsb10314207	27	Trunckenheit .	fumtio
fumtui	bsb11762465	766	Karg .	fumtui
funale	bsb11762465	772	Kerke / Fackel .	funale
fundere	bsb10314207	64	Vermischen .	fundere
funt	bsb10314207	208	Wollüftc .	funt
funto	bsb10314207	243	Zu Mittage .	funto
fuperbus	bsb11762465	682	He	fuperbus
fupergredi	bsb10314207	39	Vberschreiten .	fupergredi
fuperiores	bsb10314207	147	Voreltern .	fuperiores
fuperum	bsb11762465	625	Gottlosigkeit .	fuperum
fuphah	bsb10314207	115	vngewitter .	fuphah
fupplere	bsb10314207	184	Widerbringen .	fupplere
fupplicare	bsb11762465	225	Bitten .	fupplicare
fupra	bsb11762465	902	Måhle .	fupra
furah	bsb11762465	565	Gestalt .	furah
furfur	bsb11762465	782	Kleye .	Furfur
furfureus	bsb11762465	782	Kleye .	furfureus
furibunda	bsb10314207	233	Zornig	furibunda
furtim	bsb11762465	668	Aduerbialiter .	furtim
furus	bsb11762465	781	Klar .	furus
futurorum	bsb10314207	159	Warsager .	futurorum
fuvenire	bsb11762465	167	Begeben .	fu'venire
fyllam	bsb11762465	837	Letter .	fyllam
fæpenumero	bsb11762465	516	Gar offt .	fæpenumero
fætura	bsb11762465	525	Geberung .	fætura
fœderari	bsb10314207	43	nuß nicht halten .	fœderari
fœderis	bsb11762465	356	Eidtgenof .	fœderis
fœtus	bsb11762465	496	Frucht .	fœtus
gaah	bsb10314207	151	Wachsen .	gaah
gaal	bsb11762465	207	Be	gaal
gaaliquem	bsb11762465	842	Li	gaaliquem
gaauah	bsb11762465	193	Berhumung .	gaauah
gabah	bsb11762465	397	Er	gabah
gabbah	bsb11762465	462	Fårtreffen .	gabbah
gabh	bsb11762465	72	Ackerfchollen .	gabh
gabha	bsb10314207	40	Vbertreffen .	gabha
gabhar	bsb11762465	1132	Starck sein .	gabhar
gabhia	bsb11762465	162	Becher .	gabhia
gabia	bsb11762465	774	Ketch .	gabia
gach	bsb10314207	58	Verhüten .	gach
gachach	bsb11762465	194	Beruffen / fordern .	gachach
gacheleth	bsb11762465	788	Kol .	gacheleth
gachon	bsb11762465	157	Bauch .	gachon
gada	bsb11762465	664	Hawen .	gada
gadal	bsb10314207	151	Wachsen .	gadal
gadar	bsb11762465	65	Abschneiden .	gadar
gader	bsb10314207	92	Vmschrenckung .	gader
gadfal	bsb11762465	962	Plündern .	gadfal
gadfar	bsb10314207	91	Vmbhawen .	gadfar
gadiſch	bsb11762465	273	Bu	gadiſch
gadol	bsb11762465	635	Gros .	gadol
gagah	bsb11762465	756	Irrthumb .	gagah
gahah	bsb11762465	115	Arkneyen .	gahah
gail	bsb10314207	88	Vmb .	Gail
gailic	bsb11762465	1087	Seite	Gailic
gaither	bsb10314207	122	ge wolluft .	Gaither
galafch	bsb11762465	764	Kal machen .	galafch
galah	bsb11762465	141	ziehen .	galah
galal	bsb10314207	180	Welken .	galal
galam	bsb11762465	1121	Spulen .	galam
galea	bsb11762465	679	Helm .	galea
galfaulx	bsb11762465	75	Affterredung .	Gal.faulx
galgal	bsb11762465	282	Circkel .	galgal
galh	bsb11762465	491	ligkeit .	GalH
gali	bsb11762465	178	Bekümmernih .	gali
galil	bsb11762465	105	Anstoffen .	galil
galim	bsb10314207	26	Tr	galim
galis	bsb11762465	257	Brautbeth .	galis
gall	bsb10314207	62	Ve	Gall
gallabh	bsb11762465	153	Balbierer .	gallabh
gallcar	bsb11762465	82	Al	Gall.car
gallchameau	bsb11762465	279	Cameel .	Gall.chameau
gallchan	bsb11762465	68	Abwechselung .	Gall.chan-
galle	bsb11762465	469	Item .	galle
gallfen	bsb11762465	65	Abscheiden .	Gall.fen
gallfugirif	bsb11762465	68	Abtränniger .	Gall.fugirif
gallgen	bsb11762465	72	Adel .	Gall.gen-
galli	bsb11762465	633	Griechisch reden .	Galli
gallic	bsb10314207	3	Taffel .	Gallic
gallica	bsb11762465	99	, Angehen .	Gallica
gallice	bsb11762465	70	Acker .	Gallice
gallicle	bsb11762465	821	Lauff .	Gallic.le
gallicune	bsb11762465	469	Fl	Gallic.une
galllieure	bsb11762465	659	Hafe .	Gall.lieure
gallobliance	bsb10314207	54	Gall Vergeßligkeit .	Gallobliance
gallqui	bsb11762465	969	Prophet .	Gall.qui
gallrader	bsb11762465	63	Abfragen .	Gall.rader
gallun	bsb11762465	243	Bork .	Gall.un
gallune	bsb11762465	449	Fell / Haut .	Gall.une
gallus	bsb11762465	479	reicher .	Gallus
galnote	bsb11762465	126	Auffschreibung .	Gal.note
galoi	bsb10314207	135	Vnuerborgen .	galoi
galuth	bsb11762465	69	Acht .	galuth
gamah	bsb10314207	218	Zechen .	gamah
gamal	bsb11762465	219	Be	gamal
gaman	bsb11762465	970	Purpur .	gaman
ganah	bsb11762465	162	Becken .	ganah
ganan	bsb11762465	197	Be	ganan
gaon	bsb11762465	699	Hochfart .	gaon
gara	bsb11762465	861	Mangelen .	gara
garad	bsb11762465	987	Reiben .	garad
garah	bsb10314207	215	Bancken .	garah
garaich	bsb10314207	78	Vertreiben .	garaich
garaſch	bsb11762465	134	oder stoffen .	garaſch
garde	bsb11762465	684	Hert / Fewerftett .	garde
garden	bsb11762465	148	Are	garden
garder	bsb11762465	66	Abschrecken .	garder
gare	bsb11762465	444	Fegen / Keren .	gare
gargar	bsb11762465	652	Halß .	gargar
garne	bsb11762465	248	Bofwicht / bube .	garne-
garon	bsb11762465	769	Kele / Gurgel .	garon
garua	bsb11762465	567	Ge	garua
garus	bsb11762465	294	fupp .	garus
garçon	bsb11762465	248	Bofwicht / bube .	garçon
gaste	bsb11762465	67	Ab	gaste
gath	bsb11762465	334	Dromedari .	gath
gatio	bsb11762465	1024	Scheidung .	gatio
gaua	bsb11762465	1130	St	gaua
gauah	bsb11762465	67	Ab	gauah
gaudio	bsb11762465	490	Frewd haben .	gaudio
geberet	bsb11762465	681	Herrin / Fraw .	geberet
gebh	bsb11762465	71	ger .	gebh
gebha	bsb11762465	187	B : rg .	gebha
gebhinah	bsb11762465	768	Kef .	gebhinah
gebhir	bsb11762465	681	Herr .	gebhir
gebhirah	bsb11762465	681	Herrin / Fraw .	gebhirah
gebhul	bsb11762465	105	Anstoffen .	gebhul
gebhura	bsb10314207	5	xifch chail .	gebhura
gebhurab	bsb10314207	65	Vermüglich .	gebhurab
gebhurah	bsb11762465	205	Bestendigkeit .	gebhurah
geblie	bsb11762465	250	Bo	geblie
gech	bsb11762465	700	Hochfertig .	gech
gecha	bsb11762465	788	Kol .	gecha
gedera	bsb11762465	1121	Spruch .	gedera
gedfa	bsb11762465	784	Klok .	gedfa
gedfelah	bsb11762465	976	Raub .	gedfelah
gedu	bsb11762465	75	Affterredung .	gedu-
geduld	bsb11762465	97	Anfall / anlauffung .	geduld
gedyl	bsb11762465	635	Grösse .	gedyl-
gedyllah	bsb11762465	683	Herrschafft .	gedyllah
gefchem	bsb11762465	961	Plakregen .	gefchem
gefcher	bsb11762465	265	Brücke .	gefcher
gefchwin	bsb11762465	502	Fuchf .	gefchwin-
gehah	bsb11762465	113	Frkney .	gehah
geidoy	bsb11762465	261	Gall . plier les lettres .	Geidoy
geindre	bsb11762465	1091	Seuffgen .	geindre
geitzig	bsb11762465	766	Karg .	Geitzig
gelaagit	bsb11762465	775	Kinder .	gelaagit
gelalim	bsb11762465	668	Heimlich gemach .	gelalim
geled	bsb11762465	449	Fell / Haut .	geled
gellium	bsb10314207	105	Unterweilen .	Gellium
gemacht	bsb11762465	286	Cristall .	gemacht
gemdah	bsb11762465	108	Ap	gemdah
gemein	bsb10314207	141	Volck .	Gemein
gemelli	bsb10314207	257	Zwilling .	gemelli
gemini	bsb10314207	257	Zwilling .	gemini
gemir	bsb11762465	1091	Seuffgen .	gemir
gemiſement	bsb11762465	1091	Scuffkung .	gemiſement
gemma	bsb11762465	239	Blume .	gemma
gemul	bsb10314207	54	Vergeltung .	gemul
genebhah	bsb11762465	315	Diebstall .	genebhah
genialis	bsb11762465	257	Brautbeth .	genialis
genitor	bsb10314207	34	Vatter .	genitor
genitrix	bsb11762465	906	Mutter .	genitrix
gentileffe	bsb11762465	73	Adelkeit .	gentileffe
genus	bsb11762465	259	brám .	genus
gephen	bsb10314207	174	We	gephen
gerabh	bsb11762465	801	Krek / Reudigkeit .	gerabh
gere	bsb10314207	217	Ba	gere
gerere	bsb10314207	236	Zuchtig sein .	gerere
gereth	bsb11762465	261	brechen .	gereth
germana	bsb11762465	1076	Schwester .	germana
germania	bsb11762465	312	Deutschlandt .	Germania
germinare	bsb11762465	371	Ei	germinare
geschrey	bsb11762465	250	Vord sticker .	geschrey
geuth	bsb10314207	39	Vbermuht .	geuth
geziert	bsb10314207	206	Wo	Geziert
geſtire	bsb11762465	490	Frewd haben .	geſtire
geſtus	bsb11762465	525	Geberde .	Geſtus
gharah	bsb11762465	64	• Abnemen .	gharah
giac	bsb10314207	208	Wonen .	Giac
gibbar	bsb11762465	1126	Starck seyn .	gibbar
gibbeach	bsb11762465	763	Kal .	gibbeach
gibbet	bsb11762465	95	Item .	gibbet
gibbor	bsb10314207	65	Vermüglich .	gibbor
gibhah	bsb11762465	713	Hügel / Rein .	gibhah
gibhor	bsb11762465	1126	Starck .	gibhor
gibor	bsb11762465	669	Mann .	gibor
gicc	bsb11762465	815	Lager schlagen .	Gicc
gichon	bsb11762465	925	Nider werffen .	gichon
giddel	bsb11762465	120	Aufferzihen .	giddel
giddeph	bsb11762465	836	efle	giddeph
giddul	bsb11762465	120	Aufferzihung .	giddul
gidduph	bsb11762465	1026	Shand .	gidduph
gidduphah	bsb11762465	836	Lefterung .	gidduphah
giec	bsb10314207	151	Wachsen .	Giec
gilionım	bsb11762465	1116	Spiegel .	gilionım
gillach	bsb11762465	157	Bart abschneiden .	gillach
gillah	bsb11762465	938	Offenbaren .	gillah
gillaion	bsb11762465	269	Buch .	gillaion
gillation	bsb11762465	260	Brieffe / Miffiue .	gillation
gillulim	bsb11762465	61	Götter .	gillulim
gimmer	bsb10314207	46	Verdammung .	gimmer
gina	bsb11762465	270	Buchbawm .	gina
giones	bsb11762465	632	Grempelmarckt .	giones
gitatus	bsb11762465	974	Rafender .	gitatus
gitioforum	bsb11762465	662	Hauff Volcks .	gitioforum
gixc	bsb10314207	211	Wunde .	Gixc
gizc	bsb11762465	178	Bekandt .	Gizc
gięc	bsb11762465	529	Gedancke .	Gięc
glaber	bsb11762465	763	Kal .	glaber
gladii	bsb11762465	1076	Sch	gladii
glandifera	bsb11762465	354	Eichbaum .	glandifera
glifcere	bsb11762465	448	Feift werden .	glifcere
gliffer	bsb11762465	60	Abfallen .	gliffer
globe	bsb11762465	808	Kugel .	globe
gloria	bsb11762465	648	Guter ding / frolich .	gloria
glorias	bsb11762465	190	Be	glorias
gloriation	bsb11762465	193	Berhumung .	gloriation
glutire	bsb10314207	71	Verschlucken .	glutire
glycerium	bsb11762465	271	Buch	Glycerium
glæc	bsb10314207	40	Vbertretten .	Glæc
gnanimitas	bsb10314207	5	xifch chail .	gnanimitas
gnata	bsb10314207	14	Tochter .	gnata
gnifice	bsb11762465	1079	Se	gnifice
gnities	bsb11762465	819	schlefferigkeit .	gnities
gnitio	bsb11762465	289	Danck .	gnitio
goach	bsb11762465	133	Ausbrechen .	goach
goal	bsb11762465	633	Gr	goal
goblet	bsb11762465	774	Ketch .	goblet
godel	bsb11762465	635	Grösse .	godel
godfal	bsb11762465	762	Thieres .	godfal
godtalim	bsb11762465	717	Hüner / Küchlin .	godtalim
golchager	bsb11762465	376	Elender / Veriagter .	golchager
golem	bsb11762465	827	Leib ,	golem
gomed	bsb11762465	96	Anderthalb schuch .	gomed
goph	bsb11762465	441	Faust .	goph
gopher	bsb11762465	464	Fi	gopher
gorah	bsb11762465	1066	Schury / Kittel .	gorah
goral	bsb11762465	851	Loß .	goral
goren	bsb11762465	1036	Scheune / Schewr .	goren
gouffre	bsb11762465	62	Abgrund .	gouffre
gpro	bsb11762465	156	Barbarisch .	Gpro-
grac	bsb10314207	5	Za	Grac
gradus	bsb11762465	1063	Schritt .	gradus
graec	bsb10314207	188	ten aufferwecken .	Graec
grafch	bsb11762465	161	Bawrenhoff .	grafch
grande	bsb11762465	85	Item :	grande
grange	bsb11762465	71	Ack	grange
graph	bsb11762465	67	Abstoffen .	graph
graphicus	bsb10314207	142	Volkommen .	graphicus
grappe	bsb10314207	21	gange Traube .	grappe
grare	bsb11762465	141	ziehen .	grare
gratel	bsb11762465	469	Item .	gratel-
gratia	bsb10314207	226	Zierd .	gratia
grauedo	bsb11762465	486	Fr	grauedo
grauis	bsb11762465	403	Ernsthafftig .	grauis
grawfam	bsb10314207	96	Inbarmherzig .	Grawfam
graæc	bsb11762465	369	Ein steinern Herk .	Graæc
grcc	bsb10314207	196	: Will Gott .	Grcc
grec	bsb10314207	11	Th	Grec
greec	bsb11762465	466	Finster .	Greec
green	bsb10314207	222	Zerschtahen .	Green
gregare	bsb11762465	288	Dammen .	gregare
gregius	bsb11762465	136	Auserkoren .	gregius
griechische	bsb10314207	245	Zunge .	Griechische
grin	bsb11762465	70	Item :	grin
grir	bsb11762465	961	Plakregen .	grir
groffer	bsb10314207	151	Wachsen .	Groffer
grue	bsb11762465	794	Kranch / Kranich .	grue
grxc	bsb10314207	77	Versuchung .	Grxc
gryphus	bsb11762465	973	thun .	gryphus
græc	bsb10314207	4	Täglich .	Græc
græcis	bsb11762465	968	Pr	Græcis
græcos	bsb11762465	1015	Salk .	Græcos
guarus	bsb11762465	460	Fürsichtig .	guarus
gubernator	bsb11762465	681	Herr .	gubernator
guere	bsb11762465	110	Armbrust .	guere
gufch	bsb11762465	72	Ackerfchollen .	gufch
guguftium	bsb11762465	554	Ge	guguftium
guis	bsb11762465	74	blutader .	guis
gumas	bsb11762465	628	Grabe / Grube .	gumas
gumats	bsb11762465	643	Grube .	gumats
guphah	bsb11762465	827	Leib ,	guphah
gutta	bsb10314207	26	Tr	gutta
gylgo	bsb11762465	662	Haupt .	gylgo
gypare	bsb10314207	178	Weiffen .	gypare
gyrare	bsb10314207	90	Vmbgang .	gyrare
haabh	bsb11762465	603	Gott Vatter .	haabh
haacharon	bsb11762465	763	Jüngster Tag .	haacharon
haadamah	bsb11762465	70	Ackerbaw .	haadamah
haaph	bsb11762465	919	Nasen schnauben	haaph
haarich	bsb11762465	369	Ei	haarich
haatſamim	bsb11762465	176	Beinhaus .	haatſamim
habbanth	bsb11762465	664	Hauhvatter .	habbanth
habbarak	bsb11762465	327	klap .	habbarak
haben	bsb11762465	250	Vord sticker .	haben
habens	bsb10314207	131	Vnsinnig .	habens
habere	bsb10314207	101	Unterreden .	habere
habh	bsb11762465	163	Be	habh
habiller	bsb11762465	179	Bekleiden .	habiller
haccarath	bsb11762465	104	Anfchen .	haccarath
hacceli	bsb11762465	655	Handhaben .	hacceli
hace	bsb11762465	506	Fürſichtigkeit .	hace
hachabh	bsb11762465	530	Ordencken :	hachabh
hachaiiah	bsb11762465	98	Anfang des Lebens .	hachaiiah
hadah	bsb11762465	1045	Schlaff .	hadah
hadaph	bsb11762465	930	No	hadaph
hadar	bsb10314207	227	Zieren .	hadar
haddabhar	bsb11762465	811	Kurkerede .	haddabhar
haddebharım	bsb11762465	563	10. Gebot Gottes .	haddebharım
haddeleth	bsb10314207	12	Thürangel .	haddeleth
haddim	bsb11762465	552	Gerichtstag .	haddim
haddin	bsb11762465	89	Gerichte .	haddin
hadfdfch	bsb11762465	224	zeit .	hadfdfch
hadom	bsb11762465	507	Banck .	hadom
hads	bsb11762465	688	Hewr .	hads
hadſda	bsb11762465	157	Bart abschneiden .	hadſda-
hael	bsb10314207	196	: Will Gott .	hael
haetfim	bsb11762465	711	Ho	haetfim
haetſim	bsb11762465	711	Ho	haetſim
hafah	bsb11762465	1072	Schweigen .	hafah
hafcheli	bsb11762465	88	Am dritten tage .	hafcheli-
hafchſchanah	bsb11762465	652	Halb jhar .	hafchſchanah
haflade	bsb11762465	253	Brach .	haflade
hafta	bsb11762465	820	Langstange .	hafta
haftas	bsb10314207	82	Verzagen .	haftas
hagah	bsb11762465	142	fprechen .	hagah
haggadol	bsb11762465	223	Pischoff .	haggadol
haggillubh	bsb11762465	153	Balbierhaus .	haggillubh
haiah	bsb11762465	1093	Sein .	haiah
haiiam	bsb10314207	116	Vn	haiiam
haiieled	bsb10314207	191	Wieg / Kindtswing .	haiieled
haile	bsb11762465	824	Lcben .	haile
haimeſſon	bsb11762465	99	Angel . Fischhamel .	haimeſſon
haiom	bsb11762465	224	zeit .	haiom
hair	bsb11762465	1122	Stadt bawen .	hair
hakkodefch	bsb11762465	608	Go	hakkodefch
hala	bsb10314207	165	Wegreifen .	hala
halach	bsb10314207	165	Wegreifen .	halach
halaine	bsb11762465	115	Athem .	halaine
halal	bsb10314207	81	Verwüsten .	halal
halam	bsb11762465	1048	Schlagen .	halam
hallailah	bsb10314207	244	Zu Mitternacht .	hallailah
hallebh	bsb11762465	433	Fayg / Forchtfam .	hallebh
hallilah	bsb11762465	225	Bih in die Nacht .	hallilah
hallucinans	bsb11762465	756	Irrig .	hallucinans
hallucinatio	bsb11762465	756	Irrthumb .	hallucinatio
halsstarrig	bsb11762465	1127	rig .	Halsstarrig
hamah	bsb11762465	328	Donnern .	hamah
hamam	bsb11762465	978	Rauschen .	hamam
hamat	bsb11762465	1089	Se	hamat
hamechabber	bsb11762465	313	Dichter .	hamechabber
hamerchats	bsb11762465	150	Badstub .	hamerchats
hammaa	bsb11762465	283	Compaß .	hammaa-
hammaſchiach	bsb11762465	906	Mutter Chrifti .	hammaſchiach
hammaſciach	bsb11762465	604	Gottes Sohn .	hammaſciach
hamme	bsb11762465	809	Sik / Pallaft .	hamme-
hammelech	bsb11762465	707	Item Fürstenhoff .	hammelech
hammiddah	bsb11762465	819	Lang vom leib .	hammiddah
hammilcha	bsb11762465	366	Ei	hammilcha-
hammélech	bsb11762465	817	Landeſtraß .	hammélech
hamon	bsb11762465	548	Gemein Volck .	hamon
hanahiareach	bsb11762465	896	Mon / oder Mond .	hanahiareach
hanepheſch	bsb11762465	1110	Sorge .	hanepheſch
hanner	bsb11762465	262	Br	hanner
haolam	bsb10314207	144	Vo	haolam
haor	bsb11762465	262	Br	haor
haphach	bsb10314207	49	Verendern .	haphach
hara	bsb11762465	386	Erbfünde .	hara
harabch	bsb11762465	516	Gar offt .	harabch
harafch	bsb11762465	132	Ausarbeiten .	harafch
harag	bsb10314207	16	To	harag
harah	bsb11762465	525	Geberen .	harah
haran	bsb11762465	982	Rede ..	haran-
haras	bsb10314207	91	Vmbkeren ,	haras
harethah	bsb11762465	1071	Sch	harethah
haribh	bsb11762465	293	Da	haribh
harpocratem	bsb11762465	1072	Schweigen .	Harpocratem
harrachal	bsb10314207	180	Werben .	harrachal
harum	bsb11762465	290	Dancken .	harum
hath	bsb11762465	655	Handbecken .	hath
hattabha	bsb11762465	663	Ha	hattabha
hattarafcha	bsb11762465	1151	Sunder.c	hattarafcha
hattialah	bsb11762465	995	Rettung .	hattialah
hattiue	bsb11762465	82	Als bald .	hattiue-
hauah	bsb11762465	1093	Sein .	hauah
haud	bsb11762465	345	Stamm .	haud
hault	bsb11762465	1128	Steigen .	hault
haurire	bsb10314207	207	Wolluft haben .	haurire
haſche	bsb11762465	466	Caligo .	haſche-
haſchſchanah	bsb11762465	922	New Jahr .	haſchſchanah
haſchſche	bsb10314207	100	nen .	haſchſche-
haſchſchem	bsb11762465	1008	Rů	haſchſchem
haſchſché	bsb11762465	497	Fr	haſchſché-
haſſepharim	bsb11762465	271	Buchführer .	haſſepharim
hebdhelprum	bsb10314207	102	Unterscheid .	hebdhelprum
hebes	bsb11762465	818	Langsam	hebes
hebhel	bsb11762465	373	tigkeit .	hebhel
hebher	bsb11762465	877	Meffer weken .	hebher
hebhet	bsb11762465	1063	Schreibfeder .	hebhet
hebhi	bsb11762465	173	ren / vberlieffern .	hebhi
hebhich	bsb11762465	194	Beschämen .	hebhich
hebiſch	bsb10314207	68	Verschämen .	hebiſch
hech	bsb10314207	190	Wie ? Interrogat .	hech
hechal	bsb11762465	172	Behaufung .	hechal
hechedfik	bsb10314207	58	Ve	hechedfik
hechefchich	bsb10314207	49	Verdunckeln .	hechefchich
hechelik	bsb11762465	1141	Streich .	hechelik
hecheliph	bsb10314207	80	Verwechseln .	hecheliph
hecherib	bsb10314207	27	Trucknen .	hecherib
hecherid	bsb11762465	216	Bewegen .	hecherid
hechin	bsb10314207	247	Zurichten .	hechin
hechlich	bsb10314207	124	Vn	hechlich
hechlick	bsb11762465	1052	Schmeicheln .	hechlick
heder	bsb11762465	73	Adelkeit .	heder
hedfid	bsb11762465	1100	Sieden .	hedfid
hedin	bsb11762465	706	Hören .	hedin
heebhir	bsb10314207	37	Vberfahren .	heebhir
heechil	bsb11762465	1115	Speisen .	heechil
heedfin	bsb11762465	123	Auffmercken .	heedfin
heedim	bsb11762465	1006	Rot ferben .	heedim
heefcher	bsb11762465	989	Reich machen .	heefcher
heelim	bsb10314207	56	Verhålen .	heelim
heemid	bsb11762465	1130	St	heemid
heemik	bsb11762465	1089	Sencken .	heemik
heenifch	bsb11762465	1139	Straffen .	heenifch
heerich	bsb10314207	61	Be	heerich
heetfish	bsb11762465	178	Bekümmern .	heetfish
hefchach	bsb11762465	245	Bo	hefchach
hefchah	bsb11762465	925	Nidrigen .	hefchah
hefchbh	bsb11762465	219	Be	hefchbh
hefchibh	bsb11762465	106	Antworten .	hefchibh
hefir	bsb11762465	66	Ab	hefir
heichibh	bsb11762465	404	Erquicken .	heichibh
heid	bsb10314207	225	Zeugnuß geben .	heid
heik	bsb11762465	334	Drücken .	heik
heir	bsb11762465	130	Auffwecken .	heir
hekifch	bsb11762465	784	Crepitaculum , ſyſtrum .	hekifch
hekim	bsb10314207	188	ten aufferwecken .	hekim
helas	bsb11762465	69	Ach .	Helas
helel	bsb11762465	59	Abendstern	helel
helil	bsb11762465	686	Trawren .	helil
helkah	bsb10314207	11	Thal .	helkah
helkits	bsb11762465	130	Auffwachen .	helkits
hemiah	bsb11762465	325	Dohn / Laut .	hemiah
hemir	bsb11762465	379	Endern .	hemir
hemith	bsb11762465	92	Am leben straffen .	hemith
hendere	bsb11762465	433	Fahen .	hendere
henia	bsb11762465	216	Bewegen .	henia
heniach	bsb11762465	1011	Ruhig machen .	heniach
henid	bsb11762465	216	Bewegen .	henid
henik	bsb11762465	1092	Seugen .	henik
henis	bsb10314207	58	Veriagen .	henis
hephrech	bsb10314207	102	Unterscheid .	hephrech
hera	bsb11762465	195	Befchedigen .	hera
herah	bsb10314207	254	Zu	herah
herbal	bsb10314207	8	Tempel .	herbal
herdt	bsb11762465	765	Kamin .	Herdt
here	bsb11762465	295	Abrogare leges ..	here
hereb	bsb11762465	1079	Se	hereb
hergel	bsb11762465	256	Brauch .	hergel
heria	bsb11762465	490	Frewd anzeigen .	heria
herichiamim	bsb11762465	818	Lange leben .	herichiamim
herik	bsb11762465	147	Außzucken .	herik
herim	bsb11762465	665	He	herim
herincius	bsb11762465	742	Igel .	herincius
herpa	bsb11762465	1034	Scheltwort .	herpa
herus	bsb11762465	664	Hauhvatter .	herus
hetebb	bsb11762465	312	fleren .	hetebb
hetel	bsb11762465	213	Betriegen .	hetel
hethel	bsb11762465	214	Betriegen .	hethel
hethir	bsb11762465	386	Erbitten .	hethir
hetil	bsb10314207	37	Vberfahren .	hetil
heureux	bsb11762465	1087	Selig	heureux
hhalach	bsb10314207	124	Vn	hhalach
hians	bsb10314207	211	Wunde .	hians
hibbit	bsb10314207	252	Zuschen .	hibbit
hibhil	bsb11762465	405	Er	hibhil
hibhir	bsb10314207	45	Verbrennen .	hibhir
hibrah	bsb11762465	1115	Speisen .	hibrah
hiccah	bsb11762465	303	De	hiccah
hichia	bsb11762465	271	Bücken .	hichia
hichibh	bsb11762465	178	Bekümmern .	hichibh
hichichi	bsb10314207	50	Verfüren .	hichichi
hichkia	bsb11762465	1089	Sencken .	hichkia
hichnis	bsb11762465	370	Eintragen .	hichnis
hichriah	bsb11762465	245	Bo	hichriah
hicver	bsb11762465	72	Adder / Nater .	hicver-
hidbik	bsb11762465	258	ren .	hidbik
hiddach	bsb11762465	1138	Stoffen .	hiddach
hidfchah	bsb11762465	910	Macht geben .	hidfchah
hidik	bsb11762465	156	Bappen .	hidik
hidir	bsb11762465	392	Excitare ad memoriam .	hidir
hidlik	bsb11762465	107	An	hidlik
hidpis	bsb11762465	270	Buchtrucken .	hidpis
hieronymum	bsb11762465	816	Lampe / Kerke .	Hieronymum
hifch	bsb11762465	93	Anbetung .	hifch-
hifchah	bsb10314207	58	Ve	hifchah
hifchain	bsb11762465	448	Feiftmachen .	hifchain
hifchbia	bsb11762465	200	Beschwåret .	hifchbia
hifchbiht	bsb11762465	65	Abschaffen	hifchbiht
hifchkit	bsb11762465	1011	Ruhig machen .	hifchkit
hifchlach	bsb11762465	195	Beschawen .	hifchlach
hifchlich	bsb11762465	925	Nider werffen .	hifchlich
hifchlim	bsb11762465	492	Fr	hifchlim
hifchmia	bsb11762465	139	Auffündigen .	hifchmia
hifchmid	bsb10314207	46	Verdammung .	hifchmid
hifchmin	bsb11762465	879	Mesten .	hifchmin
hifchpil	bsb11762465	925	Nidrigen .	hifchpil
hifchrich	bsb10314207	214	Wurzeln .	hifchrich
hifchrifch	bsb11762465	371	Ei	hifchrifch
hifchtacha	bsb11762465	925	fich legen .	hifchtacha-
hifchtaggea	bsb11762465	60	Ab	hifchtaggea
hifchthannch	bsb10314207	119	Vugleich seyn .	hifchthannch
hifchtiph	bsb10314207	182	Wessern .	hifchtiph
hifchtliacha	bsb11762465	93	An	hifchtliacha-
hiflik	bsb11762465	107	An	hiflik
hifmi	bsb11762465	493	Frölich machen .	hifmi-
hiftir	bsb11762465	100	Angesicht bedecken .	hiftir
higbiah	bsb11762465	391	Erheben .	higbiah
higdil	bsb10314207	181	Wehrt machen .	higdil
higgid	bsb10314207	60	Verkündigen ,	higgid
hikaribhasar	bsb11762465	173	ren / vberlieffern .	hikaribhasar
hikribh	bsb11762465	710	Holen / Herfordern .	hikribh
hikuthaim	bsb11762465	1152	Süssigkeit .	hikuthaim
hilah	bsb11762465	865	Matt machen .	hilah
hilbin	bsb10314207	178	Weiffen .	hilbin
hilfchin	bsb10314207	60	Verklagen .	hilfchin
hilfig	bsb11762465	995	Reuhe .	hilfig
hilfigh	bsb11762465	401	Erlangen .	hilfigh
hillel	bsb11762465	178	Bekandt machen .	hillel
hillulim	bsb11762465	704	Hochzeit gesang .	hillulim
hilſchin	bsb11762465	75	Aff	hilſchin
himf	bsb11762465	293	Da	himf
himichil	bsb10314207	56	Vergleichen .	himichil
himit	bsb11762465	1000	Kingern .	himit
himlit	bsb11762465	383	Entledigen .	himlit
himtik	bsb11762465	1152	Suß machen .	himtik
himtir	bsb11762465	985	Regnen .	himtir
hinc	bsb10314207	4	Tamarisch staude .	hinc
hincholeſch	bsb11762465	851	Loß .	hincholeſch
hinniach	bsb10314207	56	Vergunnen .	hinniach
hinnitus	bsb11762465	956	Pferde geschrey .	Hinnitus
hipak	bsb11762465	93	Amptman .	hipak
hiph	bsb11762465	405	Er	hiph
hiphil	bsb10314207	103	Vn	hiphil
hiphkid	bsb10314207	38	Vbergeben .	hiphkid
hiphtiabh	bsb11762465	574	Gewißlich zusagen .	hiphtiabh
hippal	bsb11762465	684	Herunter werffen .	hippal
hippil	bsb10314207	90	A	hippil
hirah	bsb10314207	176	Weisen .	hirah
hirbah	bsb11762465	869	ren .	hirbah
hirchibh	bsb10314207	178	Weit machen .	hirchibh
hirchik	bsb11762465	62	Abhalten .	Hirchik
hirdah	bsb10314207	105	Unterwerffen .	hirdah
hirdan	bsb11762465	384	Entschlaffen .	hirdan
hirfatum	bsb10314207	206	Vellus	hirfatum
hirfchiah	bsb10314207	45	Verdammen .	hirfchiah
hirgia	bsb11762465	1146	Stürken .	hirgia
hirpik	bsb11762465	156	Bappen .	hirpik
hirua	bsb11762465	453	Fe	hirua
hirundo	bsb11762465	1069	Schwalbe .	Hirundo
hisch	bsb10314207	77	Vertilgen .	hisch-
histaccel	bsb11762465	195	Beschawen .	histaccel
hitbhallel	bsb11762465	1097	Sich rhumen .	hitbhallel
hitbia	bsb11762465	1089	Sencken .	hitbia
hitcha	bsb10314207	50	Verfüren .	hitcha
hitchkim	bsb11762465	462	Få	hitchkim
hitdik	bsb11762465	981	Rechtfertigen .	hitdik
hitfmid	bsb11762465	501	Jügen .	hitfmid
hitftfibh	bsb11762465	1130	St	hitftfibh
hitftfig	bsb11762465	1130	St	hitftfig
hith	bsb11762465	1092	Seumen	hith
hithalle	bsb11762465	190	Be	hithalle
hithannag	bsb10314207	207	Wolluft haben .	hithannag
hithappek	bsb10314207	56	Verhalten .	hithappek
hithatfel	bsb11762465	441	feyn .	hithatfel
hithchannan	bsb11762465	207	Beten .	hithchannan
hithchannen	bsb11762465	225	Bitten .	hithchannen
hithdappek	bsb11762465	97	An	hithdappek
hithes	bsb10314207	119	Vugleich seyn .	hithe's
hithhallel	bsb11762465	403	Er lobet sich selbs .	hithhallel
hithhat	bsb10314207	19	Tråg sein	hithhat
hithhaſcher	bsb11762465	1084	acht haben .	hithhaſcher
hithna	bsb11762465	384	Entschuldigung .	hithna
hithnatſttel	bsb11762465	384	Entschuidigen .	hithnatſttel
hithpallel	bsb11762465	225	Bitten .	hithpallel
hithuddah	bsb11762465	174	Beichten / bekennen .	hithuddah
hitiah	bsb11762465	209	Bett machen .	hitiah
hitid	bsb10314207	249	Zusammen fågen .	hitid
hititfith	bsb10314207	45	Verbrennen .	hititfith
hititia	bsb10314207	103	Vnterfpreiten .	hititia
hitmiach	bsb11762465	490	Frewd bringen .	hitmiach
hitpallel	bsb11762465	207	Beten .	hitpallel
hitshil	bsb11762465	490	Frewd bringen .	hitshil
hitstfith	bsb11762465	107	An	hitstfith
hittah	bsb11762465	271	Bücken .	hittah
hittiph	bsb11762465	1082	Seigen .	hittiph
hittir	bsb11762465	123	Aufflosen .	hittir
hittith	bsb11762465	384	Enkunden .	hittith
hitſtfil	bsb11762465	995	Retten / erlofen .	hitſtfil
hiſchkah	bsb11762465	369	Einschencken .	hiſchkah
hiſchkim	bsb11762465	129	Bette .	hiſchkim
hiſchlim	bsb11762465	132	Ausarbeiten .	hiſchlim
hiſchthin	bsb11762465	970	Prunken .	hiſchthin
hiſchtik	bsb11762465	1136	Stillen .	hiſchtik
hiſchtin	bsb11762465	267	laffen .	hiſchtin
hobhil	bsb11762465	173	ren / vberlieffern .	hobhil
hochach	bsb11762465	1139	ten oder schrifften .	hochach
hochiach	bsb11762465	101	An	hochiach
hodah	bsb11762465	290	Dancken .	hodah
hodia	bsb11762465	103	Anråren .	hodia
hodiah	bsb11762465	938	Offenbaren .	hodiah
hofchibh	bsb11762465	1130	St	hofchibh
hofchir	bsb11762465	998	Richten .	hofchir
hoffnung	bsb10314207	184	Wi	hoffnung
hofiph	bsb10314207	63	Vermehren .	hofiph
hofte	bsb11762465	303	De	hofte
hoftium	bsb11762465	135	kommen .	hoftium
hoga	bsb11762465	178	Bekümmern .	hoga
hoichea	bsb10314207	185	Widerfpenfig .	hoichea
hokia	bsb11762465	679	PORTICE .	hokia
hokid	bsb11762465	384	Enkunden .	hokid
hokir	bsb10314207	181	Wehrt machen .	hokir
hokod	bsb10314207	45	Verbrennen .	hokod
hole	bsb11762465	974	Rafender .	hole
holiph	bsb11762465	696	hi	holiph
homet	bsb11762465	1056	Schneck .	homet
hominum	bsb11762465	137	Aufgehen .	hominum
homme	bsb10314207	72	Verschnittener .	homme
homo	bsb11762465	1001	Riese .	homo
honeftare	bsb11762465	847	Loben .	honeftare
honeyh	bsb11762465	583	Gleißnerey .	honeyh
honori	bsb11762465	393	Honorifice fepultus eſt .	honori
honte	bsb11762465	1022	Sch	honte
hopha	bsb11762465	239	Bl	hopha
hora	bsb11762465	107	Anzeigung .	hora-
horah	bsb10314207	176	Weisen .	horah
horatium	bsb10314207	107	Vneinig sein .	Horatium
horen	bsb11762465	882	Mi	Horen
horid	bsb11762465	66	Ab	horid
horrore	bsb11762465	161	Beben .	horrore
hotf	bsb11762465	137	Aufgeben .	hotf
hotir	bsb11762465	869	ren .	hotir
houa	bsb10314207	47	Paffiue .	houa
hoyau	bsb11762465	1113	Spade oder Hacke .	hoyau
hubſch	bsb10314207	206	Wo	Hubſch
huka	bsb11762465	529	Gecreußiget werden .	huka
hukah	bsb11762465	391	Erhangen werden .	hukah
hurrah	bsb11762465	409	Er	hurrah
hurtig	bsb10314207	152	Wacker / Fleissig .	hurtig
hyacinthius	bsb11762465	1006	Notfarbig .	hyacinthius
hyalinus	bsb11762465	643	Farbe .	hyalinus
hynnah	bsb11762465	318	feit .	hynnah
hypoglof	bsb10314207	245	Zunge .	Hypoglof-
hypopodium	bsb11762465	507	Banck .	hypopodium
hypotheca	bsb11762465	951	Pfandt .	hypotheca
hælohim	bsb11762465	604	Gottes Sohn .	hælohim
iaad	bsb11762465	205	Bestimmen .	iaad
iaadfor	bsb10314207	196	: Will Gott .	iaadfor
iaah	bsb11762465	62	Abkauffen .	iaah
iaal	bsb11762465	457	Fårdern .	iaal
iaar	bsb10314207	154	Wa	iaar
iaath	bsb11762465	174	Beyfallen .	iaath
iabbaschab	bsb11762465	339	Dürrhcie .	iabbaschab
iabeſch	bsb11762465	339	Dürrholk .	iabeſch
iacere	bsb11762465	382	Engstig sein .	iacere
iach	bsb11762465	201	Be	iach
iachal	bsb11762465	659	Harren / warten .	iachal
iachdaf	bsb10314207	241	Zugleich	iachdaf
iacheph	bsb11762465	156	Barfuß .	iacheph
iachid	bsb11762465	77	Allein .	iachid
iachol	bsb10314207	65	Vermågen .	iachol
iactare	bsb11762465	477	Fluchen .	iactare
iaculari	bsb10314207	181	Werffen .	iaculari
iadah	bsb11762465	178	Bekennen .	iadah
iadaim	bsb11762465	632	Grempelmarckt .	iadaim
iadid	bsb11762465	839	Lieb .	iadid
iado	bsb11762465	174	halten .	iado
iadua	bsb11762465	178	Bekandt .	iadua
iafach	bsb11762465	1138	Stopffen .	iafach
iafar	bsb11762465	1062	Schopffen .	iafar
iafchabhabha	bsb11762465	236	Bleiben .	iafchabhabha
iafchar	bsb11762465	411	Es gefelt mir .	iafchar
iaga	bsb10314207	104	Item .	iaga
iagabh	bsb11762465	158	Bawr .	iagabh
iagah	bsb10314207	21	Trawren .	iagah
iageb	bsb11762465	70	Acker .	iageb
iagon	bsb10314207	22	Trawrigkeit .	iagon
iagor	bsb11762465	456	Fürchten .	iagor
iahabh	bsb11762465	167	Be	iahabh
iahar	bsb11762465	1138	Stolk werden .	iahar
iaka	bsb11762465	95	Item .	iaka
iakad	bsb11762465	107	An	iakad
iakash	bsb10314207	90	Vmbgang .	iakash
iakats	bsb11762465	130	Auffwachen .	.iakats
iakaſch	bsb11762465	433	Fahen .	iakaſch
iakuch	bsb11762465	922	garn .	iakuch
ialad	bsb11762465	167	Begeben .	ialad
ialdah	bsb11762465	758	Jungfrauw .	ialdah
iallépheth	bsb11762465	469	Item .	iallépheth
iamin	bsb11762465	981	Rechte hand .	iamin
ianah	bsb11762465	977	Rauben .	ianah
iankuth	bsb11762465	776	Kindheit .	iankuth
ianuam	bsb10314207	12	Thår offenen .	ianuam
iarach	bsb11762465	146	Aufstoffen .	iarach
iarad	bsb11762465	67	Absteigen .	iarad
iarak	bsb11762465	787	Kochen .	.iarak
iarat	bsb10314207	180	Wenden .	iarat
iare	bsb11762465	456	Fürchten .	iare
iarec	bsb11762465	378	Endt .	iarec
iarok	bsb11762465	643	Farbe .	iarok
iata	bsb11762465	384	Entspringen .	iata
iatfak	bsb11762465	366	Eingieffen .	iatfak
iatfar	bsb11762465	313	Dichten .	iatfar
iatfath	bsb11762465	262	Brennen .	iatfath
iathar	bsb10314207	40	Vbertreffen .	iathar
iatla	bsb11762465	784	Kleinmütig sein .	iatla
iatok	bsb11762465	232	Bleich .	iatok
iatſa	bsb11762465	135	Au	iatſa
ibach	bsb10314207	27	Trucknen .	ibach
ibbad	bsb10314207	47	Clades .	ibbad
ibbebh	bsb11762465	494	Frolocken .	ibbebh
ibbed	bsb10314207	46	Verdammung .	ibbed
ibbor	bsb10314207	5	a-	ibbor
icbh	bsb11762465	445	Feindt .	icbh
iccar	bsb11762465	158	Bawr .	iccar
icceb	bsb11762465	121	Au	icceb
iccel	bsb10314207	71	Verschlucken .	iccel
iccholeth	bsb10314207	65	Vermüglich .	iccholeth
iccub	bsb11762465	121	Auffhaltung .	iccub
icebh	bsb11762465	125	Auffschieben .	icebh
ichabh	bsb11762465	234	Blasen .	ichabh
ichal	bsb11762465	1120	Sprichwort .	Ichal
ichanan	bsb11762465	409	Erzehlen .	Ichanan
ichar	bsb11762465	125	Auffschieben .	ichar
ichel	bsb11762465	313	Dewen .	ichel
ichiere	bsb11762465	396	Socrate fanctior eſt .	ichiere
ichubah	bsb11762465	106	Antwort .	ichubah
ichuda	bsb11762465	757	Judisch lande .	ichuda
ichudah	bsb11762465	757	Jüden .	ichudah
ichudi	bsb11762465	756	Jüde .	ichudi
ichudim	bsb11762465	757	Jüden .	ichudim
ickum	bsb10314207	104	Vnterstehung .	ickum
icon	bsb11762465	536	Ge	icon
icor	bsb11762465	477	Fluß .	icor
ictu	bsb10314207	211	Wunde .	ictu
iddel	bsb11762465	403	Ernehren .	iddel
idem	bsb10314207	83	Veftigen .	Idem
idemaggal	bsb11762465	1093	Sichel / Sense .	Idemaggal
iderga	bsb10314207	184	Wi	id.erga
ididien	bsb10314207	164	Wegen .	ididien
idir	bsb11762465	252	Bot .	idir
idtrea	bsb11762465	1071	Sch	idtrea
iebh	bsb10314207	122	Vngunst .	iebh
iebhul	bsb11762465	496	Frucht an Korn .	iebhul
iechel	bsb11762465	409	Erwarten .	iechel
iechidah	bsb11762465	367	tigkeit .	iechidah
iect	bsb10314207	228	Zinn .	iect
iecter	bsb11762465	69	Abwerffen .	iecter
iegia	bsb11762465	385	C. Labor , & labosudor	iegia
iehouah	bsb11762465	619	ge Schrifft .	iehouah
ieiunium	bsb11762465	438	Faftung .	Ieiunium
iekarah	bsb11762465	345	Edelgestein .	iekarah
iekoph	bsb11762465	968	Pr	iekoph
iela	bsb11762465	1087	Seite	iela
ielalah	bsb11762465	687	Heulung .	ielalah
ieled	bsb11762465	425	wird .	ieled
ielek	bsb11762465	689	De	ielek
ieleth	bsb11762465	693	Hinde .	ieleth
ierach	bsb11762465	896	Monat .	ierach
ierakon	bsb11762465	232	Blciche Farbe .	ierakon
iere	bsb11762465	620	oder ein Christ .	iere
ierech	bsb11762465	718	Hüfft .	ierech
ierem	bsb11762465	61	ehren .	Ierem
ieria	bsb11762465	464	nisch anlegt .	ieria
iestas	bsb11762465	703	Hochheit .	iestas
ieter	bsb11762465	154	Bandt .	ieter
ietua	bsb11762465	604	Gottes Sohn .	ietua
ieuanith	bsb11762465	633	Griechisch reden .	ieuanith
ieufne	bsb11762465	438	Faftung .	ieufne
ieſchuah	bsb11762465	667	Heil .	ieſchuah
ifch	bsb11762465	366	Ei	ifch
ifcha	bsb11762465	480	Fraw .	ifcha
ifchchail	bsb11762465	641	Grofmutig .	ifchchail
ifchon	bsb11762465	131	Augapffel .	ifchon
iffa	bsb11762465	391	Erheben .	iffa
iffah	bsb11762465	167	Begeren .	iffah
iffeler	bsb10314207	19	Torheit .	iffeler
iflar	bsb11762465	863	Martern .	iflar
iftfeb	bsb11762465	210	Betrüben .	iftfeb
igere	bsb11762465	121	Auffheben .	igere
iggerethegil	bsb11762465	260	Brieffe / Miffiue .	iggerethegil
igkeit	bsb10314207	211	Wu	igkeit
igne	bsb11762465	262	Brünstig / Hefftig .	igne
ignis	bsb11762465	168	Begierligkeit .	ignis
igniti	bsb11762465	280	Carfunckelstein .	igniti
ignitus	bsb11762465	262	Brünstig / Hefftig .	ignitus
ignobilis	bsb11762465	345	Stamm .	ignobilis
ignominiofus	bsb10314207	106	Vnehrlich .	ignominiofus
ihar	bsb11762465	397	Er	ihar
ihlah	bsb11762465	391	Erhangen werden .	ihlah
iibbeba	bsb11762465	686	Trawren .	iibbeba
iied	bsb11762465	463	Fårwar sagen .	iied
iira	bsb11762465	1062	Schreckung .	iira
iirah	bsb11762465	503	Furcht .	iirah
iith	bsb11762465	367	Ein Hauß bawen .	iith
iiſchſcher	bsb11762465	1051	Schlichten .	iiſchſcher
ikkar	bsb11762465	71	ger .	ikkar
ikke	bsb11762465	143	Aufrupffen .	ikke
ikkebh	bsb11762465	121	Au	ikkebh
ikker	bsb11762465	142	Aufreuten .	ikker
iktarah	bsb11762465	978	Rauchfaf .	iktarah
iktibh	bsb11762465	409	Er	iktibh
ilbabh	bsb11762465	785	Klug / Wikig .	ilbabh
ilex	bsb11762465	354	Eichbaum .	ilex
iliad	bsb11762465	369	Einschencken .	Iliad
illa	bsb10314207	12	Thürangel .	illa
ille	bsb11762465	1145	Stuel .	ille
illeph	bsb11762465	834	Lehren .	illeph
illufor	bsb10314207	217	Ba	illufor
illuftris	bsb11762465	178	Bekandt .	illuftris
illug	bsb11762465	1121	Sprung .	illug
imagi	bsb11762465	222	Bildung .	imagi-
imagines	bsb11762465	345	Stamm .	imagines
imago	bsb11762465	536	Ge	imago
immah	bsb10314207	213	Wurım .	immah
imme	bsb11762465	223	Bien .	Imme
immed	bsb10314207	105	Vnterweisen .	immed
immets	bsb10314207	83	Veftigen .	immets
immunis	bsb11762465	826	Ledig .	immunis
impartire	bsb10314207	225	Zeugnuß geben .	impartire
impedimenta	bsb11762465	695	Hindern .	impedimenta
impedimentum	bsb10314207	81	Verwicklung .	impedimentum
imperare	bsb11762465	669	Heiffen / Befehlen .	imperare
imperium	bsb11762465	527	Gebott .	imperium
impetere	bsb10314207	74	Versteinigen .	impetere
impius	bsb11762465	625	hauffe .	Impius
importare	bsb11762465	262	Bringen .	importare
impos	bsb11762465	917	Närrisch .	impos
improbus	bsb11762465	1025	Schalck .	improbus
inabiliter	bsb10314207	257	Zwiebel .	inabiliter
inanitas	bsb11762465	373	tigkeit .	inanitas
inaudita	bsb11762465	1089	Selkam ding .	inaudita
incernere	bsb11762465	997	Reutern / ficben .	incernere
inch	bsb11762465	384	Entschlaffen .	inch-
incho	bsb10314207	124	Vn	incho-
incidere	bsb11762465	167	Begeben .	incidere
includo	bsb11762465	806	Krippe .	includo
incola	bsb11762465	370	Einwohner .	Incola
incolentes	bsb10314207	195	Wildniß ......	incolentes
incontinent	bsb11762465	82	Als bald .	incontinent
incraffare	bsb11762465	448	Feiftmachen .	incraffare
incus	bsb11762465	87	Ambof .	Incus
incutere	bsb10314207	16	To	incutere
inde	bsb11762465	782	Kleye .	inde
indeleoninus	bsb11762465	852	Lowe .	Indeleoninus
indicare	bsb11762465	103	Anråren .	indicare
indicere	bsb11762465	382	En	indicere
indu	bsb11762465	464	nisch anlegt .	indu-
induftrius	bsb11762465	810	Kunstreich .	induftrius
indulcare	bsb11762465	1152	Suß machen .	indulcare
indulcerare	bsb11762465	1152	Suß machen .	indulcerare
indulgere	bsb10314207	142	trincken .	indulgere
induuiæ	bsb11762465	781	Kleid .	induuiæ
infach	bsb11762465	206	Bestreichen .	infach
infantia	bsb11762465	776	Kindheit .	Infantia
infectatio	bsb11762465	356	Ciffer .	infectatio
infeftum	bsb11762465	259	brám .	infeftum
infenfe	bsb11762465	60	Ab	infenfe
inferuire	bsb11762465	319	Dienstleisten .	inferuire
infigere	bsb11762465	219	Bicken .	infigere
inflammare	bsb11762465	384	Enkunden .	inflammare
inflammatio	bsb11762465	384	Enhåndung .	inflammatio
inflammatus	bsb11762465	454	Fewrig .	inflammatus
inflectere	bsb11762465	921	Neigen .	inflectere
infpector	bsb10314207	164	Wechter .	infpector
infpicere	bsb11762465	195	Beschawen .	infpicere
infra	bsb11762465	1103	Sünde .	infra
inftigere	bsb10314207	16	To	inftigere
inftitutor	bsb10314207	105	Unterweiser .	inftitutor
inftructor	bsb11762465	787	Koch .	inftructor
inftruere	bsb10314207	247	Zurichten .	inftruere
inftrumentum	bsb11762465	259	Breit .	inftrumentum
infæcunda	bsb10314207	110	Vnfruchtbarkeit .	infæcunda
ingemere	bsb11762465	686	Trawren .	ingemere
ingenuitas	bsb11762465	483	Freyheit .	ingenuitas
ingurgitare	bsb10314207	24	Tr	ingurgitare
inhon	bsb11762465	649	Habe / Gut .	inhon
inian	bsb11762465	557	Gescheffe .	inian
iniicere	bsb11762465	219	Bi	iniicere
iniicitur	bsb11762465	224	Gebif .	iniicitur
inire	bsb11762465	484	Coniungere fibi aliquam .	inire
initio	bsb11762465	742	Jenner .	initio
initium	bsb11762465	98	Anfang der Welt .	initium
iniungere	bsb11762465	165	Be	iniungere
innah	bsb10314207	61	Verleken .	innah
innexus	bsb11762465	529	Ge	innexus
innuere	bsb11762465	668	ben / anzeigen .	innuere
innui	bsb11762465	863	ckende Drutt .	innui
innumerus	bsb11762465	635	Gros .	innumerus
inopia	bsb11762465	528	Gebrech .	inopia
inplurali	bsb11762465	379	Enderung .	inplurali
inprimis	bsb11762465	783	Cuminum , cyn i sum .	inprimis
inquies	bsb11762465	657	Ha	inquies
inquilinus	bsb11762465	370	Einwohner .	inquilinus
inquit	bsb11762465	1019	Saw .	inquit
inrachum	bsb11762465	589	Gnedig .	inrachum
instrument	bsb11762465	110	Armbrust .	instrument
intabefcere	bsb11762465	1076	Schwinden .	intabefcere
intan	bsb11762465	1012	Sach .	intan
intemeratus	bsb11762465	667	Heilig .	intemeratus
intemperie	bsb10314207	27	Truncken .	intemperie
intempesta	bsb11762465	893	Mitternacht .	intempesta
intendere	bsb11762465	910	nakal .	intendere
intentare	bsb10314207	23	Tr	intentare
intentione	bsb11762465	138	Au	intentione
intentus	bsb11762465	472	Fleißig .	intentus
intercidere	bsb10314207	222	Bergehen .	intercidere
interitus	bsb10314207	14	Tode ..	interitus
interminatio	bsb10314207	23	Trewung .	interminatio
interpolare	bsb11762465	923	New machen .	interpolare
intimo	bsb11762465	862	oder Holk .	intimo
intonare	bsb11762465	328	Donnern .	intonare
intorah	bsb10314207	105	Unterweisung .	intorah
intueri	bsb10314207	252	Zuschen .	intueri
intumefcere	bsb11762465	1076	Schwillen .	intumefcere
inuidentia	bsb11762465	883	Misgunst .	inuidentia
inuidere	bsb11762465	883	nen .	Inuidere
inuidia	bsb11762465	883	Misgunst .	Inuidia
inuolucre	bsb11762465	341	Düfterlich .	inuolucre
inuolucris	bsb10314207	49	Verdunckeln .	inuolucris
inſtrumentum	bsb11762465	279	Busscheer .	Inſtrumentum
iofchebe	bsb11762465	77	Alle Menschen .	iofchebe
iomadfon	bsb11762465	1115	Speiß .	iomadfon
iomiom	bsb10314207	4	Täglich .	iomiom
ionek	bsb10314207	256	Ziv	ionek
iotfer	bsb11762465	313	Dichter .	iotfer
iouer	bsb11762465	153	Ball .	iouer
iours	bsb11762465	447	Feyertag .	iours
iphleſeth	bsb11762465	61	Götter .	iphleſeth
ippiach	bsb11762465	117	Item / Auffblasen .	ippiach
ippit	bsb11762465	103	Anschawen .	ippit
ipulo	bsb11762465	278	Burschgesell .	ipulo
irafch	bsb11762465	201	Befißen .	irafch
iribus	bsb11762465	793	Krafft .	iribus
irradiare	bsb11762465	838	Leuchten .	irradiare
irretire	bsb10314207	81	Verwickeln .	irretire
irrorare	bsb11762465	202	Besprengen .	irrorare
iruah	bsb11762465	814	Laben / Ergehen .	iruah
irus	bsb11762465	208	Betteler .	Irus
isch	bsb11762465	860	Mann / Ehemann .	isch
italica	bsb11762465	821	Lateinisch sprach .	Italica
item	bsb11762465	318	feit .	Item
iter	bsb11762465	993	Reise / Weg .	Iter
itted	bsb11762465	205	Bestimmen .	itted
itus	bsb11762465	1048	Schlag .	Itus
itſtarech	bsb11762465	326	Dörffen .	itſtarech
itſtſebh	bsb11762465	478	Formieren .	itſtſebh
iubar	bsb11762465	900	Morgenstern .	Iubar
iubere	bsb11762465	315	Die Ehe trennen .	iubere
iubhal	bsb11762465	477	Fluß .	iubhal
iucunditas	bsb11762465	1152	Süssigkeit .	iucunditas
iucundo	bsb11762465	237	Cuius oculi lucis egent .	Iucundo
iudex	bsb11762465	93	Amptman .	iudex
iudicare	bsb10314207	45	Verdammen .	iudicare
iudice	bsb11762465	981	Rechten .	iudice
iudicem	bsb11762465	981	Rechten .	iudicem
iudicio	bsb11762465	89	Gerichte .	iudicio
iudicium	bsb11762465	197	teuk oder raht .	iudicium
iuger	bsb11762465	69	Achten .	iuger
iuin	bsb11762465	253	Brachmon .	Iuin
iuncte	bsb10314207	241	Zugleich	iuncte
iunctus	bsb11762465	99	Angeboren freund .	iunctus
iunix	bsb11762465	762	Junge Kuh .	Iunix
iunx	bsb11762465	349	Ehemann .	iunx
iusques	bsb11762465	83	M	iusques
iuuamen	bsb11762465	715	Hülffe .	iuuamen
iuuencus	bsb11762465	935	Ochf .	iuuencus
iuuene	bsb11762465	762	Junge Kuh .	iuuene
iuſſum	bsb11762465	536	Geheis .	iuſſum
iſch	bsb11762465	268	Bub / Lecker .	iſch
iſcher	bsb11762465	495	Frombkeit .	iſcher
iſchſcah	bsb11762465	349	Cheweib .	iſchſcah
jagon	bsb11762465	178	Bekümmernih .	jagon
jalut	bsb11762465	667	Heil .	Jalut
jarah	bsb11762465	834	Vnderweiser .	jarah
json	bsb11762465	1132	St	json
juniperus	bsb11762465	858	holderbeerenbawm .	Juniperus
juon	bsb11762465	358	Eilung .	juon
kabar	bsb11762465	169	Be	kabar
kabatf	bsb11762465	123	Au	Kabatf
kabba	bsb11762465	962	Plündern .	Kabba
kabeth	bsb11762465	398	Patoli diuitiis diues eſt .	Kabeth
kabh	bsb11762465	453	Feulung / Eyter .	kabh
kabhabharat	bsb10314207	50	Verfluchen .	kabhabharat
kabhats	bsb10314207	249	Zusaminen halten .	kabhats
kabhatsaap	bsb11762465	661	hauffen bringen .	kabhatsaap
kach	bsb11762465	391	Ergern .	kach
kachabh	bsb11762465	970	Pr	kachabh
kachabha	bsb11762465	706	Hören .	Kachabha
kachar	bsb10314207	249	Zusammen binden	kachar
kachch	bsb10314207	129	Vusanfft .	Kachch
kadach	bsb11762465	107	An	Kadach
kadad	bsb11762465	271	Bücken .	Kadad
kadar	bsb11762465	1109	fchein .	Kadar
kadda	bsb11762465	463	Fieber .	Kadda-
kaddachath	bsb11762465	442	Feber .	Kaddachath
kadim	bsb11762465	944	Ostwind .	kadim
kadoch	bsb11762465	620	oder ein Christ .	Kadoch
kadruth	bsb11762465	466	Finsterniß	Kadruth
kafch	bsb11762465	1146	Stuppel .	Kafch
kafchabh	bsb11762465	123	Auffmercken .	Kafchabh
kafchah	bsb10314207	58	Verhertet werden .	Kafchah
kafche	bsb11762465	666	Hefftig .	Kafche
kafcheh	bsb10314207	58	Verhertet .	Kafcheh
kafchur	bsb11762465	529	Ge	Kafchur
kafir	bsb10314207	223	Zerstumpelt .	Kafir
kahal	bsb11762465	123	Au	Kahal
kahed	bsb11762465	403	Ernsthafftig .	Kahed
kaion	bsb11762465	773	Keuschheit .	kaion
kaits	bsb11762465	879	Meye / Lenk .	kaits
kala	bsb10314207	65	Vernichtigen .	Kala
kalah	bsb11762465	256	Br	Kalah
kalal	bsb10314207	41	Ve	kalal
kalaph	bsb11762465	67	Abstreiffen .	Kalaph
kalas	bsb11762465	439	Fa	Kalas
kalat	bsb11762465	123	Au	Kalat
kalla	bsb11762465	772	Keffel .	-Kalla
kallachat	bsb10314207	18	Topff / Hafen .	kallachat
kalui	bsb11762465	256	Bratens .	Kalui
kamah	bsb11762465	496	Frucht an Korn .	Kamah
kanab	bsb10314207	38	Vberkommen .	Kanab
kanah	bsb11762465	256	Brauchen .	Kanah
kaneh	bsb11762465	1116	Spieß / Langspich .	kaneh
kaph	bsb10314207	252	Zuschen .	kaph
kaphats	bsb10314207	92	Vmbschliessen .	Kaphats
kaphatsar	bsb11762465	1120	Springen .	Kaphatsar
kara	bsb10314207	238	Begeben ,	kara
karabh	bsb10314207	238	Zu einem gehen .	karabh
karach	bsb11762465	764	Kal machen .	karach
karah	bsb10314207	184	Wi	karah
karam	bsb10314207	41	Vherziehen .	karam
karar	bsb11762465	764	Kalt seyn .	karar
karas	bsb11762465	466	Fingerring .	Karas
karath	bsb11762465	65	Abschneiden .	Karath
karats	bsb10314207	196	Winek .	karats
kardom	bsb11762465	148	Are	Kardom
karfir	bsb11762465	404	Erndt .	Karfir
karka	bsb11762465	428	Estrich / Bodem .	Karka
karobh	bsb11762465	105	Anstoffig / Nahe .	Karobh
karu	bsb11762465	72	Adel .	Karu
kata	bsb11762465	140	Ausleschen .	Kata
katal	bsb10314207	16	To	katal
kataph	bsb11762465	1030	Schaumen .	kataph
katar	bsb10314207	223	Zerſtümpelen .	Katar
kate	bsb11762465	378	Endt .	Kate
katfar	bsb11762465	404	Erndten / Meyen .	Katfar
katfin	bsb11762465	685	Herkog .	katfin
katia	bsb11762465	1020	Schaben ,	Katia
katin	bsb10314207	148	Item :	katin
katon	bsb11762465	782	Klein .	katon
katsats	bsb10314207	223	Zerſtümpelen .	Katsats
katsoth	bsb11762465	657	Haar .	katsoth
kauah	bsb11762465	123	Au	Kauah
kaſcheh	bsb11762465	683	Hart .	kaſcheh
kearah	bsb11762465	1068	Schussel .	kearah
kebh	bsb11762465	508	Fußstapffen .	kebh
kebhah	bsb11762465	856	Mage .	kebhah
kebharah	bsb11762465	1093	Sibe .	kebharah
kebhodah	bsb11762465	649	Habe / Gut .	Kebhodah
kebhurah	bsb11762465	171	Begräbnis .	Kebhurah
kech	bsb11762465	1153	Suchen .	kech
kedirah	bsb11762465	772	Keffel .	Kedirah
keeb	bsb11762465	808	Angst .	keeb
keebeebh	bsb11762465	178	Bekümmernih .	Keebeebh
keebh	bsb11762465	211	Be	Keebh
kefcheh	bsb11762465	491	Freuelich .	Kefcheh
kefcher	bsb11762465	122	Aufflauff	Kefcher
kefcheth	bsb11762465	110	Armbrust .	Kefcheth
kefchim	bsb11762465	433	Fahstricke .	kefchim
kefel	bsb11762465	708	Hoffnung .	Kefel
kefeph	bsb11762465	1103	Silber .	kefeph
kehah	bsb11762465	113	Frkney .	Kehah
kehinnah	bsb11762465	958	Pflegerin .	Kehinnah
kelah	bsb11762465	1050	Sch	kelah
kelalah	bsb10314207	50	Verfluchung .	kelalah
kelchet	bsb11762465	243	Regenbogen .	Kelchet
kele	bsb11762465	261	Gall . plier les lettres .	Kele
keleph	bsb11762465	715	Hund .	keleph
keles	bsb11762465	1120	Spottung .	Keles
keli	bsb11762465	755	Irdin geschir .	keli
kelim	bsb10314207	152	Waffen .	kelim
kelimmah	bsb11762465	1026	Shand .	Kelimmah
kellalah	bsb11762465	836	Lefterung .	Kellalah
kelter	bsb11762465	334	Dromedari .	Kelter
keluh	bsb11762465	789	Korb .	Keluh
kempffen	bsb11762465	1000	Ringen / Kempffen .	Kempffen
kenaah	bsb10314207	181	Werbung .	kenaah
kenaan	bsb11762465	656	Ha	kenaan
kenim	bsb11762465	377	Eltern .	kenim
keph	bsb11762465	850	lohn .	keph
kephorim	bsb11762465	655	Handbecken .	Kephorim
kerab	bsb11762465	765	Ka	kerab
kerach	bsb11762465	371	Eif .	Kerach
kerah	bsb11762465	770	Kelte .	Kerah
kereich	bsb10314207	3	Taffel .	Kereich
keren	bsb11762465	712	Horn .	keren
kerh	bsb10314207	224	Zertheilung .	kerh
kericius	bsb11762465	742	Igel .	Kericius
kerithuth	bsb11762465	349	Ehe scheidung .	Kerithuth
kescher	bsb11762465	244	Bogen spannen .	Kescher
kesebh	bsb11762465	816	Lamb .	kesebh
ketabh	bsb11762465	260	Brieffe / Miffiue .	Ketabh
kether	bsb11762465	806	Krug .	kether
kethoneth	bsb11762465	1002	Rock .	kethoneth
ketſeph	bsb10314207	232	Zorn .	Ketſeph
keſche	bsb11762465	659	Hartneckig .	Keſche
keſcher	bsb10314207	257	Stadt .	Keſcher
keſchet	bsb11762465	1068	Schüße .	keſchet
khuda	bsb11762465	990	Re	Khuda
kibbalthi	bsb11762465	882	Mi	kibbalthi
kibbel	bsb11762465	102	Annemen .	Kibbel
kibh	bsb11762465	439	Faul .	kibh
kichefch	bsb11762465	65	Item :	Kichefch
kiddim	bsb10314207	148	Vorkommen .	kiddim
kiffah	bsb11762465	409	Erwarten .	Kiffah
kikaion	bsb11762465	811	Kürbesbawm .	kikaion
kilichon	bsb11762465	509	Gabel .	Kilichon
killel	bsb11762465	477	Fluchen .	Killel
kimmufch	bsb11762465	330	Dorn .	Kimmufch
kinah	bsb11762465	779	Item .	kinah
kinian	bsb11762465	664	gereth .	kinian
kinnah	bsb11762465	356	Ciffer .	Kinnah
kinne	bsb11762465	356	Ciffern .	kinne
kitab	bsb11762465	1090	Senfftigen .	kitab
kitor	bsb11762465	115	Athem .	Kitor
kiſchſchu	bsb11762465	811	Kürbes .	kiſchſchu
kkaion	bsb11762465	1018	Saubrigkeit .	kkaion
kkeb	bsb11762465	695	Hindern .	kkeb
kkel	bsb11762465	1137	Stock .	kkel
klubh	bsb10314207	141	Vogelbawr .	klubh
koba	bsb11762465	679	Helm .	koba
kobh	bsb11762465	75	Affe .	Kobh
kocher	bsb10314207	158	Warheit .	Kocher
kochi	bsb10314207	58	Verhertung .	Kochi
kodefch	bsb11762465	667	Heiligkeit .	kodefch
koder	bsb11762465	466	Finster .	Koder
komets	bsb11762465	441	Faust .	Komets
konen	bsb11762465	779	Item .	konen
konnah	bsb11762465	767	Kauffen .	konnah
koph	bsb10314207	59	Verfert .	koph
korah	bsb10314207	156	Wand .	Korah
korban	bsb11762465	941	Opffer .	korban
kore	bsb11762465	140	Auslesen .	kore
kotah	bsb11762465	659	Haarig .	Kotah
kotfer	bsb11762465	811	Kurkerede .	kotfer
kreach	bsb11762465	763	Kal .	kreach
kybba	bsb11762465	665	Hefen .	Kybba-
kybbah	bsb10314207	221	Zelt .	Kybbah
kéter	bsb11762465	787	Knopff / Knotte .	kéter
laabh	bsb11762465	1120	Sp	laabh
laag	bsb10314207	60	Verlachen .	laag
laanah	bsb11762465	576	Gieffah .	laanah
laath	bsb10314207	88	Vi	laath
labad	bsb11762465	391	Ergern .	labad
labafcere	bsb10314207	169	Weich werden .	labafcere
labat	bsb11762465	105	Anstoffen	labat
labbah	bsb10314207	218	Zechen .	labbah
labbath	bsb11762465	262	Brennend Fewer .	labbath
labe	bsb11762465	991	Rein .	labe
labecula	bsb11762465	820	Laster . 1	labecula
labefactare	bsb11762465	1072	Schwechen .	labefactare
labem	bsb11762465	384	Entschuidigen .	labem
labeur	bsb11762465	70	Ackerbaw .	labeur
labhabh	bsb10314207	90	Vmbgang .	labhabh
labhach	bsb11762465	179	Bekleiden .	labhach
labhaſch	bsb11762465	782	Kleider anziehen .	labhaſch
labhi	bsb11762465	852	Lowe .	labhi
labi	bsb10314207	46	Verdammung .	labi
labis	bsb11762465	991	fraw .	labis
laborans	bsb11762465	540	Gelbfichtig .	laborans
laboriofus	bsb11762465	472	Fleißig .	laboriofus
labourage	bsb11762465	70	Ackerbaw .	labourage
labourer	bsb10314207	199	Wireken .	labourer
laboureur	bsb11762465	71	ger .	laboureur
lacat	bsb11762465	661	hauffen bringen .	lacat
lacere	bsb11762465	644	Grund legen .	lacere
lach	bsb11762465	62	Ab .	lach
lachach	bsb11762465	982	Rede ..	lachach
lachad	bsb11762465	171	Be	lachad
lachadachads	bsb11762465	533	Gefangen nemen .	lachadachads
lachafch	bsb11762465	225	1 Bitt .	lachafch
lachal	bsb11762465	656	Handthieren .	Lachal
lacham	bsb11762465	426	Essen .	lacham
lachat	bsb10314207	216	Zauberey .	lachat
lachatch	bsb10314207	216	Zauberey .	lachatch
lachaſch	bsb11762465	200	Beschwerung .	lachaſch
lachgerecht	bsb10314207	58	Item .	lachgerecht
lacie	bsb11762465	879	Meuterey .	lacie
laconifmus	bsb11762465	811	Kurkerede .	Laconifmus
lacrymas	bsb11762465	178	Bekümmern .	lacrymas
lacrymis	bsb10314207	174	We	lacrymis
lacunar	bsb11762465	152	Balck .	lacunar
ladrerie	bsb11762465	143	Auffak .	ladrerie
lafafcis	bsb11762465	820	Laft / Bürde .	lafafcis
lafch	bsb11762465	793	Krafft .	lafch
lafchon	bsb11762465	1120	Sprach .	lafchon
lahabh	bsb11762465	235	Blech .	lahabh
lahat	bsb11762465	235	Blech .	lahat
lahath	bsb11762465	678	Helle / Klarheit .	lahath
lahut	bsb11762465	262	Brünstig / Hefftig .	lahut
lail	bsb11762465	893	Mitternacht .	lail
laim	bsb11762465	916	Nagel .	laim
lakach	bsb11762465	102	Annemen .	lakach
lakat	bsb11762465	55	Abbrechen .	lakat
lamad	bsb11762465	834	Vnderweiser .	lamad
lame	bsb11762465	235	Blech .	lame
lamed	bsb11762465	702	Ho	lamed
lamentum	bsb11762465	711	Honigfeim .	lamentum
lamich	bsb11762465	1128	Stein .	lamich
lamina	bsb11762465	235	Blech .	Lamina
lamma	bsb10314207	160	Warumb .	lamma
lampa	bsb11762465	816	Lampe / Kerke .	Lampa
lampas	bsb11762465	1032	Schein .	lampas
lamus	bsb11762465	1063	Schreibfeder .	lamus
lancea	bsb11762465	820	Langstange .	Lancea
lanceola	bsb11762465	820	Langstange .	lanceola
lancinare	bsb10314207	222	Zerreiffen .	lancinare
langage	bsb11762465	982	Rede ..	langage
langtechok	bsb11762465	565	Cic . Ludibrium Gefpött , ludificatio .	langtechok
langue	bsb10314207	245	Zunge .	langue
langueur	bsb11762465	865	Mattigkeit .	langueur
languir	bsb11762465	67	Item :	languir
lani	bsb10314207	206	Vellus	lani
lanoſum	bsb10314207	206	Vellus	lanoſum
lanterne	bsb11762465	838	Leuchte / oder Kerke .	lanterne
laph	bsb10314207	61	Verlauffen .	laph
laphall	bsb11762465	250	Bo	laphall
lapideus	bsb11762465	683	Hart .	lapideus
lapidibus	bsb10314207	74	Versteinigen .	lapidibus
lappid	bsb11762465	432	Fackel .	lappid
laqueo	bsb11762465	121	Item :	laqueo
larmes	bsb10314207	175	Weinung .	larmes
latach	bsb11762465	141	Auspolieren .	latach
late	bsb11762465	278	Butter .	late
latebræ	bsb11762465	644	wilden Thier .	latebræ
later	bsb10314207	38	Vbrig .	later
latil	bsb11762465	913	Nacht .	latil
latio	bsb11762465	756	Irrthumb .	latio
lats	bsb11762465	390	Erfrewet werden .	lats
latus	bsb11762465	667	Heilig .	latus
laua	bsb11762465	244	Borgen .	laua
lauah	bsb10314207	210	Wuchern .	lauah
lauare	bsb11762465	1017	Saubern .	lauare
lauciare	bsb10314207	81	Verwunden .	Lauciare
laudes	bsb11762465	848	men / etc .	laudes
launafchah	bsb11762465	384	Entlehnen .	launafchah
laus	bsb11762465	648	Guter ding / frolich .	laus
laſchon	bsb11762465	326	Dolmetschen .	laſchon
ldanimofus	bsb11762465	808	Kün .	ld.animofus
lebaddo	bsb11762465	77	Allein .	lebaddo
lebadh	bsb11762465	77	Aduerbialiter .	lebadh
lebechad	bsb11762465	582	Gl	lebechad
lebes	bsb11762465	772	Keffel .	lebes
lebh	bsb11762465	163	Be	lebh
lebha	bsb11762465	684	Herk .	lebha
lebhanah	bsb10314207	226	Ziegel .	lebhanah
lebhebben	bsb11762465	369	Ein steinern Herk .	lebhebben
lebhonah	bsb10314207	170	Weyrauch .	lebhonah
lebusch	bsb11762465	179	Ve	lebusch
lech	bsb11762465	809	Sik / Pallaft .	lech
lecha	bsb11762465	1083	Se	lecha
leche	bsb11762465	264	Brodt .	leche
lechi	bsb11762465	151	Back .	lechi
lecteur	bsb11762465	835	Lefer .	lecteur
lectus	bsb11762465	257	Brautbeth .	lectus
ledah	bsb11762465	529	Geburt .	ledah
leeds	bsb11762465	820	Latcinisch reden .	leeds
lefcere	bsb11762465	371	Ei	lefcere
lefchad	bsb11762465	453	Feuchtigkeit .	lefchad
legatur	bsb11762465	549	Gemüß .	legatur
legere	bsb11762465	140	Auslesen .	legere
legh	bsb10314207	119	Vugleich seyn .	legh
legierement	bsb11762465	68	Abtränniger .	legierement
lehel	bsb10314207	196	Winek .	lehel
lehr	bsb11762465	871	Me	Lehr-
lehren	bsb10314207	105	Vnterweisen .	Lehren
lehrmeister	bsb11762465	1065	Schulmeister .	Lehrmeister
lekach	bsb11762465	834	Lehr .	lekach
leniter	bsb11762465	1138	St	leniter
lenocinium	bsb11762465	560	Geschmuck .	lenocinium
lens	bsb11762465	381	Engstig .	lens
lentia	bsb11762465	1107	Sonne .	lentia
lentour	bsb10314207	91	Vmbhawen .	l'entour
lenuiron	bsb10314207	88	Vmb .	l'enuiron
leolam	bsb11762465	927	Nimmermethr	leolam
leom	bsb11762465	662	Hauff Volcks .	leom
lepi	bsb10314207	26	Tr	lepi
lepos	bsb10314207	226	Zierd .	lepos
lepre	bsb11762465	143	Auffak .	lepre
lere	bsb11762465	285	Creusigen .	lere
leritas	bsb11762465	1057	Schnelligkeit .	leritas
lestat	bsb11762465	70	Ackerbaw .	l'estat
leth	bsb11762465	76	Ah	leth
lets	bsb10314207	74	Ve	lets
lette	bsb11762465	72	Ackerfchollen .	lette
lettres	bsb11762465	270	staben .	lettres
leuare	bsb11762465	267	laffen .	leuare
leuis	bsb10314207	108	Vnfürscher .	leuis
leſchon	bsb11762465	821	Lateinisch sprach .	leſchon
liata	bsb10314207	202	Widtfraw .	liata
libbo	bsb11762465	138	Au	libbo
libcap	bsb11762465	628	Grabe / Grube .	lib.7.cap.21
libenter	bsb10314207	113	Vngern .	libenter
libertus	bsb11762465	317	Jong .	libertus
libris	bsb11762465	752	faffen .	libris
librum	bsb11762465	271	gehen .	librum
lich	bsb11762465	852	Lowe .	lich
licui	bsb11762465	174	Beyfallen .	licui
liditas	bsb11762465	684	He	liditas
lieu	bsb11762465	280	Capittelhauf .	lieu
lifchkah	bsb11762465	280	Capittelhauf .	lifchkah
lifiathan	bsb11762465	246	Bof .	lifiathan
ligere	bsb11762465	240	Blumen brechen .	ligere
ligna	bsb11762465	72	Adel .	ligna-
lignee	bsb11762465	72	Adel .	lignee
ligneum	bsb11762465	1119	Spon .	ligneum
ligno	bsb11762465	391	Erhangen werden .	ligno
ligo	bsb11762465	766	Karst .	ligo
limen	bsb11762465	98	Anfang des Lebens .	limen
limites	bsb11762465	632	Grempelmarckt .	limites
limmed	bsb11762465	834	Lehren .	limmed
limud	bsb11762465	702	Ho	limud
lina	bsb11762465	787	Koch .	lina
line	bsb11762465	991	fraw .	line
linere	bsb11762465	206	Bestreichen .	linere
linguis	bsb11762465	260	Brautgamführer .	linguis
linum	bsb10314207	181	Gall . marchandise .	linum
liphanim	bsb10314207	105	Unterweilen .	liphanim
liphne	bsb11762465	748	genwertng .	liphne
lippuph	bsb10314207	197	Windel .	lippuph
liquando	bsb11762465	324	Dinte .	liquando
liquare	bsb11762465	1054	Schmelzen .	liquare
liquem	bsb11762465	210	Bethoren .	liquem
liquid	bsb11762465	916	Nagel .	liquid
liquo	bsb11762465	146	Aufweisen .	liquo
liradon	bsb11762465	857	Magerheit .	liradon
lire	bsb11762465	865	Matt machen .	lire
litas	bsb11762465	565	Gestalt .	litas
litatio	bsb10314207	76	Versónung .	litatio
litera	bsb10314207	192	Schwein .	litera
litere	bsb10314207	44	Verborgen sein .	litere
literis	bsb11762465	160	Bawm .	literis
lithoſtrotum	bsb11762465	428	Estrich / Bodem .	Lithoſtrotum
lities	bsb10314207	216	Zarte .	lities
littus	bsb10314207	84	Vfer / Gcftadt .	Littus
lium	bsb11762465	77	Alle Menschen .	lium
lixare	bsb11762465	1100	Sieden .	Lixare
llacharad	bsb11762465	1020	Schaben ,	llacharad
lobhon	bsb10314207	177	Weisse .	lobhon
locare	bsb10314207	41	Ve	locare
loco	bsb11762465	877	Messen .	loco
locum	bsb11762465	227	Eitt erhören .	locum
locusta	bsb11762465	689	De	locusta
lodix	bsb11762465	933	Oberbeth .	lodix
loeds	bsb11762465	156	Barbarisch .	loeds
lofch	bsb11762465	786	Knetten .	lofch
loix	bsb11762465	65	Abschaffen	loix
longa	bsb11762465	577	Glat .	longa
longe	bsb11762465	451	Fern .	longe
loquium	bsb11762465	139	Auflegung .	loquium
lore	bsb11762465	1006	Rot ferben .	lore
lorica	bsb11762465	946	ber .	Lorica
lorum	bsb10314207	217	Zaum .	lorum
lotfets	bsb10314207	74	Ve	lotfets
loth	bsb11762465	283	Compaß .	loth
lotium	bsb11762465	970	Prunken .	lotium
lots	bsb10314207	74	Verspotten .	lots
louage	bsb11762465	140	Au	louage
louer	bsb11762465	140	Au	louer
lovicula	bsb11762465	946	ber .	lovicula
loyer	bsb10314207	48	Verdienst .	loyer
luach	bsb10314207	3	Taffel .	luach
lucem	bsb11762465	525	Geberen .	lucem
lucerna	bsb11762465	772	Kerke / Fackel .	lucerna
lucre	bsb10314207	7	Ta	lucre
lucta	bsb11762465	1000	Ringen / Kempffen .	lucta
luctus	bsb10314207	22	Trawrigkeit .	luctus
luculeter	bsb11762465	135	Ausdrücklich .	luculeter
lufim	bsb11762465	1005	Kofhirt .	lufim
luftrare	bsb11762465	1030	Schawen .	luftrare
luftrum	bsb11762465	644	wilden Thier .	Luftrum
lugere	bsb11762465	216	Beweinen .	lugere
lulafcere	bsb11762465	681	fproffen .	lulafcere
lumbricus	bsb10314207	213	Wurım .	lumbricus
lumbus	bsb11762465	832	Lende .	Lumbus
lumen	bsb11762465	843	Liecht / helligkeit .	lumen
lumine	bsb11762465	237	Cuius oculi lucis egent .	lumine
luminis	bsb11762465	237	Cuius oculi lucis egent .	Luminis
lumue	bsb11762465	131	deckel .	lumue
luna	bsb11762465	897	ſchein .	luna
lunæ	bsb11762465	897	ſchein .	Lunæ
luph	bsb11762465	1065	Schulmeister .	luph
luptati	bsb10314207	208	Wollüftc .	luptati
lupus	bsb10314207	205	Wolff .	Lupus
lutare	bsb11762465	983	Re	lutare
luteus	bsb11762465	232	Bleich .	luteus
lychnus	bsb11762465	772	Kerke / Fackel .	lychnus
lædere	bsb11762465	1021	Schaden .	lædere
lætitia	bsb11762465	490	Frewd haben .	lætitia
maabhaabhad	bsb10314207	181	Item :	maabhaabhad
maabhee	bsb11762465	313	Dicke .	maabhee
maach	bsb10314207	64	Vermischen .	maach
maachal	bsb11762465	1115	Speiß .	maachal
maache	bsb11762465	877	Messer .	maache
maadar	bsb11762465	1113	Spade oder Hacke .	maadar
maader	bsb11762465	766	Karst .	maader
maal	bsb10314207	40	Vbertretten .	maal
maamad	bsb11762465	1130	kung .	maamad
maamak	bsb10314207	13	Tieffe .	maamak
maamin	bsb11762465	580	Glaubig .	maamin
maan	bsb11762465	117	Auffdas .	maan
maaneh	bsb11762465	106	Antwort .	maaneh
maarabh	bsb10314207	100	Untergang .	maarabh
maarachah	bsb11762465	1044	Schlachtordnung .	maarachah
maas	bsb10314207	78	Ve	maas
maatſad	bsb11762465	259	Breit .	maatſad
mabar	bsb11762465	507	Furt / Wafferfurt .	mabar
mabarah	bsb11762465	507	Furt / Wafferfurt .	mabarah
mabbarah	bsb10314207	162	Waſſerfurt .	mabbarah
mabbua	bsb11762465	263	oder born .	mabbua
mabbul	bsb11762465	1103	Sindflut .	mabbul
mabhi	bsb10314207	159	Warsager .	mabhi
mabor	bsb11762465	823	Lauterkeit .	mabor
maccah	bsb11762465	960	Plag / streich .	maccah
maccar	bsb11762465	178	Bekandt .	maccar
maccir	bsb11762465	104	Anfchen .	maccir
macerafcere	bsb10314207	169	Weich werden .	macerafcere
macerare	bsb10314207	182	Wessern .	macerare
maceratio	bsb11762465	767	Kafteyung .	maceratio
mach	bsb11762465	110	Afflictæ fortunæ .	mach
machach	bsb11762465	206	Bestreichen .	machach
machafch	bsb11762465	1044	Schirm / zuflucht .	machafch
machah	bsb10314207	201	Wischen . 1	machah
machalaphim	bsb11762465	877	Messer .	machalaphim
machaloketh	bsb11762465	122	Aufflauff	machaloketh
machanch	bsb11762465	665	Heer / Kriegesheer .	machanch
machar	bsb11762465	293	Da	machar
machareph	bsb11762465	837	Lesterer .	machareph
machats	bsb10314207	81	Verwunden .	machats
machbath	bsb11762465	951	Pfann .	machbath
machbereth	bsb11762465	501	Fügung .	machbereth
machc	bsb11762465	896	Mon / oder Mond .	2.Mach.c.1
machfor	bsb11762465	528	Gebrech .	machfor
machinari	bsb11762465	478	Formieren .	machinari
machio	bsb10314207	224	Zertheilung .	-machio
machloketh	bsb10314207	258	Zwitrechtigkeit .	machloketh
machods	bsb11762465	817	Landt .	machods
machosgol	bsb11762465	492	Frotich seyn .	machosgol
machot	bsb11762465	1042	Schiffruder .	machot
machtah	bsb11762465	978	Rauchfaf .	machtah
mackads	bsb11762465	1048	Schlag .	mackads
maclila	bsb10314207	99	Inbrechhafft .	maclila
macom	bsb11762465	78	Allenthalben .	macom
macrob	bsb11762465	132	Au	Macrob
macrochira	bsb11762465	403	Ermelrock .	macrochira
macror	bsb11762465	857	Magerheit .	macror
macula	bsb11762465	820	Laster . 1	macula
maculofum	bsb10314207	206	Vellus	maculofum
mada	bsb11762465	369	Einschencken .	mada
madad	bsb11762465	140	Ausmeffen .	madad
madchachak	bsb11762465	168	Begierlich sein .	madchachak
maddua	bsb10314207	160	Warumb .	maddua
madefacere	bsb10314207	182	Wessern .	madefacere
madfor	bsb11762465	113	Frkney .	madfor
madhebhah	bsb11762465	626	Gold .	madhebhah
madim	bsb11762465	857	Magerheit .	madim
madion	bsb11762465	918	Na	madion
madon	bsb10314207	215	Banck .	madon
maduerfio	bsb11762465	1138	Straff .	maduerfio
maduertere	bsb11762465	1135	Steupen .	maduertere
mafach	bsb11762465	298	Deck / Deckbeth .	mafach
mafar	bsb10314207	38	Vbergeben .	mafar
mafc	bsb11762465	1117	Spille .	mafc.2
mafchach	bsb10314207	182	Wehrhafftig sein .	mafchach
mafchafch	bsb11762465	194	Beruffen / fordern .	mafchafch
mafchal	bsb11762465	222	Bildniß .	mafchal
mafchith	bsb11762465	222	Bildung .	mafchith
mafchot	bsb11762465	1008	Ruder .	mafchot
mafcil	bsb10314207	66	Vernünfftig .	mafcil
maffa	bsb11762465	273	Bündel .	maffa
maffah	bsb11762465	820	Laft / Bürde .	maffah
maffe	bsb11762465	573	Ge	maffe
maffor	bsb11762465	1014	Såge .	maffor
mafia	bsb11762465	141	ziehung .	mafia
magal	bsb10314207	153	Wagenteif ...	magal
magasab	bsb10314207	90	Vmbfallen .	magasab
magdferah	bsb11762465	1014	Såge .	magdferah
magen	bsb11762465	1043	Schildt ,	magen
mager	bsb11762465	534	Gefengnif .	mager
maggephah	bsb10314207	14	Tode ..	maggephah
magifter	bsb11762465	871	Me	Magifter
magna	bsb11762465	1126	Stercke .	magna-
magor	bsb11762465	503	Furcht .	magor
mahal	bsb11762465	882	Mi	mahal
mahamorah	bsb11762465	628	Grabe / Grube .	mahamorah
mahar	bsb11762465	898	Morgen .	mahar
maher	bsb11762465	358	Eilen .	maher
mahir	bsb11762465	358	Eilend .	mahir
mahmachar	bsb11762465	1092	Seumen	mahmachar
mahohu	bsb11762465	936	Dede .	mahohu
mahon	bsb10314207	82	Verwunderung .	mahon
mahpacheth	bsb11762465	669	Helden / Fußband .	mahpacheth
mahpecheth	bsb11762465	772	Ke	mahpecheth
maieftate	bsb11762465	704	Hochwirdig .	maieftate
maiim	bsb11762465	1016	Same .	maiim
mail	bsb11762465	785	Klug / Wikig .	mail
maiores	bsb11762465	377	Eltern .	maiores
maioribus	bsb11762465	129	Auffstehen .	maioribus
makakabhak	bsb10314207	49	Verfaulen .	makakabhak
makkebeth	bsb11762465	249	Borer .	makkebeth
makkebheth	bsb11762465	654	Hammer .	makkebheth
makkel	bsb11762465	787	Knüttel .	makkel
mako	bsb11762465	263	oder born .	mako
makor	bsb10314207	150	Vrsprung .	makor
malach	bsb11762465	252	Bot .	malach
malachuth	bsb11762465	253	Botschafft .	malachuth
malar	bsb11762465	293	Da	malar
malbufchmad	bsb11762465	179	Ve	malbufchmad
malchuth	bsb11762465	988	Xe	malchuth
malcochatim	bsb11762465	973	Rachen .	malcochatim
male	bsb10314207	142	Vo	male
maleficus	bsb11762465	1151	Sunder.c	maleficus
malet	bsb11762465	383	Entlauffen .	malet
malfchin	bsb11762465	75	Affterreder .	malfchin
mali	bsb11762465	991	Rein Herk	mali
malignus	bsb10314207	121	Vngütig .	malignus
mallach	bsb11762465	1041	Sch	mallach
malleolus	bsb11762465	451	Fersen .	malleolus
malluach	bsb11762465	921	Neffel .	malluach
malo	bsb11762465	561	Gesellen .	malo
maluch	bsb11762465	140	Ausleiher .	maluch
malum	bsb11762465	1152	Sundigen .	malum
mama	bsb11762465	995	Reuchung .	mama
mamar	bsb11762465	982	Rede ..	mamar
mamchalah	bsb11762465	683	Herrschafft .	mamchalah
mamith	bsb11762465	1117	Sp	mamith
mana	bsb11762465	65	Item :	mana
manah	bsb10314207	11	Thal .	manah
manda	bsb11762465	662	verbrennen .	manda
mandatum	bsb11762465	142	Aufrichten .	mandatum
mandra	bsb11762465	706	Hole .	mandra
manger	bsb11762465	68	Abweiden .	manger
manhig	bsb11762465	832	Leiter .	manhig
manicas	bsb11762465	223	Binden .	manicas
manicæ	bsb11762465	154	Bandt .	manicæ
manifestum	bsb11762465	1007	den .	manifestum
manog	bsb10314207	141	Voigt .	manog
manos	bsb11762465	477	Flucht .	manos
mant	bsb11762465	948	Paradis .	.mant
mantæus	bsb10314207	99	Vnbrüchig .	mantæus
manuarium	bsb11762465	656	Handtwerck .	manuarium
manubaliſta	bsb11762465	110	Armbrust .	Manubaliſta
manus	bsb11762465	654	Handt .	Manus
maon	bsb11762465	663	Hauß	maon
maphecheth	bsb11762465	534	Gefengnif .	maphecheth
mappach	bsb11762465	115	Athem .	mappach
mappalah	bsb11762465	55	Daß .	mappalah
mappelah	bsb11762465	60	Abfall .	mappelah
marach	bsb11762465	1015	Salben .	marach
marad	bsb10314207	186	Widerftreiten .	marad
marah	bsb10314207	186	Widerftreiten .	marah
marais	bsb11762465	959	Pfük .	marais
marak	bsb11762465	69	Abwischen .	marak
marat	bsb11762465	141	Auspolieren .	marat
marbre	bsb11762465	863	Marmelstein .	marbre
march	bsb10314207	206	Wo	march
marche	bsb10314207	175	Weinmon .	marche
marchetſeth	bsb11762465	149	Badt .	marchetſeth
marcidum	bsb10314207	50	Verfaulet .	marcidum
mare	bsb11762465	165	Befestigen .	mare
mareh	bsb11762465	1058	Sch	mareh
marez	bsb11762465	959	Pfük .	marez
marg	bsb11762465	106	Anzeigung .	marg
mari	bsb11762465	1014	Salbe .	mari
marianach	bsb10314207	61	Verlaffen .	marianach
marita	bsb11762465	349	Cheweib .	marita
marié	bsb11762465	348	Ehebrecher .	marié
maror	bsb11762465	231	Bitterfeit .	maror
maroth	bsb11762465	1116	Spiegel .	maroth
marque	bsb11762465	126	Auffschreibung .	marque
martia	bsb11762465	665	Heer / Kriegesheer .	martia
martſephet	bsb11762465	428	Estrich / Bodem .	martſephet
masah	bsb11762465	509	Gabe .	masah
matach	bsb11762465	1140	Strecken .	matach
matah	bsb11762465	279	Buken .	matah
matamah	bsb11762465	660	Ha	matamah
matar	bsb11762465	985	Regen .	matar
matas	bsb11762465	1002	Rittergürtel .	matas
matate	bsb11762465	201	Be	matate
matats	bsb11762465	143	Plaut . Exugere , exorbere	matats
matba	bsb11762465	903	Munke .	matba
matcil	bsb10314207	75	Verstendig .	matcil
mater	bsb11762465	386	Erdt .	mater
materia	bsb11762465	864	Materi .	Materia
matfa	bsb10314207	38	Vberkommen .	matfa
matfag	bsb11762465	882	Mi	matfag
matfah	bsb11762465	55	Abdrucken .	matfah
matfats	bsb11762465	279	Buken .	matfats
mathai	bsb10314207	180	Wenn .	mathai
mathok	bsb11762465	1152	Silf .	mathok
matio	bsb10314207	62	Vermacklung .	matio
matitia	bsb11762465	650	Ha	matitia
matrimonii	bsb11762465	347	Ehe .	matrimonii
matrimonium	bsb11762465	484	Coniungere fibi aliquam .	Matrimonium
matta	bsb11762465	933	Oberbeth .	matta
mattarah	bsb10314207	227	Biet .	mattarah
matteh	bsb11762465	1012	Xu	matteh
matthanah	bsb11762465	509	Gabe .	matthanah
matus	bsb11762465	99	Angel . Fischhamel .	matus
matuta	bsb11762465	899	Morgenrote .	matuta
matſtſebhah	bsb11762465	536	Ge	matſtſebhah
mauais	bsb11762465	248	Bofwicht / bube .	mauais
mauanad	bsb11762465	756	Irrig .	mauanad
maximus	bsb11762465	945	Pabst / Antichrist .	maximus
maſcheke	bsb11762465	369	Einschencker .	maſcheke
maſſo	bsb11762465	104	Anfchen .	maſſo
meacher	bsb11762465	818	Langsam	meacher
mead	bsb11762465	855	Lüzel oder wenig .	mead
mearah	bsb11762465	706	Hole .	mearah
meat	bsb11762465	64	• Abnemen .	meat
meattah	bsb11762465	695	Hinfürder .	meattah
mebachchel	bsb11762465	787	Koch .	mebachchel
mebbi	bsb11762465	540	Gekocht .	mebbi
mebhaer	bsb11762465	139	Außleger .	mebhaer
mebhaf	bsb11762465	252	Bot .	mebhaf
mebho	bsb10314207	100	nen .	mebho
mebhuſchim	bsb11762465	1025	Sch	mebhuſchim
mebhychin	bsb11762465	872	Menlich scham .	mebhychin
mebufchim	bsb11762465	705	peler .	mebufchim
mech	bsb10314207	102	Vnterfah .	mech
mechap	bsb10314207	76	Versoner .	mechap
mechareth	bsb11762465	317	Jong .	mechareth
mechaſcheph	bsb10314207	217	Ba	mechaſcheph
mechaſchſche	bsb10314207	217	Zauberin .	mechaſchſche-
mechebber	bsb11762465	270	bent .	mechebber
mecheroth	bsb11762465	1074	Schwerdt .	mecheroth
mechi	bsb11762465	866	Mawrenbrecher .	mechi
mechillal	bsb11762465	191	Be	mechillal
mecholah	bsb11762465	291	Dank .	mecholah
mechuds	bsb11762465	960	Plag / streich .	mechuds
medaiiek	bsb11762465	284	Co	medaiiek
medecin	bsb11762465	114	Arkt .	medecin
medecine	bsb11762465	113	Frkney .	medecine
medfach	bsb11762465	645	Gürtel .	medfach
medicament	bsb11762465	113	Frkney .	medicament
medichah	bsb11762465	895	Mörser .	medichah
medietas	bsb11762465	888	Mittel .	medietas
medinah	bsb11762465	960	Plag / streich .	medinah
mediud	bsb10314207	12	pfoft .	mediud
medu	bsb11762465	662	verbrennen .	medu
medſykkah	bsb11762465	543	Geleutert Gold .	medſykkah
medſykkak	bsb11762465	543	Geleutert Silber .	medſykkak
meen	bsb11762465	65	Item :	meen
mefcere	bsb11762465	1076	Schwillen .	mefcere
mefch	bsb10314207	100	nen .	mefch
mefcharath	bsb11762465	318	Di	mefcharath
mefchareth	bsb11762465	786	Knecht .	mefchareth
mefchygga	bsb10314207	18	Ther .	mefchygga
mefillah	bsb10314207	164	Weg .	mefillah
mefura	bsb11762465	864	Maß .	mefura
megaddeph	bsb11762465	837	Lesterer .	megaddeph
megalleh	bsb10314207	67	Verrchter .	megalleh
megiaphah	bsb11762465	72	Ackerfchollen .	megiaphah
megillah	bsb10314207	180	Welkung .	megillah
meherah	bsb11762465	358	Eilung .	meherah
mehuma	bsb11762465	122	Aufflauff	mehuma
meil	bsb11762465	403	Ermelrock .	meil
meir	bsb11762465	135	Au	meir
meiychas	bsb11762465	345	Edel .	meiychas
mekallel	bsb11762465	837	Lesterer .	mekallel
mekanne	bsb11762465	920	günstiger .	mekanne
mekytitats	bsb11762465	567	Ge	mekytitats
melabbed	bsb10314207	105	Unterweiser .	melabbed
melacha	bsb10314207	181	Item :	melacha
melachah	bsb11762465	656	Handtwerck .	melachah
melah	bsb10314207	171	Wein .	melah
melam	bsb11762465	1065	Schulmeister .	melam
melammed	bsb11762465	834	Vnderweiser .	melammed
mele	bsb11762465	1047	Schläfferich .	mele
melech	bsb11762465	769	Keyser .	melech
melkacha	bsb10314207	216	Zang .	melkacha-
melkachaiim	bsb11762465	279	Busscheer .	melkachaiim
mellitus	bsb11762465	1152	Silf .	mellitus
melon	bsb11762465	1022	Schaff .	melon
melunah	bsb11762465	159	Bawrenheußlein .	melunah
memcheleth	bsb11762465	987	Regiment .	memcheleth
meme	bsb11762465	156	Vårmutter .	meme
meminiffe	bsb11762465	365	Eingedenck seyn .	meminiffe
memo	bsb11762465	365	Eingedenck seyn .	memo-
memor	bsb11762465	364	Eingedenck .	memor
memoria	bsb11762465	177	bey vnsern zeiten .	memoria
memoriam	bsb10314207	144	Vo	memoriam
menachem	bsb10314207	25	Troster .	menachem
menaffch	bsb10314207	77	Versucher .	menaffch
menatſticach	bsb10314207	41	Vberwinder .	menatſticach
mendacio	bsb11762465	844	Liegen / dichten .	mendacio
mendiant	bsb11762465	208	Betteler .	mendiant
menfis	bsb11762465	108	Aprill .	menfis
menfula	bsb11762465	324	Difch .	menfula
meng	bsb11762465	245	Blocken .	meng
menorah	bsb11762465	772	Kerke / Fackel .	menorah
mens	bsb11762465	871	Me	mens
mensch	bsb10314207	138	Vnwarhafftig .	mensch
ment	bsb11762465	77	Aduerbialiter .	ment
mente	bsb11762465	918	Närrisch seyn .	mente
mentem	bsb10314207	131	Vnsinnig .	mentem
menteur	bsb11762465	373	Eitel / leichtfertig .	menteur
mentis	bsb10314207	19	Torheit .	mentis
mentum	bsb11762465	262	Brocken . 2	mentum
menu	bsb11762465	838	Liecht .	menu-
menuchah	bsb11762465	1010	Ruhe / Ruge .	menuchah
menufa	bsb11762465	477	Flucht .	menufa
menurah	bsb11762465	838	Leuchter .	menurah
meod	bsb10314207	253	Zu viel .	.meod
mepharefch	bsb11762465	139	Außleger .	mepharefch
mera	bsb10314207	47	Mensch .	mera
meraa	bsb11762465	662	Hauptküssen .	meraa-
merachok	bsb10314207	145	Von fernen .	merachok
meras	bsb11762465	190	Be	meras
mercaba	bsb10314207	153	POSTICA .	mercaba
mercator	bsb11762465	767	Kauffman .	Mercator
mercatus	bsb11762465	656	Handthierung .	mercatus
mercenaria	bsb11762465	318	Di	mercenaria
mercenarii	bsb11762465	657	Ha	mercenarii
merchats	bsb11762465	150	Bader .	merchats
mercken	bsb11762465	970	Pr	Mercken
mere	bsb11762465	142	fprechen .	mere
mered	bsb10314207	111	Ungehorsamkeit .	mered
meri	bsb11762465	447	Feift .	meri
meribah	bsb10314207	215	Banck .	meribah
meridie	bsb10314207	243	Zu Mittage .	Meridie
meridies	bsb11762465	895	Mittag .	Meridies
meriri	bsb10314207	39	Vberschiffen .	meriri
meriruth	bsb11762465	231	Bitterfeit .	meriruth
merite	bsb10314207	48	Verdienst .	merite
merkachah	bsb11762465	294	fupp .	merkachah
meropheph	bsb11762465	274	Bungenschleger .	meropheph
merutſah	bsb11762465	821	Lauff .	merutſah
mesch	bsb11762465	497	Fr	mesch
mesme	bsb11762465	69	Achten .	mesme
message	bsb11762465	253	Botschafft .	message
mesucha	bsb10314207	92	Vmschrenckung .	mesucha
mesure	bsb11762465	864	Maß .	mesure
meta	bsb10314207	227	Biet .	Meta
metaltel	bsb10314207	97	Onbestendig .	metaltel
metap	bsb10314207	37	Vberflüßig seyn	metap
metaph	bsb11762465	439	Fa	metaph
metaphor	bsb10314207	24	Tringen .	metaphor
metaphorice	bsb10314207	37	Vberflüßigkeit .	metaphorice
meteg	bsb10314207	217	Zaum .	meteg
metfiaier	bsb11762465	250	Vord sticker .	metfiaier
metfilloth	bsb11762465	1033	Schelle / Glocke .	metfilloth
metfimmah	bsb11762465	529	Gedancke .	metfimmah
metfitfah	bsb11762465	1013	Safft / Feucht .	metfitfah
metfudah	bsb11762465	166	Befestigung .	metfudah
metfurah	bsb11762465	166	Befestigung .	metfurah
meth	bsb10314207	158	Warheit .	meth
methar	bsb11762465	1083	Se	methar
methim	bsb11762465	873	Menschen .	methim
mettre	bsb11762465	67	Ab	mettre
mettrenud	bsb11762465	238	Blosen .	mettrenud
metſachek	bsb10314207	61	Verlacher .	metſachek
metſaiiet	bsb11762465	221	Bildgieffer .	metſaiiet
meuchab	bsb10314207	217	Zaun ...	meuchab
meurtrier	bsb11762465	898	Morder .	meurtrier
meyſchſchar	bsb11762465	1087	Selig	meyſchſchar
meſchgah	bsb11762465	974	Rafender .	meſchgah
meſchi	bsb11762465	1081	Seiden .	meſchi
meſchorer	bsb11762465	1105	Singer ..	meſchorer
meſchotet	bsb11762465	657	Ha	meſchotet
meſchygga	bsb10314207	131	Vnsinnig .	meſchygga
meſdiſant	bsb11762465	75	Affterreder .	meſdiſant
meſellerie	bsb11762465	143	Auffak .	meſellerie
miah	bsb11762465	493	Frölich machen .	miah
mibbaith	bsb11762465	134	hittilmicol - ra .	mibbaith
mibhal	bsb11762465	477	Fluß .	mibhal
mibhtach	bsb11762465	708	Hoffnung .	mibhtach
mibhtar	bsb11762465	166	Befestigung .	mibhtar
micare	bsb11762465	771	Kempffen / streiten .	micare
mich	bsb11762465	268	Brunk verhalten .	mich-
michachath	bsb11762465	1089	Sendung .	michachath
michan	bsb11762465	172	Behaufung .	michan
michat	bsb10314207	175	Weise .	michat
michean	bsb11762465	663	Hauß	michean
micheh	bsb11762465	298	Deck / Deckbeth .	micheh
michmar	bsb11762465	172	Be	michmar
michmor	bsb11762465	343	Ebene / Fläche .	michmor
michnas	bsb11762465	925	Ni	michnas
michol	bsb10314207	164	Weg .	michol
michpetaiim	bsb11762465	632	Grempelmarckt .	michpetaiim
michtabh	bsb11762465	1063	Schreibung .	michtabh
michuts	bsb11762465	147	Aufwendig .	michuts
michſchol	bsb11762465	391	Ergernis .	michſchol
micida	bsb11762465	1031	Schecher .	micida
micmar	bsb11762465	922	garn .	micmar
midbar	bsb10314207	195	Wildniß ......	midbar
middah	bsb11762465	357	Eigenschafft .	middah
mide	bsb11762465	135	kommen .	mide
midfar	bsb11762465	855	Lüzel oder wenig .	midfar
midfrak	bsb11762465	162	Becken .	midfrak
midfre	bsb10314207	213	Wurffschauffel .	midfre
mido	bsb11762465	503	Furcht .	mido
midrach	bsb11762465	479	Frag .	midrach
midsrach	bsb11762465	120	Morgen .	midsrach
midſmor	bsb11762465	970	Pfalm .	midſmor
mifad	bsb10314207	104	Vnterſtükung .	mifad
mifcan	bsb11762465	208	Betteler .	mifcan
mifch	bsb10314207	191	Wieg / Kindtswing .	mifch-
mifchabh	bsb10314207	65	Ve	mifchabh
mifchan	bsb10314207	102	Vnterfah .	mifchan
mifchchak	bsb11762465	1116	Spiel .	mifchchak
mifchdachah	bsb10314207	79	Verwandtschafft .	mifchdachah
mifchtab	bsb11762465	524	Gafterey anrichten .	mifchtab
mifchteh	bsb11762465	859	Mal / Gafterey .	mifchteh
mife	bsb11762465	69	Acht .	mife
mifericorde	bsb11762465	156	Barmherzigkeit .	mifericorde
mifericordia	bsb11762465	385	Erbarmen .	mifericordia
mifericordiæ	bsb11762465	156	Ba	mifericordiæ
mifericors	bsb11762465	589	Gnedig .	mifericors
miffio	bsb10314207	83	Verzeihung .	miffio
miffus	bsb11762465	379	Engel .	miffus
mifpo	bsb11762465	508	Futter .	mifpo
migbaah	bsb11762465	223	Bireth .	migbaah
migdal	bsb10314207	31	Thurn .	migdal
migger	bsb10314207	90	A	migger
migrafch	bsb11762465	329	Dorff .	migrafch
miiaar	bsb10314207	192	Schwein .	miiaar
miiah	bsb11762465	1136	Stillſchweigung .	miiah
mikdach	bsb11762465	777	Kirche .	mikdach
mikdasch	bsb10314207	8	Tempel .	mikdasch
mikra	bsb11762465	219	Bibel .	mikra
mikreh	bsb10314207	238	Zufall .	mikreh
miktar	bsb11762465	995	Reuchung .	miktar
milan	bsb10314207	170	Weyhe .	milan
milcha	bsb11762465	1044	Schlacht .	milcha-
milchamah	bsb11762465	105	An	milchamah
militare	bsb11762465	464	nisch anlegt .	militare
militaris	bsb11762465	817	Landeſtraß .	militaris
millachach	bsb11762465	882	Mi	millachach
millaſchon	bsb11762465	326	Dolmetschen .	millaſchon
mille	bsb10314207	243	Bu	mille
millel	bsb11762465	339	Per ſigna loqui , dicere ,	millel
millet	bsb11762465	525	Geberen .	millet
mimachal	bsb11762465	583	Gleichniß .	mimachal
mimefis	bsb11762465	583	Gleißnerey .	mimefis
mimmachorath	bsb11762465	311	Der tag darnach .	mimmachorath
mimmaueth	bsb10314207	188	ten aufferwecken .	mimmaueth
minare	bsb11762465	205	Bestimmen .	minare
minari	bsb10314207	23	Tr	minari
mincha	bsb11762465	941	Opffer .	mincha
minchah	bsb11762465	509	Gabe .	minchah
mine	bsb11762465	762	Junge Kuh .	mine
miner	bsb11762465	65	Abschewen haben .	miner
minha	bsb11762465	256	Brauch .	minha
minhag	bsb11762465	525	Geberde .	minhag
minharah	bsb11762465	714	Hüle .	minharah
minharoth	bsb11762465	706	Hole .	minharoth
minitati	bsb10314207	23	Tr	minitati
minnah	bsb11762465	197	teuk oder raht .	minnah
minne	bsb11762465	382	über .	minne
minnod	bsb11762465	839	Lideren Sack .	min.nod
minus	bsb11762465	921	Nein .	minus
minut	bsb11762465	239	Blume .	minut
minute	bsb11762465	630	Graß .	minute
minutesebb	bsb11762465	798	Kraut .	minutesebb
minutiuum	bsb11762465	895	Mörser .	minutiuum
miped	bsb11762465	687	Heulung .	miped
miphletseth	bsb11762465	599	Göke .	miphletseth
miphthan	bsb11762465	1073	Schwell .	miphthan
miraculum	bsb10314207	212	Wunder ding .	miraculum
mirch	bsb11762465	508	Futter .	mirch
mirmab	bsb11762465	846	List .	mirmab
mirmah	bsb11762465	138	Au	mirmah
miroir	bsb11762465	1116	Spiegel .	miroir
mirthfch	bsb11762465	99	Angenem .	mirthfch
mischpachah	bsb11762465	559	Geschlecht .	mischpachah
mischte	bsb10314207	218	Zech .	mischte
miskenoth	bsb11762465	1029	Schak .	miskenoth
miskenuth	bsb11762465	111	Armut .	miskenuth
mitad	bsb11762465	510	Item .	mitad
mitchpachah	bsb11762465	663	Haußgesind .	mitchpachah
mitellum	bsb11762465	661	Ha	mitellum
mitfuah	bsb11762465	669	Heissung .	mitfuah
mithar	bsb11762465	154	Bandt .	mithar
mithnakem	bsb11762465	981	Recherc	mithnakem
mitine	bsb11762465	661	Ha	mitine-
mitre	bsb11762465	224	Bischoffshut .	mitre
mits	bsb11762465	230	Bitter .	mits
mitshalah	bsb11762465	956	Pferde geschrey .	mitshalah
mitsnepheth	bsb11762465	224	Bischoffshut .	mitsnepheth
mitsua	bsb11762465	536	Geheis .	mitsua
mitsuah	bsb11762465	165	Be	mitsuah
mittah	bsb11762465	208	Beth .	mittah
mittere	bsb10314207	50	Vergeben .	mittere
miſch	bsb10314207	184	Widerholung .	miſch-
miſchgah	bsb11762465	1103	Sünde .	miſchgah
miſchgal	bsb10314207	64	ond Mannes .	miſchgal
miſchkabh	bsb11762465	439	Faulbetih .	miſchkabh
miſchkal	bsb11762465	573	Ge	miſchkal
miſchmar	bsb11762465	751	In	miſchmar
miſchtach	bsb11762465	407	Erstarret .	miſchtach
mnis	bsb11762465	991	fraw .	mnis
mnum	bsb11762465	1047	Thalamus .	mnum
moach	bsb11762465	696	Hirn .	moach
mochabh	bsb11762465	1145	Stuel .	mochabh
mochiach	bsb11762465	284	Co	mochiach
moded	bsb11762465	141	Ausmeffer .	moded
modeftia	bsb10314207	130	schamhafftig .	modeftia
moderator	bsb11762465	832	Leiter .	moderator
modicum	bsb11762465	855	Lüzel oder wenig .	modicum
modienaim	bsb10314207	152	Wag .	modienaim
modiolus	bsb10314207	162	eymer .	modiolus
modo	bsb10314207	105	Unterweilen .	modo
moed	bsb10314207	218	Zeit .	moed
mofchel	bsb11762465	685	Herkog .	mofchel
mofchia	bsb11762465	1088	Seligmacher .	mofchia
moferah	bsb11762465	154	Bandt .	moferah
mohar	bsb11762465	688	Heyrath gut .	mohar
moiffonner	bsb11762465	404	Erndten / Meyen .	moiffonner
moing	bsb10314207	225	Be	moing
mois	bsb11762465	132	Au	mois
moiſſon	bsb11762465	404	Erndt .	moiſſon
mokesch	bsb11762465	391	Ergernis .	mokesch
molant	bsb11762465	151	Backenftreich .	molant
moles	bsb11762465	276	Bu	moles
molliat	bsb11762465	654	Hammer .	molliat
mollitudo	bsb10314207	216	Zarte .	mollitudo
momento	bsb10314207	180	Wenn .	momento
mona	bsb10314207	175	Weinmon .	mona
moneta	bsb11762465	545	Geldt .	moneta
monftrare	bsb11762465	193	fen .	monftrare
monftrofus	bsb11762465	1089	Selkam ding .	monftrofus
monitrare	bsb10314207	176	Weisen .	monitrare
monoth	bsb11762465	1073	Schwell .	monoth
mons	bsb11762465	187	B : rg .	Mons
monstre	bsb11762465	107	Anzeigung .	monstre
monter	bsb11762465	1128	Steigen .	monter
montis	bsb11762465	1119	eines Bergs .	montis
montres	bsb10314207	218	Zeichen .	montres
mopheth	bsb10314207	212	Wunder ding .	mopheth
morad	bsb11762465	67	Absteigung .	morad
morah	bsb11762465	193	Bericht .	morah
morare	bsb11762465	139	Auflegen .	morare
moras	bsb11762465	1092	Seumen	moras
morbo	bsb11762465	540	Gelbfichtig .	morbo
morbus	bsb11762465	960	Plag / streich .	Morbus
morch	bsb11762465	834	Vnderweiser .	morch
mordere	bsb11762465	176	Briffen .	Mordere
mords	bsb11762465	224	Gebif .	mords
more	bsb10314207	105	Unterweiser .	more
morech	bsb10314207	216	Zarte .	morech
mored	bsb10314207	111	Vugehorsam .	mored
moreh	bsb11762465	68	Abtränniger .	moreh
morfus	bsb11762465	72	Adder / Nater .	morfus
morphea	bsb11762465	801	Krek / Reudigkeit .	Morphea
mort	bsb11762465	92	Am leben straffen .	mort
morte	bsb11762465	909	Nach dem Tode .	morte
mortem	bsb11762465	747	kommen .	mortem
mosch	bsb10314207	168	We	mosch
mota	bsb11762465	137	Aufgang ..	mota
motah	bsb11762465	755	Joch .	motah
mote	bsb11762465	72	Ackerfchollen .	mote
moth	bsb11762465	67	Ab	moth
mothanaiim	bsb11762465	832	Lende .	mothanaiim
mots	bsb11762465	55	Abdrucken .	mots
motseth	bsb11762465	919	Nasen schnauben	motseth
motstehen	bsb11762465	1120	Sprewer .	motstehen
mouere	bsb11762465	1138	Stoffen .	mouere
moueri	bsb11762465	385	Erbarmen .	moueri
mouetur	bsb10314207	12	Thürangel .	mouetur
moulet	bsb11762465	865	Maulesel .	moulet
mourir	bsb11762465	67	Ab	mourir
mourmi	bsb11762465	88	Ameifs .	mourmi
moſchia	bsb11762465	668	Heilsam .	moſchia
mrachem	bsb11762465	156	Barmherzigkeit .	mrachem
muchan	bsb11762465	189	Be	muchan
mufar	bsb10314207	236	Zuchtigung .	mufar
muffare	bsb11762465	905	Murren .	muffare
muffitare	bsb11762465	905	Murren .	muffitare
mufti	bsb11762465	770	Ke	mufti
mulare	bsb11762465	1121	Spulen .	mulare
mulari	bsb11762465	921	ftig seyn .	mulari
mulata	bsb11762465	1033	Scheiterhauff .	mulata
mulcere	bsb11762465	1141	Streich .	mulcere
multam	bsb11762465	225	Bih in die Nacht .	multam
multas	bsb11762465	446	Feindschafft .	multas
multibibulus	bsb11762465	1018	Sa	multibibulus
multifcius	bsb10314207	176	Weiß .	multifcius
multos	bsb11762465	818	Lange leben .	multos
munire	bsb11762465	782	Kleider anziehen .	munire
murah	bsb11762465	849	Loch .	murah
muri	bsb11762465	866	Mawrenbrecher .	muri
muris	bsb11762465	165	Befestigen .	muris
murmura	bsb10314207	216	Zauberey .	Murmura
murmutileum	bsb11762465	978	Rauschung .	murmutileum
mutare	bsb11762465	782	Ponere tunicam .	mutare
mutinenfis	bsb11762465	1072	he Farbe .	Mutinenfis
mutuis	bsb11762465	650	Hadern .	mutuis
mutuo	bsb10314207	101	Unterreden .	mutuo
muſicus	bsb11762465	313	Dichter .	muſicus
myconius	bsb11762465	763	Kal .	myconius
myricinus	bsb10314207	4	Tamarisch staude .	myricinus
mysterium	bsb11762465	536	Geheimnis .	Mysterium
mæcha	bsb11762465	348	Ehebrecherin .	Mæcha
mæftitudo	bsb11762465	808	Angst .	mæftitudo
mælilah	bsb11762465	76	Ah	mælilah
naah	bsb11762465	655	Handel .	naah
naal	bsb10314207	252	Zuschliessen .	naal
naaph	bsb11762465	348	Ehebrechen .	.naaph
naar	bsb11762465	785	Knabe .	naar
naarah	bsb11762465	318	Di	naarah
nabba	bsb11762465	972	Quellen springen .	nabba
nabbo	bsb11762465	460	Fürsichtig .	nabbo
nabe	bsb10314207	34	Past / Bey nahe .	nabe
nabh	bsb11762465	451	Fenestra , Jueis , feneſtella ,	nabh
nabha	bsb11762465	142	fprechen .	nabha
nabhal	bsb10314207	48	Verdorren .	nabhal
nabhi	bsb11762465	139	Außleger .	nabhi
nabhon	bsb10314207	75	Verstendig .	nabhon
nabula	bsb10314207	197	Windel .	nabula
nach	bsb11762465	1127	Stecken .	nach
nachach	bsb11762465	331	Drach .	nachach
nachad	bsb11762465	67	Absteigen .	nachad
nachah	bsb11762465	832	Leiten .	nachah
nachats	bsb10314207	23	Treiben .	nachats
nacher	bsb11762465	693	Hinckender .	nacher
nachleffig	bsb10314207	19	Tråg sein	nachleffig
nacho	bsb11762465	189	Be	nacho
nachobh	bsb10314207	206	Wo	nachobh
nachon	bsb11762465	124	Auffrecht .	nachon
nadar	bsb11762465	544	bringen .	nadar
naddah	bsb11762465	65	Abschewen haben .	naddah
nadfal	bsb11762465	476	Flieffen .	nadfal
nadfid	bsb11762465	905	Muß / Brey .	nadfid
nadibh	bsb10314207	196	: Will Gott .	nadibh
nadſak	bsb11762465	1021	Schaden .	nadſak
nafa	bsb11762465	65	Abscheiden .	nafa
nafach	bsb10314207	91	Vmbkeren ,	nafach
nafag	bsb11762465	632	Igneis oculis .	nafag
nafaiad	bsb11762465	1074	Schweren .	nafaiad
nafak	bsb11762465	1128	Steigen .	nafak
nafcha	bsb11762465	103	Anreiken .	nafcha
nafchab	bsb11762465	767	Kauchen / Blasen .	nafchab
nafchach	bsb11762465	176	Briffen .	nafchach
nafchak	bsb10314207	19	Tragen .	nafchak
nafchal	bsb11762465	123	Aufflosen .	nafchal
nafchaph	bsb11762465	93	Anblasen .	nafchaph
nafi	bsb10314207	148	Item :	nafi
nafich	bsb11762465	460	Fürst .	nafich
naga	bsb11762465	103	Anråren .	naga
nagach	bsb11762465	685	Herzu kommen .	nagach
nagah	bsb11762465	502	Su	nagah
nagar	bsb11762465	476	Flieffen .	nagar
nagas	bsb11762465	103	Anråren .	nagas
nagid	bsb11762465	460	Fürst .	nagid
naglobus	bsb11762465	872	Me	naglobus
nahag	bsb11762465	832	Leiten .	nahag
nahah	bsb11762465	216	Beweinen .	nahah
naham	bsb11762465	266	Brüllen .	naham
nahar	bsb11762465	477	Fluß .	nahar
naim	bsb11762465	261	Gall . plier les lettres .	naim
nakabh	bsb11762465	477	Fluchen .	nakabh
nakach	bsb11762465	105	Anstoffen	nakach
nakad	bsb10314207	101	Vntergraben .	nakad
nakam	bsb11762465	980	Rechen / Wehren .	nakam
nakaph	bsb11762465	69	Abwerffen .	nakaph
naki	bsb11762465	124	Auffrecht .	naki
nakud	bsb11762465	470	Flecket .	nakud
nakı	bsb10314207	96	Vnbefleckt .	nakı
naliter	bsb10314207	184	Wi	naliter
nalog	bsb11762465	1093	Si	nalog
namak	bsb10314207	50	Verfaulet .	namak
namal	bsb10314207	91	Vmbhawen .	namal
namas	bsb11762465	784	Kleinmütig sein .	namas
nameh	bsb11762465	713	Hubsch / Schön .	nameh
namoga	bsb11762465	560	Geschmelkt .	namoga
nanea	bsb11762465	896	Mon / oder Mond .	Nanea
naph	bsb11762465	1018	Saum .	naph
napha	bsb11762465	136	Auffallen .	napha
naphach	bsb11762465	93	Anblasen .	naphach
naphah	bsb11762465	996	Reitter / Sieb .	naphah
naphal	bsb10314207	90	Vmbfallen .	naphal
naphats	bsb10314207	222	Ze	naphats
naphthul	bsb11762465	1044	Schlacht .	naphthul
naphſcho	bsb11762465	438	Fasten .	naphſcho
nappir	bsb11762465	478	Flügel .	nappir
naque	bsb11762465	599	Gott .	naque
nare	bsb10314207	104	Vn	nare
naria	bsb11762465	279	Busscheer .	naria
naris	bsb11762465	919	Nafelocher .	naris
nata	bsb11762465	957	Pflange .	nata
natach	bsb10314207	11	Th	natach
natacha	bsb11762465	143	Aufrupffen .	natacha-
natafch	bsb11762465	133	Ausbreiten .	natafch
natah	bsb10314207	215	Bancken .	natah
natal	bsb11762465	147	Ausziehen .	natal
natan	bsb11762465	105	Item :	natan
natar	bsb10314207	102	Ba	natar
natarch	bsb11762465	142	Aufreuten .	natarch
natasharas	bsb10314207	222	Ze	natasharas
natat	bsb10314207	229	Zitteren .	natat
natats	bsb10314207	92	Vimbreiffen .	natats
natchaph	bsb11762465	767	Kauchen / Blasen .	natchaph
natfar	bsb11762465	216	Bewahren .	natfar
nathach	bsb11762465	476	Flieffen .	nathach
nathak	bsb11762465	143	Aufrupffen .	nathak
nathan	bsb10314207	38	Vbergeben .	nathan
nathibh	bsb10314207	164	Weg .	nathibh
natib	bsb11762465	460	Fürst .	natib
nator	bsb11762465	139	Außleger .	nator
natu	bsb11762465	129	Auffstehen .	natu
natura	bsb11762465	599	Gott .	natura
natus	bsb11762465	564	Gefotten .	natus
natſa	bsb11762465	475	Fliegen .	natſa
natſar	bsb11762465	1024	Scheiden .	natſar
naſaſch	bsb11762465	146	außrecken .	naſaſch
neakah	bsb11762465	561	Geschrey .	neakah
nealach	bsb10314207	50	Verfaulet .	nealach
nealaf	bsb11762465	1065	Schuch .	nealaf
nebbelah	bsb11762465	55	Daß .	nebbelah
nebel	bsb11762465	839	Lideren Sack .	nebel
nebha	bsb11762465	820	Laster . 1	nebha-
nebhal	bsb10314207	19	Torheit .	nebhal
nebhala	bsb11762465	269	Bu	nebhala
nebhalah	bsb11762465	269	Bubenstück .	nebhalah
nebula	bsb11762465	919	Nebel .	Nebula
necem	bsb10314207	16	To	necem
nechafim	bsb11762465	649	Habe / Gut .	nechafim
nechalim	bsb11762465	214	Betriegligkeit .	nechalim
nechamach	bsb11762465	997	Rew .	nechamach
nechar	bsb11762465	134	oder stoffen .	nechar
nechbah	bsb11762465	668	Heimlich .	nechbah
nechelak	bsb11762465	96	Anderst sein .	nechelak
nechirim	bsb11762465	919	Nafelocher .	nechirim
nechofcheth	bsb11762465	810	Kupfferschmidt .	nechofcheth
nechysch	bsb11762465	508	Fu	nechysch-
neclach	bsb10314207	49	Verfaulen .	neclach
nedeh	bsb11762465	201	Besoldung .	nedeh
nedek	bsb11762465	1020	Schadt .	nedek
neden	bsb11762465	1032	Sch	neden
neder	bsb11762465	657	Haar .	neder
nedere	bsb11762465	666	Hefften .	nedere
nedſer	bsb11762465	817	fo man abschneidet .	nedſer
neelach	bsb11762465	1137	St	neelach
neelam	bsb11762465	668	Heimlich .	neelam
neeman	bsb10314207	158	Warhafftig .	neeman
neet	bsb11762465	211	Betrübt seyn .	neet-
nefcha	bsb11762465	93	Anblasung .	nefcha-
nefchamah	bsb11762465	115	Athem .	nefchamah
nefchek	bsb10314207	152	Waffen .	nefchek
nefcheph	bsb11762465	56	Abend .	nefcheph
nefcher	bsb11762465	74	Adler .	nefcher
nefcheth	bsb11762465	577	Glank / Schein .	nefcheth
nefchikah	bsb11762465	812	Kuf .	nefchikah
nefe	bsb11762465	1047	Schläfferich .	nefe
nefiim	bsb10314207	203	Wolcke .	nefiim
negeb	bsb11762465	339	Dürrhcie .	negeb
neged	bsb10314207	184	Wi	neged
neginah	bsb11762465	556	Gesang .	neginah
neharach	bsb11762465	577	Glank / Schein .	neharach
nekamaha	bsb11762465	973	Rach	nekamaha-
neketh	bsb11762465	1092	Seugam .	neketh
nekiiah	bsb11762465	991	fraw .	nekiiah
nekik	bsb11762465	849	Loch .	nekik
nekudah	bsb11762465	324	Dipffel .	nekudah
nemalah	bsb11762465	88	Ameifs .	nemalah
nemelis	bsb10314207	232	Zorn .	Nemelis
nephetch	bsb11762465	404	Erquicken .	nephetch
nepheſch	bsb10314207	16	To	nepheſch
nepheſchleb	bsb11762465	549	Gemåt .	nepheſchleb
nephilim	bsb11762465	1001	Riese .	nephilim
nere	bsb10314207	85	Viel .	nere
netach	bsb10314207	11	Thal .	netach
netfach	bsb10314207	41	Vberwindung .	netfach
netfer	bsb10314207	256	Ziv	netfer
netfibh	bsb11762465	661	Hauff .	netfibh
nethack	bsb11762465	262	Brocken . 2	nethack
nethek	bsb11762465	801	Krek / Reudigkeit .	nethek
nets	bsb11762465	239	Blume .	nets
neurim	bsb11762465	757	Jugende .	neurim
neus	bsb11762465	1072	he Farbe .	neus
neutrum	bsb11762465	669	Heissung .	neutrum
nfchach	bsb11762465	925	Nider .	nfchach
nibba	bsb10314207	254	Zu	nibba
nibhach	bsb11762465	1137	St	nibhach
nica	bsb11762465	821	Lateinisch sprach .	nica
nicham	bsb11762465	552	Ge	nicham
nichbad	bsb10314207	199	Wi	nichbad
nichbha	bsb11762465	1074	Schweren .	nichbha
nichkaph	bsb11762465	195	Beschawen .	nichkaph
nichlam	bsb11762465	195	Be	nichlam
niddah	bsb11762465	240	Weiber .	niddah
nidnah	bsb11762465	1076	Sch	nidnah
nier	bsb11762465	65	Item :	Nier
niets	bsb10314207	65	Vernichtigen .	niets
nifchbah	bsb11762465	534	Gefangen werden .	nifchbah
nifchbar	bsb10314207	222	Zerbrochen .	nifchbar
nifchmar	bsb11762465	1036	Scheuhen .	nifchmar
niftar	bsb10314207	44	Verborgen sein .	niftar
nigah	bsb11762465	429	Es	nigah
niggen	bsb11762465	118	Teſtudineludere .	niggen
nihilum	bsb11762465	925	Nichts .	nihilum
nikaion	bsb10314207	131	Pnschuldt .	nikaion
nikbar	bsb11762465	170	Begraben werden .	nikbar
nikkaion	bsb11762465	495	Frombkeit .	nikkaion
nikleh	bsb10314207	106	Vnehrlich .	nikleh
nilaion	bsb10314207	77	Versuchung .	nilaion
nilcad	bsb11762465	534	Gefangen werden .	nilcad
nilcham	bsb11762465	442	Fa	nilcham
nilum	bsb11762465	925	Nider werffen .	Nilum
nimari	bsb11762465	382	Engstig sein .	nimari
nimchar	bsb10314207	59	Ve	nimchar
nimchats	bsb10314207	82	De	nimchats
nimen	bsb10314207	207	Wolluft .	nimen
nimhar	bsb10314207	108	Vnfürscher .	nimhar
nimlat	bsb11762465	135	kommen .	nimlat
nimum	bsb11762465	100	Angesicht bedecken .	nimum
niolle	bsb10314207	206	Vellus	niolle
niph	bsb11762465	216	Bewegen .	niph
niphtal	bsb11762465	1000	Ringen / Kempffen .	niphtal
nippach	bsb11762465	814	Laben / Ergehen .	nippach
nippafch	bsb11762465	116	Athem holen .	nippafch
nirah	bsb11762465	404	Erscheinen .	nirah
nirch	bsb10314207	135	Vnuerborgen .	nirch
nirdam	bsb11762465	1046	Sch	nirdam
nire	bsb10314207	107	Vneinig sein .	nire
nirtfah	bsb11762465	533	Gefallen .	nirtfah
nirw	bsb11762465	1013	Safft / Feucht .	nirw
nitfabh	bsb11762465	665	Hefft .	nitfabh
nithpas	bsb11762465	534	Gefangen werden .	nithpas
nititabh	bsb11762465	655	Handhaben .	nititabh
nitlah	bsb11762465	529	Gecreußiget werden .	nitlah
nitor	bsb11762465	781	Klarheit .	nitor
nittabh	bsb11762465	93	Amptman .	nittabh
nitſebhi	bsb11762465	984	Rehebocklein .	nitſebhi
nium	bsb11762465	767	Kafteyung .	nium
nixus	bsb11762465	525	Geberung .	nixus
niſchma	bsb11762465	1007	den .	niſchma
noads	bsb10314207	68	Mensch .	noads
noats	bsb10314207	246	Zu Raht gehen .	noats
nobilis	bsb11762465	1008	Rů	nobilis
nobilitare	bsb11762465	1008	Rüchtig machen .	nobilitare
noblesse	bsb11762465	73	Adelkeit .	noblesse
nocph	bsb11762465	348	Ehebrecher .	nocph
nocte	bsb10314207	244	Zu Mitternacht .	nocte
noctefcit	bsb11762465	428	Es wird Abend .	Noctefcit
noctem	bsb11762465	225	Bih in die Nacht .	noctem
noda	bsb10314207	135	Vnuerborgen .	noda
nodah	bsb11762465	72	Adel .	nodah
nofcha	bsb11762465	1088	Seligmacher .	nofcha
nofe	bsb11762465	104	Anfchen .	nofe
nofter	bsb11762465	604	Gottes Sohn .	nofter
noftra	bsb10314207	254	Zu 1	noftra
noftrum	bsb11762465	909	Nach dem Tode .	noftrum
noga	bsb11762465	843	Liecht / helligkeit .	noga
nogah	bsb11762465	59	Abendstern	nogah
nolle	bsb11762465	367	tigkeit .	nolle
nondum	bsb11762465	775	Kinder .	nondum
noph	bsb10314207	256	Ziv	noph
nophonck	bsb11762465	115	Aft / Zweig .	nophonck
norma	bsb10314207	175	Weise .	norma
nosarak	bsb11762465	316	Die flucht geben .	nosarak
nota	bsb11762465	856	Mackel / Flecke .	nota
note	bsb11762465	106	Anzeigung .	note
notetur	bsb11762465	72	Adder / Nater .	Notetur
notfer	bsb11762465	717	Hüter .	notfer
nots	bsb11762465	239	Bl	nots
notulamum	bsb11762465	856	Mackel / Flecke .	notulamum
notum	bsb10314207	201	Wiſſen .	notum
noua	bsb10314207	206	Wo	noua
noui	bsb11762465	922	New Jahr .	noui
nouiffimus	bsb11762465	837	Lekter .	nouiffimus
nouitius	bsb11762465	922	New .	nouitius
nouuelle	bsb11762465	253	Botschafft .	nouuelle
noxa	bsb11762465	1103	Sünde .	noxa
noxam	bsb10314207	50	Vergeben .	noxam
noxia	bsb11762465	1103	Sünde .	noxia
noſtra	bsb11762465	177	bey vnsern zeiten .	noſtra
nthar	bsb11762465	936	Del .	nthar
nticinium	bsb11762465	913	Nacht .	nticinium
ntus	bsb11762465	1021	Schadenhafftiger .	ntus
nubere	bsb11762465	688	Heyrathen / Freyen .	nubere
nubrium	bsb11762465	665	Hefft .	nubrium
nuere	bsb10314207	223	Zerstoffen .	nuere
nukkah	bsb11762465	991	Reinigen .	nukkah
nulli	bsb11762465	659	Hartneckig .	nulli
nutritio	bsb11762465	120	Aufferzihung .	nutritio
nymum	bsb11762465	1022	Schaff .	nymum
obdere	bsb10314207	252	Zuschliessen .	obdere
obducere	bsb10314207	41	Vherziehen .	Obducere
obed	bsb11762465	71	ger .	obed
obedada	bsb11762465	158	Bawr .	obedada-
obfcurite	bsb11762465	466	Finsterniß	obfcurite
obfeffio	bsb11762465	180	Belagerung .	obfeffio
obfidio	bsb11762465	180	Belagerung .	Obfidio
obfignatio	bsb11762465	197	Beschlieffung .	obfignatio
obhel	bsb10314207	221	Zelt .	obhel
obherah	bsb11762465	1071	Schwanger .	obherah
obiicere	bsb11762465	695	Hindern .	obiicere
obita	bsb11762465	909	Nach dem Tode .	obita
obiurare	bsb10314207	66	Verpflichten .	obiurare
obradere	bsb11762465	1020	Schaben ,	obradere
obrurare	bsb10314207	75	Verstopffen .	Obrurare
obryzum	bsb11762465	543	Geleutert Gold .	obryzum
obtendere	bsb11762465	1114	Spannen .	obtendere
obtentum	bsb11762465	384	Entschuldigung .	obtentum
obtingere	bsb11762465	167	Begeben .	obtingere
obtorquere	bsb10314207	93	Vmbwenden .	obtorquere
obtrectatio	bsb11762465	836	Lefterung .	obtrectatio
obtuitus	bsb11762465	100	An	obtuitus
obuelare	bsb10314207	43	Ve	obuelare
obſepire	bsb10314207	90	Vmbgang .	obſepire
obſtrepere	bsb11762465	905	Murren .	obſtrepere
obſtrictus	bsb11762465	533	Gefangen .	obſtrictus
occafion	bsb11762465	102	Anleitung .	occafion
occafus	bsb10314207	47	Paffiue .	occafus
occidere	bsb10314207	222	Bergehen .	occidere
occlufio	bsb11762465	197	Beschlieffung .	occlufio
ocellus	bsb11762465	271	Buch	ocellus
ochaal	bsb11762465	201	Cic . Poffeffor , dominus	ochaal
oculi	bsb10314207	177	Weisse .	oculi
oculis	bsb11762465	668	ben / anzeigen .	oculis
oculorum	bsb11762465	589	Gockeley .	oculorum
oculos	bsb11762465	132	Augen zuthun .	oculos
odeph	bsb10314207	37	Vb	odeph
oder	bsb10314207	228	Zinn .	oder
odfen	bsb11762465	939	Ohr .	odfen
odorare	bsb11762465	555	Ge	odorare
odorari	bsb11762465	555	Ge	odorari
odus	bsb11762465	787	Knopff / Knotte .	.odus
ofchek	bsb10314207	98	Vnbilligkeit .	ofchek
ofcher	bsb11762465	990	Re	ofcher
ofcillum	bsb11762465	905	Mund / odermaul .	ofcillum
offaria	bsb11762465	176	Beinhaus .	offaria
offendere	bsb11762465	1138	Stoffen .	offendere
offendiculi	bsb11762465	391	Ergernis .	Offendiculi
offuciæ	bsb11762465	214	Betriegligkeit .	offuciæ
oftendere	bsb11762465	146	Aufweisen .	oftendere
oftenfum	bsb11762465	742	Jenner .	oftenfum
ofter	bsb11762465	63	Abfragen .	ofter
oftetare	bsb11762465	1084	acht haben .	oftetare
ohebh	bsb11762465	842	Liebhaber .	ohebh
oiebhim	bsb11762465	135	kommen .	oiebhim
oing	bsb11762465	664	Hauhvatter .	oing
oiseux	bsb11762465	63	Ablaffen .	oiseux
okbab	bsb11762465	214	Betriegligkeit .	okbab
okets	bsb11762465	324	Dipffel .	okets
olah	bsb11762465	941	Opffer .	olah
olam	bsb10314207	179	Welt .	olam
olei	bsb11762465	665	Hefen .	olei
olelah	bsb10314207	21	gange Traube .	olelah
olentia	bsb11762465	1000	Ricchung .	olentia
oleom	bsb10314207	141	Volck .	oleom
olere	bsb11762465	555	Ge	olere
olets	bsb11762465	492	Fr	olets
olinier	bsb11762465	936	Delbawm .	olinier
ollam	bsb11762465	98	Anfang der Welt .	ollam
olum	bsb11762465	815	Låger .	olum
oman	bsb11762465	810	Künstler .	oman
omeneth	bsb11762465	1092	Seugam .	omeneth
omer	bsb11762465	273	Bu	omer
omereth	bsb11762465	664	Hebamm .	omereth
omers	bsb11762465	1132	St	omers
omets	bsb11762465	856	Macht / krafft .	omets
omiſſion	bsb11762465	64	Ablassung .	omiſſion
omni	bsb11762465	991	fraw .	omni
omnibus	bsb11762465	374	Geplagt .	omnibus
onagus	bsb10314207	155	Wa	onagus
onah	bsb10314207	218	Zeit .	onah
onefch	bsb11762465	1138	Straff .	onefch
onek	bsb11762465	785	Knabe .	onek
oneratus	bsb11762465	533	Gefangen .	oneratus
onga	bsb11762465	823	Lautter .	onga
oniiah	bsb11762465	1038	Schiff .	oniiah
onne	bsb10314207	88	bawm / Rustbawm .	onne
opacare	bsb11762465	162	Bedecken .	opacare
opeia	bsb11762465	760	Jungfrawschafft .	opeia
operas	bsb11762465	319	Dienstleisten .	operas
operatus	bsb11762465	950	Pfaff	operatus
opes	bsb10314207	65	Vermüglich .	opes
ophe	bsb11762465	162	Becker .	ophe
opheh	bsb11762465	265	Brodbecker .	opheh
ophel	bsb10314207	31	Thurn .	ophel
ophered	bsb11762465	235	Bley .	ophered
ophi	bsb11762465	1061	Schönheit .	ophi
opifex	bsb11762465	1062	Schopffer .	opifex
opifices	bsb11762465	657	Ha	opifices
opificium	bsb11762465	656	Handtwerck .	opificium
opimare	bsb11762465	879	Mesten .	opimare
opiniaftrife	bsb11762465	491	ligkeit .	opiniaftrife
opinio	bsb10314207	202	Wohn / meinung .	Opinio
opinionis	bsb11762465	584	ان	opinionis
oppetere	bsb11762465	747	kommen .	oppetere
oppidi	bsb11762465	1000	mawr .	oppidi
oppilare	bsb10314207	75	Verstopffen .	oppilare
oppletus	bsb10314207	142	Vo	oppletus
opportunite	bsb11762465	102	Anleitung .	opportunite
oppreffus	bsb10314207	27	Truncken .	oppreffus
opprimere	bsb11762465	303	De	opprimere
optimus	bsb11762465	988	Reich / vermågen .	optimus
optio	bsb10314207	212	Wundsch .	optio
opus	bsb11762465	354	Eichbaum .	opus
orach	bsb11762465	256	Brauch .	orach
orationis	bsb11762465	308	Derhalben .	orationis
orbis	bsb10314207	179	Welt .	orbis
orbita	bsb11762465	973	Rad .	orbita
orbitare	bsb11762465	445	Feilen / oder Irren .	orbitare
orchach	bsb10314207	157	Wanderer .	orchach
ordinis	bsb11762465	68	Abtränniger .	ordinis
orechtamim	bsb11762465	818	Langes Leben .	orechtamim
oren	bsb11762465	281	chartanotetur .	oren
oreph	bsb11762465	915	Nack / Genick .	oreph
oris	bsb11762465	664	Haut .	oris
ormah	bsb11762465	214	Betriegligkeit .	ormah
ornare	bsb11762465	179	Bekleiden .	ornare
ornement	bsb10314207	226	Zierd .	ornement
orner	bsb11762465	838	Leuchte / oder Kerke .	orner
orntere	bsb10314207	153	Wagenteif ...	orntere
orts	bsb11762465	276	Bürgermeister .	orts
otam	bsb11762465	960	Pitschierring .	otam
otar	bsb11762465	172	Be	otar
otfar	bsb11762465	1029	Schak .	otfar
otfmah	bsb10314207	215	Banck .	otfmah
other	bsb11762465	1062	Schopffer .	other
otium	bsb11762465	1117	Spielen .	otium
otſem	bsb11762465	856	Macht / krafft .	otſem
otſer	bsb10314207	18	Töpffer .	otſer
oubli	bsb10314207	54	Gall Vergeßligkeit .	oubli
ouid	bsb11762465	340	Dürsten .	Ouid
ouium	bsb11762465	1023	Schaffhirt .	ouium
oumurler	bsb11762465	245	Blocken .	oumurler
ours	bsb11762465	151	Båhr .	ours
ouurer	bsb10314207	199	Wireken .	ouurer
oſebheth	bsb11762465	696	Hinzusehung .	oſebheth
paal	bsb10314207	13	Thun .	paal
paam	bsb11762465	508	Fußstapffen .	paam
paamon	bsb11762465	589	Glocklein .	paamon
paariffar	bsb11762465	1139	ten oder schrifften .	paariffar
pabulum	bsb11762465	508	Futter .	Pabulum
pach	bsb11762465	235	Blech .	pach
pacha	bsb11762465	137	Aufgehen .	pacha
pachad	bsb11762465	202	Be	pachad
pachat	bsb11762465	133	Ausbreiten .	pachat
pachath	bsb11762465	628	Grabe / Grube .	pachath
pacti	bsb11762465	356	Eidtgenof .	pacti
padar	bsb11762465	145	Aufſpreiten .	padar
padats	bsb11762465	1120	Springen .	padats
padfads	bsb11762465	291	Danken .	padfads
pads	bsb11762465	626	Gold .	pads
pafach	bsb11762465	1120	Springen .	pafach
pafceolus	bsb11762465	1078	Sebel .	pafceolus
pafcha	bsb10314207	186	Widerftreiten .	pafcha
pafchar	bsb11762465	139	Auflegen .	pafchar
pafchat	bsb11762465	99	, Angehen .	pafchat
pafcuus	bsb10314207	169	Weide .	pafcuus
paffiue	bsb10314207	54	De	paffiue
paffus	bsb11762465	1063	Schritt .	Paffus
paftor	bsb11762465	1019	Sawhirt .	paftor
paga	bsb10314207	16	To	paga
pagado	bsb10314207	84	Vfer / Gcftadt .	pagado
pagafch	bsb11762465	167	Be	pagafch
pagar	bsb11762465	441	feyn .	pagar
pahahah	bsb10314207	211	Wunden heilen .	pahahah
paistre	bsb11762465	68	Abweiden .	paistre
pakid	bsb10314207	141	Voigt .	pakid
pakidum	bsb11762465	663	Ha	pakidum
palach	bsb10314207	222	Be	palach
palag	bsb10314207	11	Th	palag
palah	bsb10314207	23	Trennen .	palah
palal	bsb11762465	699	Hobelen .	palal
palatium	bsb11762465	946	Pallast .	Palatium
palet	bsb11762465	383	Entlauffen .	palet
pallere	bsb11762465	232	Bleich sein .	Pallere
palliatus	bsb10314207	105	Unterweilen .	palliatus
pallidum	bsb11762465	232	Bleich sein .	pallidum
pallor	bsb11762465	232	Blciche Farbe .	Pallor
palma	bsb11762465	654	Handt .	palma
palpitatio	bsb11762465	1053	Schmeichlerey .	palpitatio
palpum	bsb11762465	1053	Schmeichlerey .	palpum
palæſtina	bsb11762465	757	Judisch lande .	Palæſtina
panaf	bsb10314207	103	Vn	panaf
panah	bsb11762465	103	Anschawen .	panah
panaif	bsb11762465	100	Angesicht bedecken .	panaif
pandere	bsb10314207	12	Thår offenen .	pandere
panim	bsb10314207	68	Mensch .	panim
panis	bsb11762465	263	Brofem .	panis
panne	bsb11762465	449	Fell / Haut .	panne
panum	bsb11762465	794	Kranch / Kranich .	panum
papa	bsb11762465	808	Kugel .	papa
papiliones	bsb10314207	221	Zelt .	papiliones
para	bsb11762465	238	Blosen .	para
parabystum	bsb11762465	208	Beth .	Parabystum
parach	bsb10314207	23	Trennen .	parach
paracletus	bsb10314207	25	Troster .	paracletus
parad	bsb10314207	23	Trennen .	parad
parafch	bsb11762465	176	Briffen .	parafch
parafchah	bsb11762465	139	Auflegung .	parafchah
parah	bsb10314207	151	Wachsen .	parah
parak	bsb10314207	222	Zerreiffen .	parak
param	bsb10314207	222	Zerreiffen .	param
parar	bsb11762465	65	Abschaffen	parar
parare	bsb11762465	581	Gleichen .	parare
paras	bsb11762465	133	Ausbreiten .	paras
parat	bsb10314207	90	Vmbfallen .	parat
parats	bsb10314207	151	Wa	parats
paratus	bsb11762465	540	Gekocht .	paratus
pardes	bsb11762465	517	Garte .	pardes
pare	bsb10314207	249	Zusammen binden	pare
parement	bsb10314207	226	Zierd .	parement
parens	bsb10314207	34	Vatter .	parens
parente	bsb11762465	72	Adel .	parente
parere	bsb11762465	1031	Schedlich fein .	parere
paricha	bsb11762465	589	Gnedig .	paricha-
paries	bsb10314207	156	Wand .	Paries
paris	bsb11762465	1140	Straff / Landtstraf .	Paris
parits	bsb11762465	481	Frech .	parits
parler	bsb11762465	156	Barbarisch .	parler
paroch	bsb11762465	476	Floch .	paroch
parolle	bsb11762465	1120	Sprach .	parolle
paroy	bsb10314207	156	Wand .	paroy
partem	bsb11762465	224	Bif ans Ende .	partem
partir	bsb10314207	224	Zertheilen .	partir
parts	bsb11762465	133	Ausbrechen .	parts
parum	bsb11762465	1066	Schury / Kittel .	parum
parur	bsb10314207	18	Topff / Hafen .	parur
paschabh	bsb11762465	93	Anblasen .	Paschabh
pass	bsb11762465	139	Außleger .	pass
pata	bsb10314207	81	Verwunden .	pata
patach	bsb10314207	12	Thår offenen .	patach
patah	bsb11762465	103	Anreiken .	patah
patal	bsb11762465	67	Abstreiffen .	patal
patar	bsb11762465	139	Außlassen .	patar
patas	bsb10314207	257	ລິ w	patas
patat	bsb10314207	222	Ze	patat
patch	bsb10314207	82	Verzagt .	patch
patenfque	bsb10314207	211	Wunde .	patenfque
pater	bsb10314207	34	Vatter .	Pater
path	bsb11762465	262	Brocken . 2	path
pathach	bsb11762465	261	brechen .	pathach
pathar	bsb11762465	123	Aufflosen .	pathar
pathath	bsb11762465	258	Brechen .	pathath
pati	bsb10314207	56	Vergunnen .	pati
patibu	bsb11762465	1051	Schloß .	patibu-
patikken	bsb11762465	943	Dronen .	patikken
patio	bsb10314207	101	Vnterpfandt .	patio
patisch	bsb11762465	654	Hammer .	patisch
patuach	bsb11762465	937	Offen .	patuach
pauitare	bsb10314207	229	Zitteren .	pauitare
paulo	bsb11762465	1037	Schier / Bey nahe	paulo
pauor	bsb10314207	232	Zitterung .	pauor
paupiere	bsb11762465	131	deckel .	paupiere
paſchat	bsb11762465	147	Ausziehen .	paſchat
paſſart	bsb10314207	157	Wanderer .	paſſart
paſſe	bsb10314207	157	Wanderer .	paſſe
paſſer	bsb11762465	1082	Seigen .	paſſer
peamin	bsb11762465	939	Offt .	peamin
peau	bsb11762465	449	Fell / Haut .	peau
peccata	bsb11762465	174	Beichten / bekennen .	peccata
peccator	bsb11762465	1151	Sunder.c	Peccator
peccatorum	bsb11762465	173	Beicht / bekendtniß .	peccatorum
pecha	bsb10314207	148	Item :	pecha
pechadim	bsb11762465	705	peler .	pechadim
pecham	bsb11762465	788	Kol .	pecham
pecora	bsb10314207	11	Thier .	pecora
pectus	bsb11762465	369	Ein steinern Herk .	pectus
pecus	bsb10314207	140	Vogel .	pecus
pedanium	bsb11762465	507	Banck .	pedanium
peder	bsb11762465	1052	Schmalk .	peder
pedibus	bsb11762465	316	Die flucht geben .	Pedibus
pedicas	bsb11762465	223	Binden .	pedicas
pedicæ	bsb11762465	669	Helden / Fußband .	pedicæ
pedis	bsb11762465	508	Fussole .	pedis
peer	bsb11762465	679	Helm .	peer
pefach	bsb11762465	944	Ostern .	pefach
peffam	bsb10314207	222	Bergehen .	peffam
peffum	bsb10314207	46	Verdammung .	peffum
peffundare	bsb10314207	46	Verdammung .	peffundare
pefilim	bsb11762465	1129	freingrube .	pefilim
peftriffeur	bsb11762465	162	Becker .	peftriffeur
pega	bsb11762465	97	Anfall / anlauffung .	pega
peger	bsb11762465	55	Daß .	peger
pegeretem	bsb11762465	827	Leib ,	pegeretem
peindre	bsb11762465	64	Abmalen .	Peindre
peine	bsb11762465	70	Ack	peine
pekudim	bsb11762465	165	Befehl .	pekudim
pekydah	bsb11762465	958	Pflegerin .	pekydah
pekyddah	bsb10314207	141	Voigtey .	pekyddah
pelach	bsb11762465	262	Brocken . 2	pelach
pele	bsb10314207	212	Wunder ding .	pele
pelech	bsb11762465	1117	Spille .	pelech
peleg	bsb11762465	477	Fluß .	peleg
peles	bsb11762465	236	Bleywage .	peles
peletah	bsb11762465	995	Rettung .	peletah
pellatur	bsb11762465	658	Harffe .	pellatur
pellice	bsb11762465	449	Fell / Haut .	pellice
pelote	bsb11762465	153	Ball .	pelote
pendere	bsb10314207	184	Widerbringen .	pendere
pendre	bsb11762465	95	Item .	pendre
pene	bsb10314207	34	Past / Bey nahe .	pene
penfer	bsb11762465	69	Achten .	penfer
penultima	bsb11762465	577	Glat .	penultima
penuria	bsb11762465	861	Mangel .	penuria
penſator	bsb11762465	289	Danckbar .	penſator
perach	bsb11762465	239	Blume .	perach
perad	bsb11762465	161	Bawrenhoff .	perad
perare	bsb11762465	882	Mi	perare
perc	bsb11762465	481	Frech .	perc
percellere	bsb11762465	405	Er	percellere
perchu	bsb10314207	217	Zaunsteck .	perchu
percuffio	bsb11762465	1048	Schlag .	percuffio
perdere	bsb10314207	54	Vergessen .	perdere
perdix	bsb11762465	972	Rabhun .	Perdix
perdre	bsb11762465	67	Item :	perdre
perdris	bsb11762465	972	Rabhun .	perdris
perducere	bsb10314207	243	Bu	perducere
pere	bsb11762465	102	Annemen .	pere
perech	bsb10314207	58	Verhertung .	perech
pered	bsb11762465	865	Maulesel .	pered
pereh	bsb10314207	155	Wa	pereh
peres	bsb11762465	792	Kot / Dreck .	peres
perfica	bsb11762465	1029	Schak .	Perfica
perficum	bsb11762465	1043	Schildt ,	Perficum
perfum	bsb10314207	74	Verspotten .	Perfum
perha	bsb10314207	137	Vnuermeint .	perha
perifchah	bsb11762465	1024	Scheidung .	perifchah
perir	bsb11762465	67	Ab	perir
perire	bsb11762465	747	kommen .	perire
perit	bsb11762465	56	bendmal .	perit
permulcere	bsb11762465	1090	Senfftigen .	permulcere
permutare	bsb10314207	157	Wandeln .	permutare
peroleth	bsb11762465	1119	Spon .	peroleth
peroth	bsb11762465	628	Grabe / Grube .	peroth
perpetua	bsb11762465	818	Langes Leben .	perpetua
perquam	bsb11762465	818	Lange leben .	perquam
personen	bsb11762465	104	Anfchen .	Personen
perta	bsb11762465	1066	Schulterblat .	perta
perturbas	bsb11762465	211	Be	perturbas
peruaftatio	bsb10314207	57	Verhcerung .	peruaftatio
perudah	bsb11762465	790	Item .	perudah
pesimus	bsb11762465	451	Fersen .	pesimus
pestilens	bsb11762465	950	Pestilenk .	pestilens
peta	bsb10314207	211	Wunde .	peta
petach	bsb10314207	11	Thür ......	petach
petalah	bsb11762465	249	Börcke Rinde .	petalah
petere	bsb10314207	209	Wornach streben .	petere
petha	bsb11762465	82	Als bald .	petha
pethal	bsb11762465	433	Fadem .	pethal
pethen	bsb11762465	1049	Schlang / Edechs .	pethen
pethi	bsb10314207	98	Inbetrieglich .	pethi
peti	bsb11762465	917	Närrisch .	peti
petichoth	bsb11762465	1074	Schwerdt .	petichoth
petil	bsb11762465	1058	Schnur .	petil
petit	bsb11762465	60	Abfallen .	petit
petite	bsb11762465	712	Horn .	petite
peur	bsb11762465	66	Abschrecken .	peur
peíóleth	bsb11762465	445	Feilstaub .	peíóleth
peſcher	bsb11762465	139	Auflegung .	peſcher
peſoleth	bsb11762465	66	lichen dings .	peſoleth
peſſum	bsb10314207	46	Verdammung .	peſſum
pfaff	bsb11762465	968	Pr	Pfaff
pfarherr	bsb11762465	968	Pr	Pfarherr
pfeiler	bsb11762465	1092	Scule .	Pfeiler
phab	bsb10314207	257	ລິ w	phab
phach	bsb11762465	234	Blasen .	phach
phah	bsb10314207	217	Zauberin .	phah
phaim	bsb11762465	1001	Riese .	phaim
phaiph	bsb11762465	865	Matt / Mide .	phaiph
phak	bsb11762465	490	Frewd anzeigen .	phak
phal	bsb11762465	501	Jügen .	phal
phalanx	bsb11762465	249	Bolk / Pfeil .	phalanx
phantasie	bsb11762465	222	Bildung .	phantasie
phapharach	bsb11762465	994	Rencken / Beugen .	phapharach
phar	bsb10314207	221	Zehlen .	phar
pharti	bsb11762465	479	reicher .	pharti
phas	bsb11762465	478	Forschen .	phas
phath	bsb11762465	943	Ordnung .	phath
pheh	bsb11762465	713	Hubsch / Schön .	pheh
phel	bsb10314207	25	Trommet / Posaun .	phel
pher	bsb11762465	757	Jüdenleim .	pher
pherna	bsb11762465	688	Heyrath gut .	pherna
pheth	bsb11762465	348	Ehebrecherin .	pheth
phets	bsb10314207	196	: Will Gott .	phets
phillah	bsb11762465	526	Gebetr .	phillah
philura	bsb11762465	231	Bladt .	Philura
phiongall	bsb11762465	64	Ablassung .	phion.Gall
phiticus	bsb11762465	1137	St	phiticus
phrafium	bsb11762465	290	Dancken .	phrafium
phrah	bsb11762465	496	Fruchtbar machen .	phrah
phthifici	bsb10314207	48	Verdorren .	phthifici
phuchah	bsb10314207	49	Verenderung .	phuchah
phus	bsb11762465	260	Brdutgam .	phus
piach	bsb11762465	133	Ausblasen .	piach
pianoked	bsb10314207	85	Vichhirt .	pianoked
picadina	bsb11762465	1129	freingrube .	picadina
piceus	bsb11762465	336	Dunckel .	piceus
pichch	bsb11762465	1148	wadt .	pichch
pidus	bsb11762465	369	Ei	pidus
piediduth	bsb11762465	487	Freundligkeit .	piediduth
pien	bsb10314207	217	Zaunsteck .	pien
pier	bsb10314207	214	Wurzeln .	pier
pifchteh	bsb10314207	181	Gall . marchandise .	pifchteh
pifcétia	bsb11762465	997	Rew .	pifcétia
piffeach	bsb11762465	693	Hinckender .	piffeach
pifga	bsb11762465	187	B : rg .	pifga
piger	bsb11762465	818	Langsam	piger
pigger	bsb10314207	19	Tråg sein	pigger
pignus	bsb11762465	951	Pfandt .	Pignus
pila	bsb11762465	153	Ball .	Pila
pile	bsb11762465	153	Ball .	pile
pillel	bsb10314207	150	fprechen .	pillel
pillet	bsb11762465	525	Geberen .	pillet
pinari	bsb11762465	787	Kochen .	.pinari
pinchadſak	bsb10314207	58	Verhertet .	pinchadſak
pinea	bsb11762465	464	Fi	Pinea
pingere	bsb11762465	200	Beschuldigen .	pingere
pinguefacere	bsb11762465	496	Fruchtbar machen .	pinguefacere
pinguis	bsb11762465	496	Fruchtbar .	pinguis
pirchath	bsb11762465	775	Kinder .	pirchath
pirdfah	bsb11762465	329	Dorff .	pirdfah
pire	bsb10314207	102	Ba	pire
pisceoumorce	bsb11762465	66	lichen dings .	pisceoumorce-
pithom	bsb10314207	137	Vnuermeint .	pithom
pithron	bsb11762465	139	Auflegung .	pithron
pitis	bsb11762465	156	Barmherzigkeit .	pitis
pittah	bsb10314207	50	Verfüren .	pittah
piſtrinum	bsb11762465	318	feit .	piſtrinum
placare	bsb11762465	941	Opffern .	placare
placenta	bsb11762465	807	Kuche / Labkuche .	Placenta
placentula	bsb11762465	807	Kuche / Labkuche .	placentula
placuerit	bsb10314207	196	: Will Gott .	placuerit
plaftrare	bsb11762465	182	Belken / Propffen	plaftrare
plaftris	bsb11762465	687	Heilen .	plaftris
plaga	bsb11762465	960	Plag / streich .	Plaga
plagas	bsb11762465	694	ftellen .	plagas
plaine	bsb11762465	469	Fl	plaine
plan	bsb10314207	3	Taffel .	plan-
planetas	bsb10314207	254	Zu	planetas
plangere	bsb11762465	686	Trawren .	plangere
planta	bsb11762465	508	Fussole .	Planta
planter	bsb11762465	1082	Seen .	planter
planula	bsb11762465	259	Breit .	planula
planum	bsb11762465	343	Eben .	Planum
plasma	bsb11762465	560	Gefchöpff .	plasma
plastron	bsb11762465	235	Blech .	plastron
plates	bsb11762465	1062	Schopffer .	plates
plator	bsb10314207	67	Verrchter .	plator
plauftraria	bsb11762465	817	Landeſtraß .	plauftraria
plebiscitum	bsb11762465	562	Gesek .	plebiscitum
plectere	bsb11762465	1139	Straffen .	plectere
plecti	bsb11762465	437	Faffen .	plecti
plein	bsb11762465	476	Floch .	plein
plenus	bsb11762465	784	Kl	plenus
plexitas	bsb10314207	81	Verwicklung .	plexitas
plexus	bsb10314207	81	Verwickelt .	plexus
plicare	bsb11762465	706	Hören .	plicare
plin	bsb10314207	151	Wa	Plin
plodere	bsb11762465	274	Bu	plodere
ploratus	bsb11762465	779	Item .	ploratus
plura	bsb10314207	21	Trawren .	plura
plurale	bsb11762465	1120	Sprewer .	plurale
plurali	bsb11762465	669	Heissung .	plurali
pluuoir	bsb11762465	985	Regnen .	pluuoir
poach	bsb11762465	767	Kauchen / Blasen .	poach
poal	bsb10314207	181	Item :	poal
poched	bsb11762465	503	Furchtsam .	poched
poculis	bsb10314207	218	Zechen .	poculis
podex	bsb11762465	694	Hinder .	podex
poena	bsb11762465	948	Pein .	poena
poetas	bsb11762465	663	Ha	Poetas
poetice	bsb10314207	267	Im Winter .	POETICE
poetici	bsb11762465	56	Abend .	POETICI
poetis	bsb11762465	328	Stral .	Poetis
pofcere	bsb11762465	207	Bettelen .	pofcere
pofchea	bsb11762465	68	Abtränniger .	pofchea
poffe	bsb10314207	65	Vermågen .	Poffe
poffidere	bsb11762465	256	Brauchen .	poffidere
pofitione	bsb10314207	88	Vmb .	pofitione
pofitus	bsb10314207	255	Zweiffelhafftig .	pofitus
poft	bsb11762465	134	Au	poft
poing	bsb11762465	441	Faust .	poing
poix	bsb11762465	960	Pich .	poix
polcah	bsb11762465	71	ger .	polcah
polire	bsb11762465	1017	Saubern .	polire
polities	bsb11762465	1018	Saubrigkeit .	polities
pollens	bsb10314207	65	Vermüglich .	pollens
pollex	bsb11762465	297	Daum .	Pollex
pollinarium	bsb11762465	1093	Sibe .	pollinarium
pomme	bsb11762465	107	Apffel .	pomme
ponere	bsb10314207	78	Vertrawen .	ponere
ponit	bsb11762465	557	Gescheffe .	ponit
ponitur	bsb11762465	660	Ha	ponitur
popa	bsb11762465	1052	Schmalk .	popa
porarium	bsb11762465	189	Be	porarium
pore	bsb10314207	266	Im Herbste .	pore
porek	bsb11762465	1088	Seligmacher .	porek
poreuma	bsb10314207	181	Werbung .	poreuma
pori	bsb11762465	496	Fruchtbar .	pori
poribus	bsb11762465	177	bey vnsern zeiten .	poribus
poriiah	bsb11762465	496	Lande .	poriiah
poris	bsb11762465	131	Augenblick .	poris
porratiats	bsb11762465	258	Brechen .	porratiats
porrectus	bsb11762465	817	Lang .	porrectus
portare	bsb11762465	829	Leiden .	portare
porticus	bsb11762465	364	Eingang .	porticus
portiuncula	bsb10314207	11	Thal .	portiuncula
portune	bsb10314207	220	Zeitlich .	portune
posa	bsb10314207	50	Verfaulet .	posa
potare	bsb10314207	218	Zechen .	potare
potch	bsb11762465	637	Groffer werden .	potch
pote	bsb11762465	297	Daum .	pote-
poteffe	bsb10314207	65	Vermågen .	poteffe
poteft	bsb11762465	420	Es	poteft
potens	bsb11762465	867	Mechtig .	Potens
potentia	bsb11762465	867	Mechtigkeit .	Potentia
pother	bsb11762465	139	Außleger .	pother
potu	bsb11762465	341	Durst leschen .	potu
potum	bsb10314207	24	Tr	potum
pouldre	bsb11762465	1127	Staub .	pouldre
poulser	bsb11762465	67	Abstoffen .	poulser
pour	bsb11762465	60	Abermal .	pour
pourplan	bsb11762465	1082	Seen .	pourplan
pourtant	bsb11762465	82	Al	pourtant-
poëta	bsb11762465	313	Dichter .	poëta
poſtomis	bsb11762465	259	brám .	Poſtomis
prabadfak	bsb11762465	237	Blik .	prabadfak
pragmaticus	bsb11762465	656	Ha	pragmaticus
prallere	bsb11762465	1103	Singen .	prallere
prandio	bsb10314207	243	Zu Mittage .	prandio
pratum	bsb10314207	169	Weide .	pratum
precario	bsb11762465	207	Bettelen .	precario
precedenti	bsb11762465	99	, Angehen .	precedenti
precibus	bsb11762465	227	Eitt erhören .	precibus
precii	bsb10314207	159	Warsager .	precii
precipere	bsb11762465	669	Heiffen / Befehlen .	precipere
predire	bsb10314207	254	Zu	predire
predit	bsb11762465	969	Prophet .	predit
preferé	bsb11762465	462	Fürstcher .	preferé
preffus	bsb11762465	925	Nider .	preffus
prehendere	bsb11762465	174	halten .	prehendere
prekach	bsb11762465	294	fupp .	prekach
prelum	bsb11762465	968	Pr	prelum
premendo	bsb11762465	968	Pr	premendo
premere	bsb11762465	334	Drücken .	Premere
premi	bsb11762465	155	seyn .	premi
prendre	bsb11762465	102	Annemen .	prendre
pressen	bsb11762465	334	Dromedari .	Pressen
prest	bsb11762465	189	Be	prest
pretio	bsb11762465	636	Gros achten .	pretio
pretoria	bsb11762465	1140	Straff / Landtstraf .	pretoria
priekod	bsb11762465	384	Enhåndung .	priekod
princeps	bsb11762465	685	Herkog .	princeps
printemps	bsb11762465	879	Meye / Lenk .	printemps
priuata	bsb10314207	202	Widtfraw .	priuata
probitas	bsb11762465	495	Frombkeit .	probitas
procedere	bsb10314207	61	Verlauffen .	procedere
procella	bsb10314207	115	vngewitter .	procella
procerus	bsb11762465	817	Lang .	procerus
procreare	bsb11762465	694	ftellen .	procreare
procul	bsb11762465	451	Fern .	Procul
procus	bsb11762465	272	Buler .	procus
prodigium	bsb10314207	212	Wunder ding .	prodigium
producere	bsb11762465	1092	Seumen	producere
producta	bsb11762465	1129	Steinern pflaster .	producta
profcindere	bsb11762465	117	Auffbrechen .	profcindere
profcri	bsb11762465	376	Elender / Veriagter .	profcri-
profcriptus	bsb10314207	58	Verjagter .	profcriptus
profectio	bsb11762465	993	Reise / Weg .	profectio
profeffio	bsb11762465	178	Bekandtnih .	profeffio
profequi	bsb10314207	100	lieben .	profequi
profluens	bsb11762465	477	Fluß .	profluens
profternere	bsb11762465	925	Nider werffen .	profternere
profugus	bsb11762465	376	Elender / Veriagter .	profugus
progermi	bsb11762465	681	fproffen .	progermi-
proiicere	bsb10314207	181	Werffen .	proiicere
promanare	bsb11762465	681	Herfür quellen .	promanare
promittere	bsb11762465	574	Gewißlich zusagen .	promittere
prompt	bsb11762465	189	Be	prompt
promtuarium	bsb11762465	1036	Scheune / Schewr .	promtuarium
prophanare	bsb10314207	62	Vermackeln .	prophanare
propinquo	bsb11762465	497	Fr	propinquo
propinquus	bsb11762465	1069	Schwager .	propinquus
proprie	bsb11762465	816	Lampe / Kerke .	proprie
prorumpere	bsb11762465	681	Herfür quellen .	prorumpere
protenfus	bsb10314207	178	Weit .	protenfus
proteruia	bsb10314207	111	Ungehorsamkeit .	proteruia
prothyrum	bsb10314207	148	Vorhoff .	prothyrum
protrudere	bsb10314207	90	A	protrudere
proueniens	bsb11762465	539	Ceigig .	proueniens
prouentus	bsb11762465	496	Frucht .	prouentus
prouerbial	bsb11762465	819	Lang vom leib .	prouerbial
prouincia	bsb10314207	141	Voigtey .	prouincia
prouincialis	bsb11762465	93	Amptman .	prouincialis
proſternere	bsb11762465	684	Herunter werffen .	proſternere
prudenſque	bsb11762465	137	Au	prudenſque
prurire	bsb11762465	168	Begierlich sein .	prurire
præbere	bsb11762465	319	Dienstleisten .	præbere
præceps	bsb10314207	108	Vnfürscher .	præceps
præcepta	bsb11762465	563	10. Gebot Gottes .	præcepta
præcordia	bsb11762465	365	Eingeweid .	præcordia
prædico	bsb11762465	969	Prophet .	prædico
præfcribit	bsb10314207	228	Zimmerman .	præfcribit
præfens	bsb11762465	369	Ei	præfens
præfidio	bsb11762465	89	Amethist .	præfidio
præfractus	bsb11762465	491	Freuelich .	præfractus
præful	bsb11762465	968	Prelat .	Præful
prælum	bsb11762465	770	Ke	prælum
præmiis	bsb11762465	850	Lohn geben .	præmiis
præpofitus	bsb11762465	969	Probst .	Præpofitus
præpofterus	bsb10314207	59	Verfert .	præpofterus
prætergredi	bsb10314207	39	Vberschreiten .	prætergredi
prætoris	bsb11762465	999	Richthaus .	prætoris
præuaricari	bsb10314207	40	Vbertretten .	præuaricari
præuidere	bsb10314207	58	Verhüten .	præuidere
præſtrictio	bsb11762465	589	Gockeley .	præſtrictio
ptiale	bsb11762465	257	Brautlauff .	ptiale
ptio	bsb11762465	562	Gesek .	ptio
ptionem	bsb11762465	142	Außreiffen .	ptionem
pucelage	bsb11762465	760	Jungfrawschafft .	pucelage
puces	bsb11762465	476	Floch .	puces
pudefieri	bsb11762465	195	Be	Pudefieri
pudicitia	bsb10314207	236	Zucht / Demuth .	pudicitia
puella	bsb11762465	318	Di	puella
pufilli	bsb11762465	783	Cuminum , cyn i sum .	pufilli
pugna	bsb11762465	765	Ka	pugna
puits	bsb11762465	250	Bo	puits
puitulatum	bsb11762465	543	Geleutert Silber .	Puitulatum
pulari	bsb10314207	45	Verbrennen .	pulari
pulfio	bsb11762465	1048	Schlag .	pulfio
pulmentarius	bsb11762465	905	Muß / Brey .	pulmentarius
pulmo	bsb11762465	854	Lunge .	Pulmo
punchatchak	bsb10314207	209	Wornach streben .	punchatchak
pura	bsb10314207	60	Verklagen .	pura
purah	bsb10314207	19	Creans fibi malum .	purah
purgare	bsb11762465	771	Keren .	purgare
puritas	bsb11762465	781	Klarheit .	puritas
purum	bsb10314207	131	Vnschüldig seyn .	purum
putrefieri	bsb10314207	49	Verfaulen .	putrefieri
pwnchachak	bsb11762465	666	Hefften .	pwnchachak
páchad	bsb11762465	503	Furcht .	páchad
pædagogus	bsb11762465	834	Vnderweiser .	pædagogus
péfa	bsb11762465	1063	Schritt .	péfa
pſeaume	bsb11762465	970	Pfalm .	pſeaume
quafi	bsb11762465	151	Backenftreich .	quafi
quaflatum	bsb10314207	222	Zerbrochen .	quaflatum
quam	bsb11762465	982	Rede ..	quam
quand	bsb11762465	237	Blik .	quand
quando	bsb10314207	40	wechsel .	quando
quanimis	bsb11762465	551	Gerecht .	quanimis
quarti	bsb11762465	710	Holen / Herfordern .	quarti
quati	bsb11762465	161	Beben .	quati
quatitur	bsb11762465	388	Erdtbebung sein .	quatitur
quelq	bsb11762465	66	Abschrecken .	quelq
quelqu	bsb11762465	742	Jemand .	quelqu
quelque	bsb10314207	190	Wie ? Interrogat .	quelque
quem	bsb11762465	803	Kr	quem
quens	bsb11762465	313	Dick .	quens
quentatiuum	bsb11762465	1120	Springen .	quentatiuum
quercus	bsb11762465	354	Eichbaum .	Quercus
quid	bsb11762465	430	Et	quid
quis	bsb11762465	224	Gebif .	quis
quitia	bsb11762465	252	Boßheit .	quitia
quiſe	bsb11762465	68	Abtränniger .	quiſe
quod	bsb10314207	226	Ziegel .	quod
quoque	bsb11762465	152	Bald .	quoque
quum	bsb11762465	343	Eben .	quum
quus	bsb10314207	138	Vnwarhafftig .	quus
quæftio	bsb11762465	973	thun .	quæftio
raad	bsb10314207	229	Zitteren .	raad
raah	bsb10314207	169	Weiden .	raah
raalah	bsb11762465	107	Anzeigung .	raalah
raam	bsb11762465	266	Brummen .	raam
rabad	bsb11762465	209	Bett machen .	rabad
rabb	bsb11762465	882	Mi	rabb
rabbim	bsb11762465	939	Offt .	rabbim
rabh	bsb10314207	85	Viel .	rabh
rabha	bsb10314207	151	Wachsen .	rabha
rabhah	bsb11762465	637	Groffer werden .	rabhah
rabundare	bsb11762465	136	Auffliessen .	rabundare
racchabh	bsb11762465	996	Reuter .	racchabh
raccuth	bsb10314207	168	Weichigkeit .	raccuth
rach	bsb10314207	37	Vberflüßig seyn	rach
racha	bsb11762465	1152	Sundigen .	racha
rachabh	bsb11762465	994	Reuter .	rachabh
rachach	bsb10314207	169	Weich werden .	rachach
rachak	bsb11762465	65	Abschewen haben .	rachak
racham	bsb11762465	758	Jungfrauw .	racham
rachas	bsb10314207	23	Treschen .	rachas
rachatfan	bsb11762465	150	Bader .	rachatfan
rachdach	bsb11762465	110	Afflictæ fortunæ .	rachdach
rachdal	bsb11762465	208	Betteler .	rachdal
rachhalleth	bsb10314207	214	Baghaftig .	rachhalleth
rachil	bsb11762465	75	Affterreder .	rachil
rachok	bsb11762465	451	Fern .	rachok
rachum	bsb11762465	126	Auffschreibung .	rachum
radad	bsb11762465	146	außrecken .	radad
radant	bsb11762465	63	Abfragen .	radant
radaph	bsb10314207	50	Verfolgen .	radaph
radaphalak	bsb11762465	478	Folgen .	radaphalak
radere	bsb11762465	1020	Schaben ,	radere
radfah	bsb11762465	337	Dunne machen .	radfah
radfam	bsb11762465	339	Per ſigna loqui , dicere ,	radfam
radiam	bsb10314207	196	Winek .	radiam
radians	bsb11762465	262	Brennend Fewer .	radians
radiare	bsb11762465	262	Brennen .	radiare
radich	bsb11762465	857	Mager / Dürre .	radich
rads	bsb11762465	536	Geheimnis .	rads
rafch	bsb11762465	810	Kupfferschmidt .	rafch
rafcha	bsb11762465	625	hauffe .	rafcha
rafcham	bsb11762465	106	Anzeichnen .	rafcham
rafche	bsb11762465	505	ten einer Stadt .	rafche
rafchum	bsb11762465	106	Anzeigung .	rafchum
rafen	bsb10314207	210	Wüten .	Rafen
rafender	bsb11762465	1033	Schellig / wütend ,	Rafender
ragads	bsb10314207	229	Zitteren .	ragads
ragal	bsb11762465	75	Aff	ragal
ragam	bsb10314207	74	Versteinigen .	ragam
ragan	bsb11762465	266	Brummen .	ragan
raghan	bsb11762465	905	Murren .	raghan
ragidfdfem	bsb10314207	23	Tr	ragidfdfem
raglaiff	bsb10314207	253	Zu Stuel gehen .	raglaiff
raglau	bsb11762465	1033	Scheiffen .	raglau
ragli	bsb11762465	508	Fußknecht .	ragli
rago	bsb11762465	480	Fraw .	rago
rahat	bsb11762465	822	Item , Lauffen .	rahat
raiah	bsb11762465	271	Buch	raiah
raichim	bsb11762465	529	Gedancke .	raichim
raiim	bsb11762465	895	Mittag .	raiim
raion	bsb11762465	529	Gedancke .	raion
raire	bsb11762465	63	Abfragen .	raire
raisonnable	bsb10314207	66	Vernünfftig .	raisonnable
raka	bsb11762465	133	Ausbreiten .	raka
rakab	bsb11762465	441	Faul seyn .	rakab
rakad	bsb11762465	291	Danken .	rakad
rakia	bsb11762465	690	Himmel .	rakia
rakik	bsb11762465	826	Le	rakik
rakkach	bsb11762465	108	Apotecker .	rakkach
rale	bsb11762465	1115	Speiß .	rale
raliter	bsb11762465	92	Ampt .	raliter
ramab	bsb11762465	249	Bolen .	ramab
ramah	bsb11762465	69	Abwerffen .	ramah
ramentum	bsb11762465	1000	Ricchung .	ramentum
ramonner	bsb11762465	63	ab	ramonner
ramoth	bsb11762465	789	Korell / Krell .	ramoth
ramuth	bsb11762465	703	Hochheit .	ramuth
rapere	bsb11762465	962	Plündern .	rapere
rapha	bsb11762465	115	Arkneyen .	rapha
raphad	bsb10314207	103	Vnterfpreiten .	raphad
rapharap	bsb10314207	26	Tropffen .	rapharap
rapharchagag	bsb10314207	90	Vmbgang .	raphar.chagag
raphas	bsb10314207	224	Zertretten .	raphas
raphsodah	bsb11762465	265	Brücke .	raphsodah
rappeler	bsb11762465	62	Abhalten .	rappeler
rare	bsb10314207	39	Vberschiffen .	rare
rarius	bsb10314207	108	Vnfürscher .	rarius
raser	bsb11762465	63	Abfragen .	raser
ratach	bsb11762465	699	Hikig seyn .	ratach
ratad	bsb11762465	291	Danken .	ratad
ratah	bsb10314207	206	Wo	ratah
rataph	bsb11762465	1153	Suppe / Brühe .	rataph
ratat	bsb11762465	162	Be	ratat
ratch	bsb11762465	162	Be	ratch
ratchara	bsb10314207	47	Mensch .	ratchara
ratfach	bsb10314207	16	To	ratfach
ratfad	bsb11762465	1120	Springen .	ratfad
ratfats	bsb10314207	250	Zusammen ordnen .	ratfats
ratfui	bsb10314207	181	Werth .	ratfui
rathah	bsb11762465	584	ان	rathah
rathamrathak	bsb11762465	223	Binden .	rathamrathak
rathat	bsb11762465	162	Be	rathat
rathuk	bsb11762465	529	Ge	rathuk
ratif	bsb11762465	63	Abfragen .	ratif-
ratio	bsb10314207	58	Verhertung .	ratio
ratione	bsb10314207	66	Vernünfftig .	ratione
rationis	bsb11762465	917	Närrisch .	rationis
rats	bsb11762465	258	Brechen .	rats
rattok	bsb11762465	772	Ketten .	rattok
ratus	bsb10314207	236	Züchtig	ratus
rauach	bsb10314207	178	Weit .	rauach
rauah	bsb10314207	218	Zechen .	rauah
rcbhibhim	bsb11762465	985	Regen .	rcbhibhim
rcchurch	bsb11762465	649	Habe / Gut .	rcchurch
rchah	bsb11762465	764	Kalheit / Kalkopff .	rchah
rcingere	bsb11762465	1001	hen .	rcingere
rdfor	bsb11762465	667	Heilen .	rdfor
rduus	bsb11762465	325	Diftel .	rduus
reablaqueare	bsb11762465	849	Lösen .	reablaqueare
reach	bsb11762465	1000	Ricchung .	reach
readabetet	bsb10314207	232	Zitterung .	readabetet
readah	bsb11762465	1030	Schauderung .	readah
readiungere	bsb10314207	63	Vermehren .	readiungere
reah	bsb11762465	854	Lunge .	reah
reant	bsb11762465	78	Al	reant
rebellio	bsb10314207	111	Ungehorsamkeit .	rebellio
rebh	bsb11762465	276	Bürge .	rebh
reboa	bsb11762465	266	Brüllen .	reboa
reboare	bsb11762465	1025	Schallen / lauten .	reboare
recaluafter	bsb11762465	763	Kal .	recaluafter
recenfio	bsb11762465	401	Erklerung .	recenfio
recenoir	bsb11762465	102	Annemen .	recenoir
rech	bsb11762465	111	Armut .	rech
recha	bsb11762465	252	Boßheit .	recha
rechafim	bsb11762465	187	B : rg .	rechafim
rechaiim	bsb11762465	880	Måle .	rechaiim
rechem	bsb11762465	156	Vårmutter .	rechem
rechen	bsb10314207	105	Vnterzelen .	Rechen
rechercham	bsb11762465	955	Pferdt .	rechercham-
rechobb	bsb11762465	1140	Straff / Landtstraf .	rechobb
rechobh	bsb11762465	523	Gaffe .	rechobh
rechurch	bsb11762465	664	gereth .	rechurch
rechyllah	bsb11762465	549	Be	rechyllah
recidere	bsb10314207	73	Verschwinden .	recidere
recipcatio	bsb10314207	185	Widerkehrung .	recipcatio
recipere	bsb11762465	574	Gewißlich zusagen .	recipere
recludere	bsb11762465	936	Deffnen .	recludere
recoctum	bsb11762465	543	Geleutert Gold .	recoctum
recolligare	bsb11762465	501	Jügen .	recolligare
reconditus	bsb11762465	529	Gedancke .	reconditus
recordari	bsb11762465	365	Eingedenck seyn .	recordari
rectitudo	bsb10314207	142	Volkommenheit .	rectitudo
recto	bsb11762465	379	Enderung .	recto
rectus	bsb10314207	49	Verdunckeln .	rectus
recuruum	bsb11762465	573	Gewelbe .	recuruum
redach	bsb10314207	16	Todtschlag .	redach
reddere	bsb10314207	254	Zu wiſſen thun .	reddere
reden	bsb11762465	1014	Sagen / reden .	Reden
redigere	bsb11762465	262	Bringen .	redigere
reem	bsb11762465	368	Einhorn .	reem
refarcire	bsb11762465	475	Flicken .	refarcire
refcha	bsb11762465	625	Gottlosigkeit .	refcha
refchaphim	bsb11762465	953	Pfeil .	refchaphim
refcheph	bsb11762465	788	Kol .	refcheph
refchet	bsb11762465	433	Fahstricke .	refchet
refcheth	bsb11762465	922	garn .	refcheth
refcire	bsb11762465	875	Mercken .	refcire
refcit	bsb11762465	97	Anfang ,	refcit
refiduus	bsb10314207	38	Vbrig .	refiduus
refifim	bsb10314207	26	Tr	refifim
refignare	bsb11762465	125	Auffschliessen .	refignare
reflectere	bsb11762465	921	Neigen .	reflectere
refoluere	bsb11762465	1054	Schmelzen .	refoluere
refolutio	bsb11762465	453	Feulung / Eyter .	refolutio
refpondre	bsb11762465	106	Antworten .	refpondre
refrigerate	bsb11762465	814	Laben / Ergehen .	refrigerate
reftinguere	bsb11762465	341	Durst leschen .	reftinguere
refubmittere	bsb10314207	103	Vn	refubmittere
refugillare	bsb11762465	1139	ten oder schrifften .	refugillare
refugium	bsb11762465	1044	Schirm / zuflucht .	refugium
refurgere	bsb11762465	129	Auffstehen .	refurgere
refuſer	bsb11762465	65	Item :	refuſer
rega	bsb11762465	131	Augenblick .	rega
regalaam	bsb11762465	197	Beschliessen .	regalaam
regel	bsb11762465	507	Fuß .	regel
reget	bsb11762465	888	Mittel .	reget
regiluth	bsb11762465	75	Affterredung .	regiluth
regio	bsb11762465	960	Plag / streich .	regio
regionum	bsb11762465	375	Elend / Veriagung .	regionum
regis	bsb11762465	809	Sik / Pallaft .	regis
rehmern	bsb11762465	365	Eingeweid .	rehmern
reim	bsb11762465	561	Gesellen .	reim
reindulgere	bsb11762465	566	Gestaltung .	reindulgere
reinftruere	bsb11762465	943	Dronen .	reinftruere
rekah	bsb10314207	174	We	rekah
relaſche	bsb11762465	64	Ablassung .	relaſche
reli	bsb11762465	117	Auffbrechen .	reli-
religio	bsb11762465	578	Glaube .	religio
reliquos	bsb11762465	663	Ha	reliquos
relix	bsb11762465	1087	Selig	relix
remex	bsb11762465	1008	Ruderknecht .	Remex
remigare	bsb11762465	1040	Schiffen .	remigare
remuirere	bsb11762465	266	Brüllen .	remuirere
remunerator	bsb11762465	289	Danckbar .	remunerator
renie	bsb10314207	62	Ve	renie
renier	bsb10314207	62	Ve	renier
rentium	bsb11762465	998	Kh	rentium
repenfatio	bsb10314207	54	Vergeltung .	repenfatio
reph	bsb11762465	491	Freuelich .	reph
repletus	bsb10314207	142	Vo	repletus
report	bsb11762465	75	Affterredung .	report
repre	bsb11762465	101	Anklagung .	repre-
reprobus	bsb11762465	1025	Schalck .	reprobus
reproche	bsb11762465	75	Affterredung .	reproche
reptus	bsb11762465	794	Kranck .	reptus
repudii	bsb11762465	349	Ehe scheidung .	repudii
requies	bsb11762465	1045	Schlaff .	requies
rere	bsb11762465	998	Richten .	rere
reri	bsb10314207	204	Wolthat erzeigen .	reri
rerum	bsb10314207	176	Weiß .	rerum
restitui	bsb11762465	550	Ge	restitui
retaille	bsb11762465	66	lichen dings .	retaille
retaliare	bsb10314207	184	Widerbringen .	retaliare
retfer	bsb11762465	386	Erbfünde .	retfer
reth	bsb11762465	526	Gebetr .	reth
retirer	bsb11762465	62	Abhalten .	retirer
retributio	bsb11762465	408	Erstattung .	retributio
rets	bsb11762465	386	Erdt .	rets
retus	bsb11762465	668	Heimlich gemach .	retus
reuach	bsb10314207	178	Weite .	reuach
reuerti	bsb11762465	133	Ausbleiben .	reuerti
reuocare	bsb11762465	383	Enthalten / meiden .	reuocare
reuocatio	bsb10314207	184	Widerholung .	reuocatio
reuoltement	bsb11762465	60	Item :	reuoltement
rexerare	bsb11762465	146	außrecken .	rexerare
rgads	bsb11762465	778	Kift / Kaft / Truhe .	rgads
rhedam	bsb11762465	994	Rencken / Beugen .	rhedam
rhetor	bsb11762465	984	Redener .	rhetor
rhithion	bsb11762465	162	Becken .	rhithion
riach	bsb11762465	555	Ge	riach
riah	bsb11762465	1121	Stadt .	riah
ribaut	bsb11762465	348	Ehebrecher .	ribaut
ribh	bsb11762465	650	Ha	ribh
ricars	bsb10314207	40	Vbertretten .	ricars
rice	bsb11762465	836	Lefterung .	rice
richaichubh	bsb11762465	704	Hochwirdig .	richaichubh
richas	bsb11762465	589	Gnedig .	richas
richata	bsb11762465	68	Abereiten .	richata
ries	bsb11762465	453	Feulung / Eyter .	ries
rifus	bsb11762465	814	Lachend .	Rifus
rigidus	bsb11762465	666	Hefftig .	rigidus
riiuth	bsb11762465	634	Grimmigkeit .	riiuth
rimmah	bsb11762465	213	Betriegen .	rimmah
rimmal	bsb11762465	214	Betriegen .	rimmal
rinnah	bsb11762465	526	Gebetr .	rinnah
rinnen	bsb11762465	490	Frewd anzeigen .	rinnen
riodus	bsb10314207	90	Vmbgang .	riodus
ripa	bsb10314207	84	Vfer / Gcftadt .	ripa
riphuth	bsb11762465	113	Frkney .	riphuth
ripped	bsb11762465	209	Bett machen .	ripped
ritatem	bsb11762465	124	Auffrecht .	ritatem
ritfpah	bsb11762465	428	Estrich / Bodem .	ritfpah
rith	bsb11762465	273	Bundgenossen .	rith
rits	bsb11762465	1031	Schecher .	rits
ritſpa	bsb11762465	788	Kol .	ritſpa
rium	bsb11762465	770	Ke	rium
robh	bsb11762465	650	Hadern .	robh
robheh	bsb11762465	1068	Schüße .	robheh
roborare	bsb10314207	83	Veftigen .	roborare
robore	bsb11762465	1126	Starck seyn .	robore
robur	bsb11762465	354	Eichbaum .	robur
roch	bsb11762465	460	Fürst .	roch
rochabh	bsb10314207	178	Weite .	rochabh
rochel	bsb11762465	656	Ha	rochel
rofch	bsb11762465	97	Anfang ,	rofch
rofchaf	bsb11762465	280	Cankter .	rofchaf
rofchem	bsb11762465	859	Mal / Brandtmal .	rofchem
rofcho	bsb11762465	295	Abrogare leges ..	rofcho
rofen	bsb11762465	866	Ma	rofen
rofeum	bsb11762465	1004	Rose .	rofeum
rogantia	bsb11762465	193	Berhumung .	rogantia
rogare	bsb11762465	125	Auffschieben .	rogare
rogeds	bsb10314207	232	Zitterung .	rogeds
rogen	bsb11762465	75	Affterreder .	rogen
rogus	bsb11762465	1033	Scheiterhauff .	rogus
rohar	bsb10314207	98	Inbetriegligkeit .	rohar
rokeach	bsb11762465	108	Apotecker .	rokeach
rokem	bsb11762465	250	Vord sticker .	rokem
romach	bsb10314207	18	Tolch .	romach
romana	bsb11762465	821	Lateinisch sprach .	Romana
romeh	bsb11762465	1068	Schüße .	romeh
ronchos	bsb11762465	1055	Schnarchen .	ronchos
rongir	bsb11762465	1022	Sch	rongir
rongneure	bsb11762465	66	lichen dings .	rongneure
ronner	bsb11762465	328	Donnern .	ronner
rophe	bsb11762465	114	Arkt .	.rophe
rorah	bsb11762465	834	Lehr .	rorah
rosarium	bsb11762465	1004	Rose .	rosarium
rotare	bsb10314207	91	Vmbkeren ,	rotare
rotch	bsb11762465	662	Haupt .	rotch
roteach	bsb11762465	1031	Schecher .	roteach
roteh	bsb10314207	196	: Will Gott .	roteh
rotfeach	bsb11762465	898	Morder .	rotfeach
rots	bsb11762465	140	Auslesen .	rots
rotséh	bsb10314207	113	Vngern .	rotséh
rotte	bsb10314207	77	Vertilgen .	rotte
rotundus	bsb10314207	142	Volkommen .	rotundus
roulement	bsb10314207	180	Welkung .	roulement
royal	bsb11762465	1019	Sawhirt .	royal
roſcho	bsb11762465	295	Abrogare leges ..	roſcho
ruach	bsb10314207	118	Ongewitter ...	ruach
rude	bsb11762465	156	Barbarisch .	Rude
ruer	bsb11762465	69	Abwerffen .	ruer
ruere	bsb10314207	73	Verschwinden .	ruere
ruina	bsb11762465	60	Abfall .	ruina
ruma	bsb11762465	342	Du	ruma
rumis	bsb11762465	342	Du	rumis
runtur	bsb11762465	902	Måhle .	runtur
rupes	bsb11762465	449	Felf .	rupes
ruptus	bsb11762465	773	Ke	ruptus
rurfum	bsb11762465	695	Hindersich .	rurfum
rurfus	bsb11762465	695	Hindersich .	rurfus
rutabulum	bsb11762465	149	Backofe .	rutabulum
ruth	bsb11762465	483	Freyheit .	ruth
ryads	bsb11762465	808	Kün .	ryads
rytach	bsb11762465	338	Du	rytach
régel	bsb11762465	508	Fußstapffen .	régel
saledah	bsb10314207	257	Zwilling gebeeren .	saledah
saltus	bsb11762465	1121	Sprung .	Saltus
sanare	bsb11762465	667	Heilen .	Sanare
sanctitudo	bsb11762465	667	Heiligkeit .	Sanctitudo
satelles	bsb11762465	331	Drabant .	Satelles
sauffen	bsb10314207	218	Zechen .	Sauffen
scandalum	bsb11762465	391	Ergernis .	scandalum
sceptrum	bsb11762465	1019	Sawhirt .	Sceptrum
scha	bsb11762465	1036	Schekung .	Scha-
schaafcha	bsb11762465	1117	Spielen .	schaafcha
schaar	bsb11762465	69	Achten .	schaar
schaarathar	bsb10314207	38	Vbrig seyn .	schaarathar
schaat	bsb10314207	41	Ve	schaat
schaats	bsb11762465	383	Enthalten / meiden .	schaats
schalmey	bsb10314207	228	Zinn .	Schalmey
schandt	bsb10314207	106	Vnehr .	Schandt
schedlich	bsb10314207	61	Verleken .	Schedlich
scheker	bsb10314207	93	Vmb sonst .	scheker
scheltwort	bsb11762465	1052	Sch	Scheltwort
scheman	bsb11762465	247	Bo	scheman
schemen	bsb11762465	281	chartanotetur .	schemen
schemes	bsb11762465	855	Lüzel oder wenig .	schemes
schen	bsb11762465	862	Mantel .	schen
schon	bsb10314207	206	Wo	Schon
schuk	bsb11762465	523	Gaffe .	schuk
schuſſel	bsb11762465	1068	Schussel .	Schuſſel
scoia	bsb11762465	654	Hammerschlag .	Scoia
scorpion	bsb11762465	1077	Scorpion .	Scorpion
scripura	bsb11762465	1063	Schreibung .	Scripura
second	bsb11762465	95	Ander .	Second
sector	bsb11762465	64	Item .	sector
sein	bsb10314207	19	Tråg sein	sein
semente	bsb10314207	175	Weinmon .	semente
sene	bsb11762465	1072	Schweigen .	Sene-
seulet	bsb11762465	77	Allein .	Seulet
sich	bsb10314207	100	lieben .	sich
simiolus	bsb11762465	75	Affe .	Simiolus
siuan	bsb11762465	877	Mey / Meymonat .	Siuan
sluth	bsb11762465	440	Fa	sluth
socer	bsb11762465	1069	Schwäher .	Socer
soing	bsb11762465	70	Ack	soing
solis	bsb11762465	1109	fchein .	Solis
somme	bsb11762465	1045	Schlaff .	Somme
sommeil	bsb11762465	1045	Schlaff .	sommeil
somnium	bsb10314207	21	Trawm .	Somnium
sona	bsb11762465	985	Regnen .	Sona
sonette	bsb11762465	589	Glocklein .	Sonette
souffler	bsb11762465	767	Kauchen / Blasen .	Souffler
spectare	bsb11762465	1030	Schawen .	Spectare
speculum	bsb11762465	1116	Spiegel .	Speculum
speenferckel	bsb11762465	1019	Saw .	Speenferckel
spiritus	bsb11762465	608	Go	Spiritus
sprache	bsb10314207	245	Zunge .	Sprache
spuma	bsb11762465	1030	Schaum .	Spuma
spwds	bsb11762465	1033	Schellig / wütend ,	spwds
squama	bsb11762465	1066	Schultheiß .	Squama
starck	bsb10314207	65	Vermüglich .	Starck
sterilis	bsb10314207	110	Vnfruchtbarkeit .	Sterilis
stolis	bsb11762465	1063	Sch	stolis
straffen	bsb11762465	1034	Schelten .	straffen
strepitu	bsb10314207	226	Bi	strepitu
stupa	bsb10314207	181	Gall . marchandise .	Stupa
subſternere	bsb10314207	103	Vnterfpreiten .	Subſternere
sudor	bsb11762465	1070	Schweif .	Sudor
surgere	bsb11762465	129	Bette .	Surgere
suſpendere	bsb11762465	679	PORTICE .	Suſpendere
swiperimus	bsb11762465	72	Adder / Nater .	swiperimus
syllogifmus	bsb11762465	141	Ausrechnung .	Syllogifmus
taabh	bsb10314207	209	Wornach streben .	taabh
taabhah	bsb11762465	855	Luft / begierde .	taabhah
taad	bsb10314207	24	Tritt .	taad
taafah	bsb11762465	168	Begierligkeit .	taafah
taah	bsb11762465	68	Abereiten .	taah
taak	bsb11762465	143	Aufruffen .	taak
taam	bsb10314207	65	Vernunfft .	taam
taan	bsb11762465	179	Zeladen .	taan
taanith	bsb11762465	438	Faftung .	taanith
taaphad	bsb11762465	632	Grempelmarckt .	taaphad
taar	bsb11762465	1035	Schermesfer .	taar
taauah	bsb10314207	212	Wundsch .	taauah
tabbaath	bsb11762465	466	Fingerring .	tabbaath
tabbach	bsb11762465	787	Koch .	tabbach
tabbachim	bsb11762465	807	Küchenmeister .	tabbachim
tabbath	bsb11762465	960	Pitschierring .	tabbath
tabbur	bsb11762465	908	Nabel .	tabbur
tabernaculum	bsb11762465	815	Låger .	tabernaculum
tabh	bsb11762465	106	Anzeichnen .	tabh
tabha	bsb11762465	106	An	tabha
tabhah	bsb11762465	1076	Schwillen .	tabhah
tabhar	bsb11762465	661	hauffen bringen .	tabhar
tabhariagar	bsb10314207	249	Zusaminen halten .	tabhariagar
tabhnith	bsb11762465	222	Bildniß .	tabhnith
tabidi	bsb10314207	48	Verdorren .	tabidi
tabim	bsb11762465	61	Götter .	tabim
table	bsb10314207	3	Taffel .	table
tablette	bsb10314207	3	Taffel .	tablette
tabor	bsb11762465	991	Rein .	tabor
tach	bsb11762465	133	Ausbreiten .	tach
tachabh	bsb11762465	249	Bolen .	tachabh
tachah	bsb11762465	1037	Schiessen .	tachah
tachak	bsb10314207	60	Verlachen .	tachak
tachambre	bsb11762465	1047	heleute .	tachambre
tachanabar	bsb11762465	1126	St	tachanabar
tachath	bsb10314207	103	Vaterseßen .	tachath
tachauiiah	bsb11762465	93	Anbetung .	tachauiiah
tachbulah	bsb11762465	846	Liftigkeit .	tachbulah
tachlit	bsb11762465	378	Endt .	tachlit
tachta	bsb11762465	105	Item :	tachta
tachtahor	bsb11762465	670	Hell / Klar .	tachtahor
tachut	bsb11762465	185	Beredtsamkeit .	tachut
tadah	bsb11762465	694	ftellen .	tadah
tafch	bsb10314207	250	Zusammen ordnen .	tafch
tafchal	bsb11762465	391	Ergern .	tafchal
tagio	bsb11762465	950	Pestilenk .	tagio
tahad	bsb11762465	501	Jügen .	tahad
tahal	bsb11762465	490	Frewd haben .	tahal
tahaphuchah	bsb10314207	79	Verwandlung .	tahaphuchah
tahauah	bsb10314207	239	Zu fuß fallen .	tahauah
taho	bsb11762465	895	Mittag .	taho-
tahor	bsb10314207	96	Vnbefleckt .	tahor
taiid	bsb11762465	1115	Speiß .	taiid
taiim	bsb11762465	508	Fu	taiim
tailler	bsb11762465	62	Ab .	tailler
taiph	bsb11762465	1049	Schleyer .	taiph
taka	bsb10314207	26	Trommeten .	taka
takoa	bsb10314207	25	Trommet / Posaun .	takoa
tala	bsb11762465	693	Hincken .	tala
talach	bsb11762465	1033	tich Gemach .	talach
talaffio	bsb11762465	704	Hochzeit gesang .	talaffio
talah	bsb11762465	95	Item .	talah
talal	bsb11762465	162	Bedecken .	talal
taleh	bsb11762465	816	Lamb .	taleh
tali	bsb11762465	83	Also .	tali
tallioth	bsb10314207	215	Zan .	tallioth
talu	bsb11762465	470	Flecket .	talu
talui	bsb10314207	255	Zweiffelhafftig .	talui
tamach	bsb10314207	104	Vn	tamach
tamad	bsb11762465	101	Anhangen .	tamad
tamah	bsb10314207	124	Vnlauterfeit .	tamah
tamam	bsb10314207	82	Verwundern .	tamam
taman	bsb10314207	43	Ve	taman
tame	bsb11762465	341	Durstig .	tame
tamid	bsb11762465	1133	St	tamid
tamim	bsb10314207	96	Vnbefleckt .	tamim
tammereth	bsb11762465	115	Aft / Zweig .	tammereth
tamorph	bsb11762465	693	Hinde .	tamorph
tamuds	bsb11762465	253	Brachmon .	tamuds
tamun	bsb11762465	668	Heimlich .	tamun
tanah	bsb11762465	107	An	tanah
tandis	bsb11762465	83	M	tandis
tannin	bsb11762465	331	Drach .	tannin
tannur	bsb11762465	149	Backofe .	tannur
tantum	bsb11762465	665	Hefen .	tantum
tanugim	bsb10314207	208	Wollüftc .	tanugim
tapah	bsb11762465	409	Erwarten .	tapah
tapaph	bsb11762465	119	Au	tapaph
tapas	bsb11762465	433	Fahen .	tapas
tapdalah	bsb11762465	476	Flieffen .	tapdalah
taph	bsb10314207	223	Zerſtümpelen .	taph
taphach	bsb11762465	247	Bo	taphach
taphah	bsb11762465	1030	Schawen .	taphah
taphaph	bsb11762465	274	Bu	taphaph
taphar	bsb11762465	475	Flicken .	taphar
taphas	bsb11762465	171	Be	taphas
taphatch	bsb11762465	448	Feift werden .	taphatch
taphel	bsb11762465	101	Anhangen .	taphel
taphia	bsb11762465	792	Kot / Dreck .	taphia
taphiah	bsb11762465	332	Dreck .	taphiah
taphor	bsb11762465	881	linde .	taphor
taphorice	bsb10314207	165	Wegreifen .	taphorice
tapir	bsb11762465	243	Bork .	tapir
tappachath	bsb11762465	937	Delkrug .	tappachath
tappak	bsb10314207	255	Zw	tappak
tappuach	bsb11762465	107	Apffel .	tappuach
tappuchim	bsb11762465	937	Depffel .	tappuchim
taraath	bsb11762465	143	Auffak .	taraath
tarabh	bsb11762465	259	Brennen .	tarabh
tarach	bsb11762465	164	Bedürffen .	tarach
tarafar	bsb11762465	566	Geftalten .	tarafar
tarah	bsb10314207	181	Werffen .	tarah
tarar	bsb11762465	93	Amptman .	tarar
tarbit	bsb10314207	209	Wucher .	tarbit
tard	bsb11762465	146	Aufstoffen .	tard
tarde	bsb11762465	1045	Schlaff .	tarde
tare	bsb10314207	38	Vb	tare
tarebbeth	bsb10314207	212	Wundmal .	tarebbeth
tari	bsb11762465	358	Eilen .	tari
tarim	bsb11762465	632	Grempelmarckt .	tarim
tarua	bsb11762465	144	Auffeniger .	tarua
tate	bsb10314207	60	Verkündigen ,	tate
tath	bsb10314207	222	Ze	tath
tatis	bsb11762465	1000	mawr .	tatis
tator	bsb11762465	834	Vnderweiser .	tator
tats	bsb10314207	223	Zerschleiffen .	tats
tatus	bsb11762465	704	Hochwirdig .	tatus
tauah	bsb11762465	920	Neen .	tauah
tauech	bsb11762465	888	Mittel .	tauech
taurinus	bsb11762465	935	Ochf .	taurinus
tauth	bsb11762465	756	Irrthumb .	tauth
tchoin	bsb11762465	62	Abgrund .	tchoin
teat	bsb10314207	226	Ziegel .	teat
teba	bsb11762465	435	Farb	teba
tebel	bsb10314207	179	Welt .	tebel
tebhah	bsb11762465	778	Kift / Kaft / Truhe .	tebhah
tebhel	bsb11762465	269	Bubenstück .	tebhel
tebhen	bsb11762465	1146	Stuppel .	tebhen
tebhuna	bsb11762465	506	Fürſichtigkeit .	tebhuna
tebhurah	bsb10314207	75	Aftligere lapidum imbri .	tebhurah
tebi	bsb11762465	984	Rehe / Rchebock .	tebi
tebuah	bsb11762465	496	Frucht an Korn .	tebuah
tech	bsb11762465	339	Dürrhcie .	tech
techiach	bsb11762465	781	Klarheit .	techiach
techillah	bsb11762465	97	Anfang ,	techillah
techillath	bsb10314207	144	Vo	techillath
techinnah	bsb11762465	225	1 Bitt .	techinnah
techna	bsb11762465	810	Kunst .	techna
technfuci	bsb11762465	214	Betriegligkeit .	technfuci
techok	bsb10314207	61	Verlachung .	techok
tecte	bsb11762465	668	Aduerbialiter .	tecte
tectum	bsb11762465	663	Hauß	tectum
tedaka	bsb11762465	222	Billigkeit .	tedaka
tefchurah	bsb11762465	509	Gabe .	tefchurah
tegard	bsb11762465	1083	Se	tegard
tegere	bsb10314207	43	Ve	tegere
teha	bsb11762465	357	Eigenschafft .	teha
tehiecor	bsb10314207	27	Truncken .	tehiecor
tehilla	bsb11762465	1032	Schein .	tehilla
tehillah	bsb11762465	577	Glank / Schein .	tehillah
tela	bsb10314207	156	Wand .	tela
telaah	bsb11762465	385	C. Labor , & labosudor	telaah
telem	bsb11762465	71	Ack	telem
teli	bsb11762465	1074	Schwerdt .	teli
telum	bsb11762465	328	Stral .	telum
temah	bsb10314207	62	Vermacklung .	temah
temnere	bsb11762465	929	Nichtachten .	temnere
tempeftate	bsb10314207	254	Zu 1	tempeftate
temperare	bsb10314207	64	Vermischen .	temperare
temperies	bsb11762465	882	Mischung .	temperies
tempore	bsb10314207	266	Im Herbste .	tempore
temporis	bsb10314207	180	Wenn .	temporis
temps	bsb11762465	404	Erndt .	temps
tempus	bsb11762465	134	Au	tempus
temu	bsb10314207	40	wechsel .	temu-
temulentus	bsb11762465	1018	Sa	temulentus
temunah	bsb11762465	222	Bildniß .	temunah
temurah	bsb11762465	379	Enderung .	temurah
tenant	bsb11762465	105	Anstoffig / Nahe .	tenant
tendere	bsb11762465	436	Fahren .	tendere
tene	bsb11762465	789	Korb .	tene
tenebrarum	bsb11762465	670	He	tenebrarum
tenebres	bsb11762465	466	Finsterniß	tenebres
tenebrio	bsb11762465	268	Bub / Lecker .	tenebrio
tenens	bsb11762465	364	Eingedenck .	tenens
tenere	bsb11762465	650	Haben .	tenere
teneri	bsb10314207	255	Zw	teneri
tenet	bsb11762465	772	Ketten .	tenet
tenir	bsb11762465	101	Anhangen .	tenir
tentator	bsb10314207	77	Versucher .	Tentator
tentiam	bsb11762465	552	Ge	tentiam
tentione	bsb10314207	255	Zweiffelhafftig .	tentione
tentum	bsb11762465	872	Menlich scham .	tentum
tenuah	bsb11762465	217	Be	tenuah
tenubhah	bsb11762465	496	Frucht an Korn .	tenubhah
tenue	bsb10314207	206	Vellus	Tenue
tenuem	bsb11762465	337	Dunne machen .	tenuem
tenumah	bsb11762465	1045	Schlaff .	tenumah
tepardea	bsb11762465	495	Frosch .	tepardea
tephilah	bsb11762465	225	1 Bitt .	tephilah
terare	bsb11762465	1072	Item .	terare
tere	bsb10314207	148	Vorkommen .	tere
terent	bsb10314207	218	Zechen .	Terent
tereph	bsb11762465	231	Bladt .	tereph
terephah	bsb11762465	976	Raub .	terephah
terere	bsb11762465	1117	Spielen .	terere
teres	bsb11762465	243	Bork .	teres
teretether	bsb11762465	797	Krank .	teretether
terga	bsb11762465	1093	Si	terga
tergeremark	bsb10314207	201	Wischen . 1	tergere.mark
termittere	bsb11762465	122	Au	termittere
terra	bsb10314207	179	Welt .	terra
terram	bsb11762465	925	Nider werffen .	terram
terre	bsb11762465	69	Abwerffen .	terre
terrenum	bsb11762465	448	Feldt .	terrenum
terrigen	bsb11762465	873	Menschen .	terrigen
teruah	bsb11762465	325	dingen .	teruah
teruphah	bsb11762465	113	Frkney .	teruphah
teta	bsb11762465	771	Keren .	teta
teuachah	bsb11762465	561	Geschrey .	teuachah
texere	bsb11762465	694	ftellen .	texere
teſchubhah	bsb11762465	997	Rew .	teſchubhah
tfallachath	bsb11762465	1068	Schussel .	tfallachath
tfarar	bsb11762465	223	Binden .	tfarar
tfcbh	bsb11762465	385	C. Labor , & labosudor	tfcbh
tfchl	bsb11762465	408	Erstattung .	tfchl
tfechok	bsb11762465	1035	Scherk .	tfechok
tfimeah	bsb11762465	340	Durst .	tfimeah
tfon	bsb11762465	1023	Schaffhirt .	tfon
tforah	bsb11762465	144	Auffeniger .	tforah
thaa	bsb11762465	168	Begierligkeit .	thaa-
thaah	bsb11762465	445	Feilen / oder Irren .	thaah
thach	bsb11762465	143	Aufrupffen .	thach
thachak	bsb11762465	1117	Spielen .	thachak
thaha	bsb10314207	49	Verenderung .	thaha-
thahal	bsb11762465	390	Erfrewet werden .	thahal
thai	bsb11762465	741	Jeger / Weidman .	thai
tham	bsb11762465	438	Fasten .	tham
thamid	bsb11762465	501	Fügung .	thamid
than	bsb10314207	56	Vergunnen .	than
thana	bsb10314207	236	Zuchtig sein .	thana
thaphalat	bsb11762465	994	Ne	thaphalat
thaphon	bsb11762465	930	Nortostwinde .	thaphon
thar	bsb10314207	11	Th	thar
that	bsb11762465	258	Brechen .	that
thea	bsb11762465	526	Gebetr .	thea-
thebu	bsb11762465	785	Klug / Wikig .	thebu
thechukah	bsb11762465	108	Ap	thechukah
theda	bsb11762465	425	wird .	theda
theenah	bsb11762465	444	Felgenbawm .	theenah
theenim	bsb11762465	444	Feige .	theenim
thefch	bsb11762465	895	Mörser .	thefch
thefehubah	bsb10314207	185	Widerkehrung .	thefehubah
theleth	bsb11762465	1004	Ro	theleth
theli	bsb11762465	791	Ko	theli
them	bsb11762465	626	Gold .	them
themed	bsb11762465	501	Fügung .	themed
then	bsb11762465	1069	Schwager .	then
thephirah	bsb10314207	226	Bi	thephirah
theſchubha	bsb11762465	278	Eusse .	theſchubha
thir	bsb11762465	1142	Strom .	thir
this	bsb11762465	369	Einschencker .	this
thoanah	bsb11762465	102	Anleitung .	thoanah
thoch	bsb11762465	846	List .	thoch
thom	bsb10314207	72	Verschlindung .	thom
thor	bsb11762465	823	Lautter .	thor
thoth	bsb11762465	922	garn .	thoth
thresor	bsb11762465	1029	Schak .	thresor
thron	bsb10314207	37	Vb	thron
thuraria	bsb11762465	978	Rauchfaf .	thuraria
thus	bsb11762465	232	Bleich .	thus
tiach	bsb11762465	709	Ho	tiach
tibh	bsb11762465	969	Probst .	tibh
tica	bsb10314207	5	Za	tica
ticam	bsb10314207	131	Vnsinnig .	ticam
ticha	bsb10314207	11	Thal .	ticha
tichri	bsb11762465	681	De	tichri
ticipem	bsb11762465	650	Haben .	ticipem
ticulus	bsb11762465	713	Hügel / Rein .	ticulus
tidhar	bsb10314207	88	bawm / Rustbawm .	tidhar
tieniuth	bsb11762465	1025	Scham / Zucht .	tieniuth
tignificare	bsb11762465	146	Aufweisen .	tignificare
tignum	bsb11762465	529	Gebunden balcken .	tignum
tignus	bsb11762465	529	Gebunden balcken .	tignus
tihar	bsb11762465	991	Reinigen .	tihar
tikken	bsb11762465	189	Be	tikken
tikuah	bsb11762465	1058	Schnur .	tikuah
tikual	bsb11762465	433	Fadem .	tikual
tille	bsb11762465	72	Adel .	tille
tiltel	bsb10314207	73	Verseken .	tiltel
time	bsb11762465	207	Be	time
timmahon	bsb11762465	407	Erstarrung .	timmahon
timme	bsb10314207	62	Vermackeln .	timme
tinah	bsb10314207	122	Vngunst .	tinah
tinentia	bsb11762465	773	Keuschheit .	tinentia
tingere	bsb11762465	1006	Rot ferben .	tingere
tinnah	bsb11762465	770	Kelte .	tinnah
tinno	bsb10314207	3	Tachrinnen .	tinno-
tiofus	bsb11762465	345	Edelgestein .	tiofus
tion	bsb11762465	1022	Schaff .	tion
tione	bsb10314207	72	Verschonen .	tione
tionis	bsb11762465	777	Kirchweihe .	tionis
tipharah	bsb11762465	350	Ehr .	tipharah
tippa	bsb10314207	41	Vherziehen .	tippa
tippah	bsb10314207	56	Vergülden .	tippah
tippefch	bsb11762465	879	Mesten .	tippefch
tipporten	bsb11762465	916	vnd Thieren .	tipporten
tirah	bsb10314207	182	Wespe .	tirah
tire	bsb10314207	72	Verschlinden .	tire
tirofch	bsb11762465	901	Most .	tirofch
titel	bsb11762465	216	Bewegen .	titel
titfith	bsb11762465	250	Bo	titfith
titia	bsb11762465	431	Fabel .	titia
titio	bsb11762465	254	Brandt .	Titio
tits	bsb11762465	239	Blume .	tits
titudo	bsb10314207	131	Pnschuldt .	titudo
tituere	bsb10314207	41	Ve	tituere
tium	bsb11762465	250	belege .	tium
tlachak	bsb11762465	1120	Sp	tlachak
tlamma	bsb11762465	657	Haar .	tlamma
tlar	bsb11762465	379	Eng .	tlar
tleakah	bsb11762465	561	Geschrey .	tleakah
toach	bsb11762465	206	Bestreichen .	toach
toar	bsb11762465	222	Bildniß .	toar
tobah	bsb11762465	495	Frombkeit .	tobah
tobbath	bsb11762465	1058	Sch	tobbath
tobh	bsb11762465	645	Gütig	tobh
tobhah	bsb11762465	633	Gr	tobhah
tobli	bsb11762465	411	Es gefelt mir .	tobli
toch	bsb11762465	214	Betriegligkeit .	toch
tochechah	bsb11762465	1034	Scheltung .	tochechah
todah	bsb11762465	173	Beicht / bekendtniß .	todah
tofchabh	bsb11762465	370	Einwohner .	tofchabh
tofephet	bsb11762465	870	Mchrung .	tofephet
tohar	bsb11762465	451	Fenestra , Jueis , feneſtella ,	tohar
tokea	bsb11762465	276	Bürge .	tokea
tokeph	bsb11762465	1126	Stercke .	tokeph
tolea	bsb11762465	693	Hinckender .	tolea
toleah	bsb10314207	213	Wurım .	toleah
tollere	bsb11762465	665	He	tollere
tomah	bsb10314207	129	Vnfauberkcit .	tomah
tomber	bsb11762465	60	Abfallen .	tomber
tomchelemuth	bsb10314207	142	Volkommenheit .	tomchelemuth
tomim	bsb10314207	257	Zwilling .	tomim
tonare	bsb11762465	328	Donnern .	tonare
tonforius	bsb11762465	1035	Schermesfer .	tonforius
tonftrina	bsb11762465	153	Balbierhaus .	Tonftrina
tonitruare	bsb11762465	328	Donnern .	tonitruare
tonnere	bsb11762465	327	klap .	tonnere
toparchia	bsb10314207	141	Voigtey .	toparchia
toph	bsb11762465	122	Auffkommen .	toph
topher	bsb11762465	920	Neer / Schneider .	topher
toprotractio	bsb11762465	121	Auffhaltung .	toprotractio
toracha	bsb11762465	385	C. Labor , & labosudor	toracha
torah	bsb10314207	102	Vn	torah
torath	bsb11762465	619	ge Schrifft .	torath
torche	bsb11762465	432	Fackel .	torche
torcher	bsb11762465	69	Abwischen .	torcher
torcularis	bsb11762465	770	Ke	torcularis
toris	bsb11762465	906	Mutter Chrifti .	toris
torium	bsb10314207	230	Zinf / Vngelt .	torium
torius	bsb11762465	960	Pitschierring .	torius
torquens	bsb11762465	1110	Sorge .	torquens
torrefacere	bsb11762465	259	Brennen .	torrefacere
torrere	bsb11762465	259	Brennen .	torrere
torris	bsb11762465	254	Brandt .	torris
torum	bsb11762465	918	Na	torum
tota	bsb11762465	747	In der jrre gehen .	tota
totsaah	bsb11762465	137	Aufgang ..	totsaah
toufiours	bsb11762465	430	Ewiglich .	toufiours
tour	bsb10314207	3	Tagen .	tour
tout	bsb11762465	67	Ab	tout
toutes	bsb11762465	80	Alles / alle ding .	toutes
trachalaf	bsb10314207	151	Wachtel	trachalaf
tractare	bsb11762465	1048	Schlagen .	tractare
tractatus	bsb10314207	181	Item :	tractatus
tracteur	bsb11762465	75	Affterreder .	tracteur
tractus	bsb11762465	960	Plag / streich .	tractus
traddik	bsb11762465	551	Gerecht .	traddik
tradere	bsb11762465	165	Be	tradere
traducere	bsb10314207	38	Vb	traducere
tragédfem	bsb11762465	689	De	tragédfem
trahere	bsb10314207	50	Verfüren .	trahere
trama	bsb11762465	370	haben .	Trama
trancher	bsb11762465	62	Ab .	trancher
tranfcribere	bsb11762465	66	Abschreiben .	tranfcribere
tranfuertere	bsb10314207	59	Verkeren .	tranfuertere
tranquillum	bsb11762465	1011	Ruhig machen .	tranquillum
transcriere	bsb11762465	66	Abschreiben .	transcriere
translocare	bsb10314207	73	Verseken .	translocare
tranſponere	bsb10314207	73	Verseken .	Tranſponere
tranſtra	bsb11762465	152	Balck .	tranſtra
traphah	bsb11762465	195	Beschawen .	traphah
trarius	bsb11762465	1051	Schloffer .	trarius
treiben	bsb10314207	24	Tringen .	Treiben
trem	bsb11762465	1071	Schwanger .	trem
tremblement	bsb10314207	232	Zitterung .	tremblement
trembler	bsb10314207	229	Zitteren .	trembler
tremor	bsb11762465	1030	Schauderung .	tremor
trengen	bsb10314207	257	ລິ w	Trengen
trennen	bsb10314207	143	Vo	Trennen
trepidare	bsb11762465	1030	Schaudern .	trepidare
tres	bsb10314207	257	Zwilling .	tres
tresexcel	bsb11762465	463	Fürtreffung .	tresexcel
triba	bsb11762465	1065	Schulmeister .	triba
tribuere	bsb11762465	447	Feyren .	tribuere
tribus	bsb11762465	559	Geschlecht .	tribus
tridens	bsb11762465	509	Gabel .	tridens
trincken	bsb10314207	218	Zechen .	Trincken
tring	bsb11762465	1138	St	tring
tripudium	bsb11762465	291	Dank .	tripudium
triste	bsb11762465	179	Bekümmert seyn .	triste
tritici	bsb11762465	1003	Kogken .	tritici
triticum	bsb10314207	178	Weiße .	Triticum
triufq	bsb11762465	1047	Schlaffkammer .	triufq
triumphator	bsb10314207	41	Vberwinder .	triumphator
trompe	bsb10314207	25	Trommet / Posaun .	trompe
trompette	bsb10314207	25	Trommet / Posaun .	trompette
trop	bsb10314207	253	Zu viel .	trop
trouerfum	bsb11762465	96	Anderst sein .	trouerfum
tructor	bsb11762465	158	Bawmeister .	tructor
truncatus	bsb11762465	566	Gestümmelt .	truncatus
tsaad	bsb11762465	508	Fußstapffen .	tsaad
tsaid	bsb11762465	918	Na	tsaid
tsalah	bsb11762465	340	Dürr machen .	tsalah
tsaphan	bsb10314207	43	Ve	tsaphan
tsaraph	bsb11762465	1054	Schmelzen .	tsaraph
tsiiah	bsb11762465	339	Dürrhcie .	tsiiah
tsuph	bsb11762465	711	Honigfeim .	tsuph
ttabhun	bsb11762465	668	Heimlich .	ttabhun
ttuk	bsb11762465	1048	Schlag .	ttuk
tuam	bsb11762465	429	seyn .	tuam
tuber	bsb11762465	561	Geschwulst .	tuber
tuberculum	bsb11762465	561	Geschwer )	tuberculum
tudo	bsb10314207	142	Volkommenheit .	tudo
tueri	bsb11762465	195	Beschawen .	tueri
tufchiiah	bsb11762465	834	Lehr .	tufchiiah
tulantia	bsb10314207	111	Ungehorsamkeit .	tulantia
tulus	bsb11762465	465	nahmen .	tulus
tumida	bsb10314207	233	Zornig	tumida
tumor	bsb11762465	561	Geschwulst .	Tumor
tumque	bsb11762465	543	Geleutert Gold .	tumque
tumulatio	bsb11762465	171	Begräbnis .	tumulatio
tumulus	bsb11762465	713	Hügel / Rein .	tumulus
tunantibus	bsb11762465	910	nakal .	tunantibus
tuoſus	bsb11762465	275	Bu	tuoſus
tuph	bsb11762465	1006	Note Meer .	tuph
turah	bsb11762465	222	Bildniß .	turah
turba	bsb11762465	665	Heer / Kriegesheer .	turba
turbans	bsb11762465	211	Be	turbans
turbidum	bsb10314207	118	Ongewitter ...	turbidum
turin	bsb11762465	662	Hauptküssen .	turin
turpiffimum	bsb11762465	269	Bubenstück .	turpiffimum
turritus	bsb11762465	699	Hoch .	turritus
tutari	bsb11762465	216	Bewahren .	tutari
tutela	bsb11762465	995	Rettung .	tutela
tutus	bsb11762465	100	An	tutus
tympana	bsb11762465	119	Au	tympana
tympanum	bsb11762465	273	Bunge / Trummel .	Tympanum
tzung	bsb11762465	1036	Schekung .	tzung
táam	bsb11762465	562	Gesek .	táam
táar	bsb11762465	1032	Sch	táar
táchath	bsb11762465	379	Enderung .	táchath
tíabb	bsb11762465	1089	Roßbar .	tíabb
tóbar	bsb11762465	781	Klarheit .	tóbar
tſaodik	bsb11762465	984	Redlicher Mann .	tſaodik
tſechok	bsb11762465	565	Cic . Ludibrium Gefpött , ludificatio .	tſechok
tſedek	bsb11762465	222	Billigkeit .	tſedek
tſelil	bsb11762465	807	Kuche / Labkuche .	tſelil
tſeluchith	bsb11762465	937	Delkrug .	tſeluchith
tſippor	bsb11762465	1115	Sperling / Spak .	tſippor
tſoph	bsb10314207	151	Wa	tſoph
uahabhak	bsb10314207	142	trincken .	uahabhak
uamen	bsb11762465	807	Krumme .	uamen
uanter	bsb11762465	66	Abschrecken .	uanter
uare	bsb11762465	179	Zeladen .	uare
ueftigare	bsb11762465	1153	Suchen .	ueftigare
uerfo	bsb11762465	382	über .	uerfo
uertere	bsb10314207	40	Vbertreffen .	uertere
ufurir	bsb11762465	140	Ausleiher .	ufurir
uicem	bsb11762465	369	tereinander .	uicem
uiditas	bsb11762465	340	Durst .	uiditas
uire	bsb10314207	210	Wüten .	uire
uiuiis	bsb11762465	774	Ketch .	uiuiis
uius	bsb11762465	985	Regen .	uius
ularis	bsb11762465	375	Elend / Veriagung .	ularis
uliebritas	bsb10314207	168	Weichigkeit .	uliebritas
uman	bsb11762465	657	Ha	uman
umonfas	bsb11762465	1008	Ruder .	umonfas
unab	bsb11762465	948	Peinigen .	unab
unautre	bsb11762465	95	Ander .	unautre
uncatus	bsb10314207	223	Zerstumpelt .	uncatus
unculum	bsb11762465	159	Bawrenheußlein .	unculum
underſatz	bsb10314207	104	Vnterſtükung .	Underſatz
unefebue	bsb11762465	244	Bon .	unefebue
unhaim	bsb11762465	99	Angel . Fischhamel .	unhaim
unicornus	bsb11762465	368	Einhorn .	Unicornus
uoluere	bsb10314207	81	Verwickeln .	uoluere
uolus	bsb10314207	121	Vngütig .	uolus
uravoth	bsb11762465	806	Krippe .	uravoth
urious	bsb10314207	99	Vnbilliger .	urious
usexuri	bsb11762465	699	Hikig seyn .	usexuri
uttur	bsb11762465	769	Kele / Gurgel .	.uttur
uulgare	bsb11762465	139	Auffündigen .	uulgare
vacances	bsb11762465	447	Feyertag .	vacances
vacare	bsb11762465	861	Mangelen .	vacare
vache	bsb11762465	814	Kuh	vache
vadum	bsb11762465	507	Furt / Wafferfurt .	Vadum
vagina	bsb11762465	1032	Sch	Vagina
vaillantiſe	bsb11762465	1126	Stercke .	vaillantiſe
vain	bsb11762465	78	Al	vain
vaisseau	bsb11762465	437	Fay / Gefäß .	vaisseau
valens	bsb11762465	867	Mechtig .	valens
valere	bsb10314207	65	Vermågen .	valere
validus	bsb10314207	99	Vnbrüchig .	validus
value	bsb11762465	451	Fenster laden .	Value
vana	bsb10314207	58	Verjagter .	vana
vanitas	bsb11762465	373	tigkeit .	Vanitas
vannus	bsb10314207	213	Wurffschauffel .	vannus
vaporarium	bsb11762465	289	Rauchloch .	Vaporarium
variare	bsb10314207	157	Wandeln .	variare
varie	bsb10314207	255	Zw	varie
variis	bsb10314207	49	Verdunckeln .	variis
varronem	bsb11762465	925	Ni	Varronem
vaſa	bsb11762465	705	peler .	Vaſa
vbaerebh	bsb11762465	500	Frühe vnd spat .	vbaerebh
vbaiiam	bsb10314207	254	Herrschen .	vbaiiam
vber	bsb11762465	342	Du	vber
veau	bsb11762465	763	Kalb .	veau
veautrement	bsb10314207	180	Welkung .	veautrement
vectis	bsb11762465	1114	Sparren .	vectis
veendum	bsb11762465	384	Entlehnen .	veendum
veficam	bsb11762465	267	laffen .	veficam
vefpertino	bsb11762465	500	Frühe vnd spat .	vefpertino
vefpertinum	bsb11762465	428	Es wird Abend .	vefpertinum
veftigia	bsb11762465	508	Fußstapffen .	Veftigia
veftir	bsb11762465	179	Bekleiden .	veftir
vefue	bsb10314207	190	Widwe .	vefue
vehi	bsb11762465	436	Fahren .	Vehi
veine	bsb11762465	74	blutader .	veine
velare	bsb11762465	782	Kleiden .	velare
veluwen	bsb11762465	384	Entschuldigung .	veluwen
velſtipis	bsb11762465	545	Geldt .	velſtipis
venator	bsb11762465	741	Jeger / Weidman .	Venator
venditio	bsb10314207	101	Vnterpfandt .	venditio
venditor	bsb11762465	271	Buchführer .	venditor
veneris	bsb11762465	900	Morgenstern .	Veneris
venire	bsb10314207	59	Ve	venire
vent	bsb11762465	944	Ostwind .	vent
vente	bsb11762465	69	Acht .	vente
ventis	bsb10314207	116	Waffer .	ventis
venumire	bsb10314207	59	Ve	venumire
verberare	bsb11762465	999	Item , Straffen .	verberare
verborum	bsb11762465	650	Ha	verborum
verbum	bsb11762465	502	Fuchf .	verbum
verecundari	bsb10314207	236	Zuchtig sein .	verecundari
verendern	bsb10314207	79	Verwandlen .	Verendern
verere	bsb11762465	771	Keren .	verere
vereri	bsb10314207	236	Zuchtig sein .	vereri
verf	bsb11762465	61	ehren .	verf
verfari	bsb11762465	909	Nahe darbey sein .	verfari
verfu	bsb11762465	769	Keyser .	verfu
verid	bsb11762465	74	blutader .	verid
veris	bsb11762465	879	Meye / Lenk .	veris
verna	bsb11762465	318	Di	verna
vernus	bsb11762465	108	Aprill .	Vernus
verpus	bsb11762465	872	Menlich scham .	verpus
verrinis	bsb11762465	662	Hauptküssen .	Verrinis
vers	bsb10314207	238	Zu .	vers
verus	bsb11762465	551	Gerecht .	verus
verwusten	bsb10314207	210	Wufte machen .	Verwusten
vespa	bsb10314207	182	Wespe .	Vespa
vestibulum	bsb11762465	98	Anfang des Lebens .	vestibulum
veteri	bsb11762465	170	Begraben werden .	veteri
vexare	bsb10314207	50	Verfolgen .	vexare
veſparum	bsb11762465	259	brám .	Veſparum
veſtes	bsb11762465	782	Ponere tunicam .	Veſtes
veſtibus	bsb11762465	782	Kleider anziehen .	veſtibus
veſtire	bsb11762465	391	Erhangen werden .	veſtire
vfitatum	bsb11762465	140	Ausleschen .	vfitatum
vgah	bsb11762465	826	Le	vgah
viam	bsb11762465	235	Blah .	viam
vices	bsb11762465	379	Enderung .	vices
victor	bsb10314207	41	Vberwinder .	Victor
viculus	bsb11762465	523	Gaffe .	viculus
vide	bsb10314207	21	Trawren .	Vide
vidu	bsb11762465	237	Cuius oculi lucis egent .	vidu-
vidua	bsb10314207	190	Widwe .	Vidua
vidulus	bsb11762465	1078	Sebel .	vidulus
vieiliffe	bsb11762465	85	Item :	Vieiliffe
vieill	bsb11762465	87	Alt werden .	vieill
vieille	bsb11762465	87	Alt weib .	vieille
vigneron	bsb10314207	198	Wintermond .	vigneron
vileniu	bsb10314207	124	Vnlauterfeit .	vileniu
villa	bsb11762465	161	Bawrenhoff .	Villa
ville	bsb11762465	663	Hauptstadt .	ville
villula	bsb11762465	161	Bawrenhoff .	villula
villus	bsb11762465	659	Haarig .	Villus
vindex	bsb11762465	981	Recherc	vindex
vini	bsb10314207	27	Truncken .	vini
vipere	bsb11762465	72	Adder / Nater .	vipere
vires	bsb11762465	550	Ge	vires
virga	bsb11762465	1121	Stab .	virga
virginité	bsb11762465	760	Jungfrawschafft .	virginité
virgo	bsb11762465	991	fraw .	virgo
viribus	bsb11762465	1126	Starck seyn .	viribus
viridariu	bsb11762465	517	Garte .	viridariu
viridis	bsb11762465	757	Jugende .	viridis
viro	bsb10314207	202	Widtfraw .	viro
virtus	bsb11762465	495	Frombkeit .	virtus
vital	bsb11762465	824	Lcben .	vital
vitales	bsb11762465	116	Athem holen .	vitales
vitium	bsb11762465	1003	Kogken .	vitium
vitreus	bsb11762465	643	Farbe .	vitreus
vitæ	bsb11762465	98	Anfang des Lebens .	vitæ
viuere	bsb11762465	207	Bettelen .	viuere
viſion	bsb11762465	222	Bildung .	viſion
vlam	bsb10314207	148	Vorhoff .	vlam
vlceribus	bsb11762465	1074	Sch	vlceribus
vltor	bsb11762465	981	Recherc	Vltor
vmbilicus	bsb11762465	908	Nabel .	Vmbilicus
vnanimi	bsb11762465	368	Ei	vnanimi
vnctum	bsb11762465	1052	Schmalk .	vnctum
vnde	bsb10314207	48	Verdorren .	vnde
vngula	bsb11762465	718	Huff .	Vngula
vnmilt	bsb10314207	129	Vusanfft .	vnmilt
voca	bsb11762465	260	Brautgamführer .	voca-
vocant	bsb11762465	764	1 Vogels .	vocant
vocatio	bsb11762465	92	Ampt .	vocatio
voce	bsb11762465	368	Ei	voce
voces	bsb11762465	477	Fluchen .	voces
voire	bsb11762465	577	Glaß .	voire
voix	bsb11762465	1137	St	voix
volage	bsb11762465	469	Item .	volage
volatile	bsb10314207	140	Vogel .	volatile
volck	bsb10314207	141	Volck .	volck
voles	bsb11762465	909	Nahe darbey sein .	voles
vollfloke	bsb11762465	476	Floch .	Vollfloke
volumen	bsb10314207	180	Welkung .	volumen
volunt	bsb11762465	810	Kupffer .	volunt
voluptate	bsb11762465	390	Erfrewet werden .	voluptate
voluptatem	bsb10314207	207	Wolluft haben .	voluptatem
vomir	bsb11762465	632	Gr	vomir
vorago	bsb11762465	62	Abgrund .	vorago
voto	bsb11762465	909	Nahe darbey sein .	voto
votum	bsb10314207	212	Wundsch .	Votum
vrbe	bsb11762465	135	Au	vrbe
vrbem	bsb11762465	1122	Stadt bawen .	vrbem
vrbicula	bsb11762465	1121	Stadt .	vrbicula
vrinale	bsb11762465	267	Brunsscherb .	vrinale
vrinari	bsb11762465	1077	Schwimmen .	vrinari
vrtica	bsb11762465	921	Neffel .	Vrtica
vtenfile	bsb11762465	560	Geschierr .	vtenfile
vterum	bsb11762465	1071	Schwanger .	vterum
vtitur	bsb10314207	201	Wiesel .	vtitur
vtpote	bsb10314207	190	Item .	vtpote
vulgo	bsb11762465	283	Compaß .	vulgo
vulnus	bsb10314207	16	To	vulnus
vulpinari	bsb11762465	502	Fuchf .	vulpinari
vultum	bsb11762465	24	mium	vultum
vultuous	bsb11762465	211	Be	vultuous
vxor	bsb10314207	110	Vnfruchtbarkeit .	vxor
vxorcula	bsb11762465	349	Cheweib .	vxorcula
vxorem	bsb11762465	688	Heyrathen / Freyen .	vxorem
vſuvenire	bsb10314207	184	Wi	vſuvenire
wachach	bsb11762465	358	Eilend .	wachach
wachsendal	bsb10314207	245	Bu	wachsendal
ways	bsb11762465	208	Betteler .	ways
weleth	bsb11762465	573	Gewinn .	weleth
werden	bsb10314207	48	Verdorren .	werden
wider	bsb10314207	184	Wi	Wider
willen	bsb10314207	239	Zu fuß fallen .	willen
witzig	bsb11762465	1033	Schellig / wütend ,	witzig
worten	bsb11762465	1034	Schelten .	worten
wtfiier	bsb11762465	478	Formieren .	wtfiier
xeśven	bsb11762465	657	Haar .	xeśven
xins	bsb10314207	47	Mensch .	xins
yachads	bsb11762465	632	Igneis oculis .	yachads
yaka	bsb11762465	285	Creusigen .	yaka
yatam	bsb11762465	1126	Starck seyn .	yatam
yataph	bsb11762465	179	Bekleiden .	yataph
ychal	bsb11762465	540	Gekocht .	Ychal
ychanan	bsb11762465	1119	Spiken .	Ychanan
yeah	bsb11762465	159	Bawrenheußlein .	yeah
yets	bsb11762465	710	Holk .	yets
yllah	bsb10314207	181	Werbung .	yllah
yrens	bsb10314207	66	Vernünfftig .	yrens
yuis	bsb11762465	68	Abtränniger .	yuis
yurongne	bsb11762465	1018	Sa	yurongne
yéres	bsb11762465	257	Brautbeth .	yéres
zaken	bsb11762465	86	Alter man .	zaken
zinck	bsb10314207	228	Zinn .	Zinck
zona	bsb11762465	250	Item Gürtel .	Zona
zonam	bsb11762465	760	Ju	zonam
æfculus	bsb11762465	354	Eichbaum .	æfculus
æquitas	bsb11762465	551	Gerechtigkeye .	æquitas
æquor	bsb11762465	469	Fl	æquor
æquus	bsb11762465	984	Redlicher Mann .	æquus
ærarius	bsb11762465	804	Kriegsman .	Ærarius
æſtatis	bsb10314207	264	Im Sommer .	æſtatis
óreph	bsb11762465	653	Halfstarrig .	óreph
ſach	bsb11762465	991	Rein .	ſach
ſachar	bsb10314207	177	Weyfi .	ſachar
ſale	bsb11762465	707	Hoff .	ſale
ſanitati	bsb11762465	550	Ge	ſanitati
ſanté	bsb11762465	667	Heil .	ſanté
ſauuage	bsb10314207	155	Wa	ſauuage
ſcale	bsb11762465	1056	Schneckstieg .	ſcale
ſcaphium	bsb11762465	267	Brunsscherb .	ſcaphium
ſcella	bsb11762465	789	Korb .	ſcella
ſcha	bsb10314207	11	Thür ......	ſcha
ſchaabh	bsb11762465	1035	Schepffen .	ſchaabh
ſchaal	bsb11762465	207	Bettelen .	ſchaal
ſchaaph	bsb11762465	168	Begierlich sein .	ſchaaph
ſchabhat	bsb10314207	202	Woch .	ſchabhat
ſchabli	bsb11762465	653	Item :	ſchabli
ſchabuoth	bsb11762465	957	Pfingsten .	ſchabuoth
ſchadah	bsb10314207	81	Verwüsten .	ſchadah
ſchadaiim	bsb11762465	342	Du	ſchadaiim
ſchaed	bsb11762465	929	Nichtachten .	ſchaed
ſchagal	bsb11762465	760	Ju	ſchagal
ſchakad	bsb10314207	150	Wachen .	ſchakad
ſchakak	bsb11762465	536	Gehen .	ſchakak
ſchakats	bsb11762465	430	Et	ſchakats
ſchal	bsb11762465	447	Feyren .	ſchal
ſchalal	bsb11762465	782	Kleider ausziehen .	ſchalal
ſchaluach	bsb11762465	252	Bot .	ſchaluach
ſchama	bsb11762465	537	Ge	ſchama
ſchamaima	bsb10314207	241	Zu Himmel fahren .	ſchamaima
ſchamen	bsb11762465	448	Feift werden .	ſchamen
ſchammah	bsb10314207	57	Verhcerung .	ſchammah
ſchan	bsb11762465	1092	Scule .	ſchan
ſchapel	bsb11762465	925	Nider .	ſchapel
ſchaph	bsb11762465	589	Gockeley .	ſchaph
ſchebet	bsb11762465	1019	Sawhirt .	ſchebet
ſchebhet	bsb11762465	742	Jenner .	ſchebhet
ſchech	bsb10314207	209	Wucher .	ſchech
ſchenah	bsb11762465	1047	Thalamus .	ſchenah
ſchete	bsb11762465	148	Aw	ſchete
ſchimmem	bsb10314207	210	Wufte machen .	ſchimmem
ſchirian	bsb11762465	541	Gelender / Panker .	ſchirian
ſchiti	bsb11762465	419	Es	ſchiti
ſchogeg	bsb11762465	756	Irrende	ſchogeg
ſchon	bsb10314207	245	Zunge .	ſchon
ſchot	bsb11762465	1130	St	ſchot
ſchoter	bsb11762465	331	Drabant .	ſchoter
ſchua	bsb11762465	649	Habe / Gut .	ſchua
ſchuan	bsb10314207	175	Weinmon .	ſchuan
ſchultan	bsb11762465	987	Regiment .	ſchultan
ſciens	bsb11762465	137	Au	ſciens
ſcindere	bsb11762465	1114	Spalten .	ſcindere
ſcirpea	bsb11762465	789	Korb .	ſcirpea
ſcitum	bsb11762465	562	Gesek .	ſcitum
ſciſch	bsb11762465	86	Alter man .	ſciſch
ſcor	bsb11762465	110	Armbrust .	ſcor-
ſcripferunt	bsb11762465	243	Bork .	ſcripferunt
ſecondement	bsb11762465	60	Abermal .	ſecondement
ſeculum	bsb10314207	179	Welt .	ſeculum
ſeparare	bsb11762465	973	Raden .	ſeparare
ſeparer	bsb11762465	65	Abscheiden .	ſeparer
ſepartir	bsb11762465	65	Abscheiden .	ſepartir
ſepher	bsb11762465	315	Die Ehe trennen .	ſepher
ſepto	bsb11762465	806	Krippe .	ſepto
ſequi	bsb10314207	75	Verstehen .	ſequi
ſequipes	bsb11762465	96	Anderthalb schuch .	ſequipes
ſetzen	bsb11762465	1130	St	ſetzen
ſimlatho	bsb11762465	782	Ponere tunicam .	ſimlatho
ſiphun	bsb11762465	1056	Schneckstieg .	ſiphun
ſocius	bsb11762465	356	Eidtgenof .	ſocius
ſoing	bsb11762465	470	Fleaf .	ſoing
ſolaire	bsb11762465	944	Ostwind .	ſolaire
ſpadicus	bsb11762465	1006	Notfarbig .	ſpadicus
ſpeciofitas	bsb11762465	1061	Schönheit .	ſpeciofitas
ſpectare	bsb10314207	209	Wornach streben .	ſpectare
ſpectum	bsb10314207	201	Wiſſen .	ſpectum
ſpelæum	bsb11762465	644	wilden Thier .	ſpelæum
ſpergere	bsb11762465	202	Besprengen .	ſpergere
ſpirare	bsb11762465	190	Be	ſpirare
ſpiſſus	bsb11762465	818	Langsam	ſpiſſus
ſpumula	bsb11762465	1030	Schaum .	ſpumula
ſtabilire	bsb10314207	83	Veftigen .	ſtabilire
ſtal	bsb11762465	286	Cristall .	ſtal
ſtans	bsb11762465	211	Be	ſtans
ſtas	bsb10314207	226	Zierd .	ſtas
ſtella	bsb11762465	900	Morgenstern .	ſtella
ſtellum	bsb11762465	329	Dorff .	ſtellum
ſterben	bsb11762465	67	Ab	ſterben
ſtere	bsb11762465	1093	Sein .	ſtere
ſteriori	bsb10314207	201	Wiesel .	ſteriori
ſtilla	bsb10314207	26	Tr	ſtilla
ſtimulari	bsb11762465	921	ftig seyn .	ſtimulari
ſtinckend	bsb11762465	1126	St	ſtinckend
ſtipare	bsb11762465	288	Dammen .	ſtipare
ſtipendium	bsb11762465	850	lohn .	ſtipendium
ſtips	bsb11762465	545	Geldt .	ſtips
ſtitor	bsb11762465	656	Ha	ſtitor
ſtrages	bsb10314207	16	Todtschlag .	ſtrages
ſtrictor	bsb10314207	217	Ba	ſtrictor
ſtringere	bsb11762465	171	Be	ſtringere
ſtrotos	bsb11762465	428	Estrich / Bodem .	ſtrotos
ſtudioſis	bsb11762465	394	Er	ſtudioſis
ſturbare	bsb11762465	684	Herunter werffen .	ſturbare
ſubligaculum	bsb11762465	1066	Schury / Kittel .	ſubligaculum
ſuggeſtum	bsb11762465	280	Cameel .	ſuggeſtum
ſummo	bsb11762465	636	Gros achten .	ſummo
ſumto	bsb10314207	243	Zu Mittage .	ſumto
